arm,grid,chrom_set,experiment,cell,assay,assay_name,n_bins,mse,gwcorr,gwspear,mseprom,msegene,mseenh,msevar,mse1obs,mse1imp
avg.none,full,all23,C05M17,C05,M17,H3K27me3,121240998,0.986284848817891,0.4310729162451781,0.31725836344797576,5.1145939624768255,1.344451115137278,3.68618406612815,4942.321360448662,59.85205416922387,49.99442283939889
avocado.none,full,all23,C05M17,C05,M17,H3K27me3,121240998,1.1983556867414937,0.28512684130328425,0.21663030807815725,6.015721000075028,1.5992360630056657,5.028959814700888,4975.018449707616,73.96211793692545,54.233868492773226
avocado005.none,full,all23,C05M17,C05,M17,H3K27me3,121240998,2.7852972262490834,0.2195760014367487,0.15406618960775034,8.977781809831164,3.2320214712121005,9.601357225596837,4996.122039388659,79.28875074033891,151.235032284779
avg.none,full,boot0,C05M17,C05,M17,H3K27me3,109250012,1.0006648593562877,0.4372980951913813,0.3065458736342948,5.22259100748654,1.3779008392477095,3.802741060463058,5449.8467098067085,61.64093955730704,51.235518390260644
avocado.none,full,boot0,C05M17,C05,M17,H3K27me3,109250012,1.2043263286703045,0.2897771079536884,0.22937417057766563,6.124091888340933,1.6247240340536746,5.104821838451802,5484.953636619242,76.4802687705822,54.03711464046906
avocado005.none,full,boot0,C05M17,C05,M17,H3K27me3,109250012,2.6862730681718325,0.22542976177807,0.15163322182269298,8.966233862067817,3.1243930085996943,9.552416564750331,5505.667726196064,80.77113912924818,145.21382621572909
avg.none,full,boot1,C05M17,C05,M17,H3K27me3,109208595,0.9004584880337904,0.4487867026400221,0.32372883103656885,3.9742597313326624,1.1335864451995703,3.8028267889861542,125.51857132353669,51.35620675952544,41.716886982464004
avocado.none,full,boot1,C05M17,C05,M17,H3K27me3,109208595,1.1230641756309787,0.2893877094069115,0.2229905011096708,4.929958747864996,1.4013103381787912,5.284760149322056,156.3257618683074,66.02426444173066,47.04166237225936
avocado005.none,full,boot1,C05M17,C05,M17,H3K27me3,109208595,2.7132363716183976,0.22675312208974155,0.1544544181039619,7.727243430938353,3.065407922609422,9.960593447825328,158.78687285324654,70.87664204593612,151.85671974862814
avg.none,full,boot2,C05M17,C05,M17,H3K27me3,109027451,1.0183108728427213,0.43224698804591977,0.31917561606431544,5.290817982790509,1.4077319363870344,3.7823023302219663,5364.215221455541,62.205565070531534,52.45480041799154
avocado.none,full,boot2,C05M17,C05,M17,H3K27me3,109027451,1.2345441494418692,0.2871430465444789,0.22454530664867633,6.204685662611039,1.6677996757210825,5.161896506835633,5398.415170688657,77.08442975312923,56.28795689979436
avocado005.none,full,boot2,C05M17,C05,M17,H3K27me3,109027451,2.922785950421371,0.22091890077983758,0.15676489887009995,9.317904552736866,3.418816481990391,10.062303759557338,5421.0493193914235,82.59600257791746,158.0369016782821
avg.none,full,boot3,C05M17,C05,M17,H3K27me3,109057867,1.0072913986219636,0.42968512081215415,0.32008647311005745,5.1750593188508915,1.373198922554706,3.55758517206998,5424.262316782745,61.377985333523284,51.55461250840466
avocado.none,full,boot3,C05M17,C05,M17,H3K27me3,109057867,1.197935696235449,0.2820459172033663,0.21719445518189753,6.017000402550931,1.6043975456123758,4.71086186035427,5459.260564370599,76.20612312382939,52.08587038575796
avocado005.none,full,boot3,C05M17,C05,M17,H3K27me3,109057867,2.914951125067671,0.2185555068989714,0.15838863736834233,9.147532392786955,3.344986698484243,9.629848811866703,5480.416259549557,81.35428939861083,157.71982185961426
avg.none,full,boot4,C05M17,C05,M17,H3K27me3,108648525,0.9737986531631985,0.43007232185367483,0.32507359187729973,5.161558141529343,1.3474932282898306,3.6725055833887033,5630.056533849039,59.41291534799053,50.1916412225123
avocado.none,full,boot4,C05M17,C05,M17,H3K27me3,108648525,1.1944507124563672,0.2847775079405806,0.2200688288882551,6.067296652183805,1.619132277754195,5.116705075694465,5661.257987969369,72.97050419449035,55.248458072879345
avocado005.none,full,boot4,C05M17,C05,M17,H3K27me3,108648525,2.796406150118074,0.21701073613659194,0.1569027479073801,9.008243449762512,3.258557142615766,9.740191219867247,5685.645917700682,79.12518734847356,151.49947743975866
avg.none,full,boot5,C05M17,C05,M17,H3K27me3,109056943,0.9955639053767437,0.42550624032560175,0.325367335406642,5.214890365184639,1.3778160495861826,3.6570411739138393,5461.35101604179,61.03397626515022,51.20009855756818
avocado.none,full,boot5,C05M17,C05,M17,H3K27me3,109056943,1.2045552604740963,0.28422437281432267,0.21981173808197774,6.068908586869319,1.6336127446860744,4.794659513020234,5493.581685093663,74.58165456154009,55.60251582975926
avocado005.none,full,boot5,C05M17,C05,M17,H3K27me3,109056943,2.766052001839099,0.21863013980577228,0.15558662852641844,9.045474588981687,3.2640589095956782,9.508655039159999,5517.462287688556,80.33276466128744,148.68607421309443
avg.none,full,boot6,C05M17,C05,M17,H3K27me3,109061613,0.9816921115271027,0.4256202295847497,0.32340466287802694,5.181097655158596,1.351576413491136,3.572390444888004,5430.023248239075,59.989166423835236,50.580683069027806
avocado.none,full,boot6,C05M17,C05,M17,H3K27me3,109061613,1.1956143888199933,0.2825576968583793,0.2163138204717031,6.053327800206176,1.6017157162422897,4.934220936013728,5462.610838154013,73.45599988275941,55.99437777262003
avocado005.none,full,boot6,C05M17,C05,M17,H3K27me3,109061613,2.7462152425683284,0.21799237246777345,0.1549417677727727,8.928487703193968,3.1955693979516457,9.336000804517854,5486.199549095423,78.79547460920375,146.89421071589618
avg.none,full,boot7,C05M17,C05,M17,H3K27me3,109047925,0.966793854613102,0.4265164617043817,0.29819457216460177,5.1390015847122426,1.3299156526985094,3.6379495745523895,5609.931932282145,58.55560372471964,48.65054119529195
avocado.none,full,boot7,C05M17,C05,M17,H3K27me3,109047925,1.1626370858297623,0.28959131235786806,0.19814836044895703,5.989526074196456,1.5671422244797002,5.030863354810696,5638.396549756604,71.61704498168105,53.93026528117775
avocado005.none,full,boot7,C05M17,C05,M17,H3K27me3,109047925,2.694169142170958,0.21838193246748663,0.14657015661706607,8.921237874803428,3.1560790726762784,9.056759868620398,5664.370054298627,77.57134454874891,144.85558996928035
avg.none,full,boot8,C05M17,C05,M17,H3K27me3,109595897,1.0427302641668845,0.4338198151343036,0.3241347096872826,5.494183251002316,1.4096146163429373,3.810251258248346,5371.506459008809,63.788443242090445,52.99220749125408
avocado.none,full,boot8,C05M17,C05,M17,H3K27me3,109595897,1.272322673805836,0.2858466329646911,0.21016897556038808,6.47360232054827,1.6806091987885028,5.1947443118407115,5406.368590852472,78.7823234715634,57.74104565394057
avocado005.none,full,boot8,C05M17,C05,M17,H3K27me3,109595897,2.902424325547268,0.2200601721027331,0.1564460436504038,9.538673602204696,3.3322707258088227,9.854011516284896,5428.8655522818835,84.0393846258698,155.21589311743338
avg.none,full,boot9,C05M17,C05,M17,H3K27me3,109214154,0.9753351119788362,0.4218626646866153,0.30661294378520004,5.2671527263824585,1.3323154952442051,3.5662158648177034,5503.353816960232,58.94492385432469,49.20951482214925
avocado.none,full,boot9,C05M17,C05,M17,H3K27me3,109214154,1.1938338313972843,0.27821882015075194,0.207306202920597,6.2087540765634,1.5892000058381597,4.9604379715292835,5535.571559486461,72.15255035419186,54.79818821947408
avocado005.none,full,boot9,C05M17,C05,M17,H3K27me3,109214154,2.710335446582906,0.21249356786233317,0.14946799657859774,9.142644974533923,3.156460355867973,9.29442179778277,5559.219548938352,77.13829935291736,146.57721020484152
candi.none,common,all23,C05M17,C05,M17,H3K27me3,121240975,1.1554335415766692,0.21331226720361496,0.3062816690590081,6.447477078651005,1.576838426413649,4.870201731737642,5094.419978699413,92.7358044648575,33.860548831334874
candi.tcfloor,common,all23,C05M17,C05,M17,H3K27me3,121240975,1.0011324525375287,0.42556295512134945,0.33427848142228267,5.453654697155051,1.373679651744667,3.8910445013326553,5025.455919778205,74.90853115806573,55.72942538417379
avg.none,common,all23,C05M17,C05,M17,H3K27me3,121240975,0.9862850359209024,0.43107289688426653,0.31725797413602386,5.1145939624768255,1.344451115137278,3.68618406612815,4942.321360448662,59.85205416922387,49.99442283939889
avocado.none,common,all23,C05M17,C05,M17,H3K27me3,121240975,1.1983559136615736,0.28512682106729,0.2166298764168411,6.015721000075028,1.5992360630056657,5.028959814700888,4975.018449707616,73.96211793692545,54.233868492773226
candi.none,common,boot0,C05M17,C05,M17,H3K27me3,109249991,1.1881568956311932,0.21166397280715768,0.29423827425883525,6.6167715346676905,1.633990904779768,5.113001250330567,5613.842501060708,95.47411423261376,34.57977166506596
candi.tcfloor,common,boot0,C05M17,C05,M17,H3K27me3,109249991,1.0276320335813474,0.4306915924684204,0.32295840686771615,5.593756703662345,1.4221689689172725,4.079664085053166,5539.90984179505,77.22955836339095,57.8085059551448
avg.none,common,boot0,C05M17,C05,M17,H3K27me3,109249991,1.000665051703782,0.43729807572808754,0.3065454731048777,5.22259100748654,1.3779008392477095,3.802741060463058,5449.8467098067085,61.64099520483036,51.235565258949514
avocado.none,common,boot0,C05M17,C05,M17,H3K27me3,109249991,1.2043265597668753,0.289777087604292,0.2293737429228827,6.124091888340933,1.6247240340536746,5.104821838451802,5484.953636619242,76.48033388309601,54.03716126902084
candi.none,common,boot1,C05M17,C05,M17,H3K27me3,109208574,1.0740500173538403,0.2255779207500878,0.31360120064642993,5.372638475648177,1.3701681983465277,5.083012776307845,193.42101321375443,83.96203150755363,34.64698316643901
candi.tcfloor,common,boot1,C05M17,C05,M17,H3K27me3,109208574,0.9198372049423723,0.4433138678080449,0.34074315601065663,4.3566213397144935,1.1677400500418629,4.0629143533236025,158.1590947274144,66.2958072734083,48.24060067778876
avg.none,common,boot1,C05M17,C05,M17,H3K27me3,109208574,0.9004586611852889,0.44878668233272384,0.32372844015488406,3.9742597313326624,1.1335864451995703,3.8028267889861542,125.51857132353669,51.35620675952544,41.716886982464004
avocado.none,common,boot1,C05M17,C05,M17,H3K27me3,109208574,1.1230643911497358,0.2893876877866387,0.22299006724658063,4.929958747864996,1.4013103381787912,5.284760149322056,156.3257618683074,66.02426444173066,47.04166237225936
candi.none,common,boot2,C05M17,C05,M17,H3K27me3,109027430,1.1939833335693484,0.21333016837912086,0.30807229973634526,6.64653956086288,1.646911954278917,5.001382948778805,5525.875475446916,96.5571249406796,34.93518939122545
candi.tcfloor,common,boot2,C05M17,C05,M17,H3K27me3,109027430,1.0331777487814773,0.42689610035406444,0.3364117109498744,5.629776661920148,1.4362030727538604,3.9879508482900725,5452.864724204822,77.96566568270353,58.32166007500383
avg.none,common,boot2,C05M17,C05,M17,H3K27me3,109027430,1.0183110689816959,0.43224696895321296,0.31917522187786795,5.290817982790509,1.4077319363870344,3.7823023302219663,5364.215221455541,62.205565070531534,52.45480041799154
avocado.none,common,boot2,C05M17,C05,M17,H3K27me3,109027430,1.2345443868988695,0.2871430261984077,0.22454486489217712,6.204685662611039,1.6677996757210825,5.161896506835633,5398.415170688657,77.08442975312923,56.28795689979436
candi.none,common,boot3,C05M17,C05,M17,H3K27me3,109057846,1.175668789303332,0.21105513989329072,0.30789001927551196,6.4918402155730375,1.6088639705097745,4.605158826382376,5586.364084225447,94.96549029868446,34.152767333984954
candi.tcfloor,common,boot3,C05M17,C05,M17,H3K27me3,109057846,1.018875366199347,0.4236234217612216,0.3368857799283034,5.501937033196025,1.4013892785656057,3.692701791783626,5513.234968954667,76.74641048042056,57.017872570142444
avg.none,common,boot3,C05M17,C05,M17,H3K27me3,109057846,1.0072915925843435,0.42968510159518164,0.32008607949844053,5.1750593188508915,1.373198922554706,3.55758517206998,5424.262316782745,61.377985333523284,51.55461250840466
avocado.none,common,boot3,C05M17,C05,M17,H3K27me3,109057846,1.1979359264486933,0.28204589558970516,0.21719401893491683,6.017000402550931,1.6043975456123758,4.71086186035427,5459.260564370599,76.20612312382939,52.08587038575796
candi.none,common,boot4,C05M17,C05,M17,H3K27me3,108648504,1.136331563488398,0.2119064907322149,0.31519320685769586,6.5210990045333,1.5846241172308155,4.836715134309822,5791.696523389634,91.69462397967985,32.92177123644757
candi.tcfloor,common,boot4,C05M17,C05,M17,H3K27me3,108648504,0.9853562955234475,0.42377733550982716,0.3430555863812817,5.526765349744149,1.380468906031012,3.8604470427322712,5719.059716292961,74.14717860123666,55.50311147330344
avg.none,common,boot4,C05M17,C05,M17,H3K27me3,108648504,0.973798841382741,0.4300723027272334,0.32507319958122194,5.161558141529343,1.3474932282898306,3.6725055833887033,5630.056533849039,59.41291534799053,50.1916412225123
avocado.none,common,boot4,C05M17,C05,M17,H3K27me3,108648504,1.1944509429122119,0.2847774882591145,0.2200683931109674,6.067296652183805,1.619132277754195,5.116705075694465,5661.257987969369,72.97050419449035,55.248458072879345
candi.none,common,boot5,C05M17,C05,M17,H3K27me3,109056922,1.1586827329178222,0.212112054673018,0.31712385802046417,6.497498866757769,1.607577643591183,4.781906730845863,5622.861580905377,93.427432391415,33.21405577016253
candi.tcfloor,common,boot5,C05M17,C05,M17,H3K27me3,109056922,1.0079539743325248,0.42045721781013545,0.3439154375033637,5.5300735439375455,1.4048948865537487,3.8291352132502166,5550.220775545232,75.9198290078127,56.65009455402717
avg.none,common,boot5,C05M17,C05,M17,H3K27me3,109056922,0.9955640970825211,0.4255062209174951,0.3253669448077762,5.214890365184639,1.3778160495861826,3.6570411739138393,5461.35101604179,61.03397626515022,51.20009855756818
avocado.none,common,boot5,C05M17,C05,M17,H3K27me3,109056922,1.2045554919891723,0.284224353079221,0.21981130365184526,6.068908586869319,1.6336127446860744,4.794659513020234,5493.581685093663,74.58165456154009,55.60251582975926
candi.none,common,boot6,C05M17,C05,M17,H3K27me3,109061592,1.1393038219678708,0.2136965710221795,0.31422159812649303,6.372494435443853,1.56072483350202,4.6963187891711184,5590.173242245363,92.02142981098652,33.5444904767316
candi.tcfloor,common,boot6,C05M17,C05,M17,H3K27me3,109061592,0.9903758295355909,0.4208785246709855,0.3416037316897922,5.450839832234791,1.3681082640858842,3.749874263707364,5518.008893357052,74.62985019060986,55.75677077691224
avg.none,common,boot6,C05M17,C05,M17,H3K27me3,109061592,0.9816923005536332,0.42562021022952884,0.32340427113193043,5.181097655158596,1.351576413491136,3.572390444888004,5430.023248239075,59.989166423835236,50.58072934928141
avocado.none,common,boot6,C05M17,C05,M17,H3K27me3,109061592,1.1956146186520684,0.2825576770780845,0.21631338380773824,6.053327800206176,1.6017157162422897,4.934220936013728,5462.610838154013,73.45599988275941,55.99437777262003
candi.none,common,boot7,C05M17,C05,M17,H3K27me3,109047905,1.126089400195387,0.20908652500767708,0.2862569827118942,6.425208283204794,1.5522260091569473,4.869726617237953,5766.832617896637,90.02085527141335,31.85223765365077
candi.tcfloor,common,boot7,C05M17,C05,M17,H3K27me3,109047905,0.9778291996475246,0.4208205909083918,0.31462924123555897,5.452686249051533,1.355446710927509,3.878237952803093,5696.571500312909,72.85042194617402,53.769496973265184
avg.none,common,boot7,C05M17,C05,M17,H3K27me3,109047905,0.9667940319285404,0.42651644248066767,0.29819418535480247,5.1390015847122426,1.3299156526985094,3.6379495745523895,5609.931932282145,58.55560372471964,48.65054119529195
avocado.none,common,boot7,C05M17,C05,M17,H3K27me3,109047905,1.162637298619717,0.2895912925530283,0.19814793116440102,5.989526074196456,1.5671422244797002,5.030863354810696,5638.396549756604,71.61704498168105,53.93026528117775
candi.none,common,boot8,C05M17,C05,M17,H3K27me3,109595876,1.230831301275623,0.21317698237027377,0.3097849597459509,6.955727816657812,1.6612015384686218,5.061135548496351,5535.529049630143,98.88255885816258,35.649191338538586
candi.tcfloor,common,boot8,C05M17,C05,M17,H3K27me3,109595876,1.0649129644008315,0.42826123435739344,0.3389484290062583,5.890214670638826,1.4471595082660205,4.048487901441828,5461.372591893376,79.94112076065855,59.570459903790706
avg.none,common,boot8,C05M17,C05,M17,H3K27me3,109595876,1.04273046396761,0.4338197955814507,0.32413432054761326,5.494183251002316,1.4096146163429373,3.810251258248346,5371.506459008809,63.788443242090445,52.99220749125408
avocado.none,common,boot8,C05M17,C05,M17,H3K27me3,109595876,1.2723229172037918,0.2858466123177939,0.21016853459904553,6.47360232054827,1.6806091987885028,5.1947443118407115,5406.368590852472,78.7823234715634,57.74104565394057
candi.none,common,boot9,C05M17,C05,M17,H3K27me3,109214135,1.1308925448212015,0.21193001273995216,0.2955702468091195,6.552489630860612,1.5382656890192126,4.656717300043395,5663.09043071172,90.00081610238814,33.135986469325324
candi.tcfloor,common,boot9,C05M17,C05,M17,H3K27me3,109214135,0.9850959274918822,0.4175814070797835,0.3231171582919326,5.580441253696902,1.349690181373873,3.722957535921481,5591.227953626883,73.0760289277244,54.324592550919675
avg.none,common,boot9,C05M17,C05,M17,H3K27me3,109214135,0.9753352816580368,0.4218626458999358,0.3066125813123482,5.2671527263824585,1.3323154952442051,3.5662158648177034,5503.353816960232,58.94492385432469,49.20951482214925
avocado.none,common,boot9,C05M17,C05,M17,H3K27me3,109214135,1.1938340386497195,0.2782188012701193,0.2073058037981847,6.2087540765634,1.5892000058381597,4.9604379715292835,5535.571559486461,72.15255035419186,54.79818821947408
avg.none,full,all23,C05M18,C05,M18,H3K36me3,121240998,0.6789862111076939,0.49456365334571006,0.3917381218790921,1.2014012571262342,1.0966437175468677,0.6248268935384629,1403.8772053343553,31.194273533707758,14.52166770422754
avocado.none,full,all23,C05M18,C05,M18,H3K36me3,121240998,0.7686277864855866,0.43630479407107375,0.30448877666725666,1.3684554115651402,1.2582822802895057,0.716765115717797,1406.9640373603188,35.776037257001704,20.430983909398087
avocado005.none,full,all23,C05M18,C05,M18,H3K36me3,121240998,1.0697117276224088,0.3466275901491976,0.3073514318187729,1.913120714169712,1.7806036743430484,1.8550985616342388,1424.674054116037,48.262161011836334,46.638928519514295
avg.none,full,boot0,C05M18,C05,M18,H3K36me3,109250012,0.6799255632469043,0.49148247229567094,0.379292935825632,1.245336390279179,1.0947686684061124,0.6292442458721613,1572.5267731883832,32.100452873244286,14.146725595847547
avocado.none,full,boot0,C05M18,C05,M18,H3K36me3,109250012,0.7674940969924683,0.4336742469179124,0.31294443040753256,1.4107820457738043,1.2550618210853766,0.7097653864371909,1575.7067851948389,36.61356320031813,19.617704743308447
avocado005.none,full,boot0,C05M18,C05,M18,H3K36me3,109250012,1.056525708389445,0.34365866211980306,0.2960745893504761,1.9260838265684306,1.7480367361385851,1.9977789239017907,1594.4364043428893,49.06902789787051,44.99933469561536
avg.none,full,boot1,C05M18,C05,M18,H3K36me3,109208595,0.5901826934495714,0.51207831371227,0.3951484561024753,0.9110966728901918,0.9747410972483389,0.6387397750988654,13.438586431819473,23.226954551114783,13.931283397875395
avocado.none,full,boot1,C05M18,C05,M18,H3K36me3,109208595,0.6889396216710459,0.45018863162002126,0.3088681683983983,1.0830119181278282,1.1541398410623058,0.7398045946924618,15.99399537963537,27.52312108806088,20.285301414602365
avocado005.none,full,boot1,C05M18,C05,M18,H3K36me3,109208595,0.9648129784013413,0.3550858377471216,0.3084890137281508,1.5876792095059007,1.6325166682765009,2.0077345836986975,23.5673912804656,39.683343504091525,44.634368070946216
avg.none,full,boot2,C05M18,C05,M18,H3K36me3,109027451,0.6891036671953668,0.49738524101230824,0.3937252928142224,1.2099370893156685,1.117721093241349,0.6096631494816225,1534.0528906539844,32.092986681197004,14.649902113447784
avocado.none,full,boot2,C05M18,C05,M18,H3K36me3,109027451,0.7674963374700717,0.4396416123933308,0.308521952063197,1.3720620682620834,1.2589667325311014,0.6962685172850366,1537.2031817157344,37.10581112199533,19.597512337503307
avocado005.none,full,boot2,C05M18,C05,M18,H3K36me3,109027451,1.0938842260202266,0.3491467838649366,0.31066708892032674,1.9561393483242362,1.827739801264612,1.9508000371140226,1556.3095569176155,49.85267652419875,48.330131585983736
avg.none,full,boot3,C05M18,C05,M18,H3K36me3,109057867,0.700973913016751,0.4981291493177377,0.3978890958255651,1.2243510549318242,1.122443968421475,0.5892431193626777,1494.7568431255022,32.32114546689456,14.96684521920897
avocado.none,full,boot3,C05M18,C05,M18,H3K36me3,109057867,0.7944030022040678,0.4386826787356353,0.3133585368204538,1.392679492687029,1.2889531539890813,0.6865325696251298,1497.9539062209299,37.184628808600486,21.400095518005656
avocado005.none,full,boot3,C05M18,C05,M18,H3K36me3,109057867,1.1214291218088441,0.3498929519978111,0.31422155808109636,1.9696955372589666,1.8460145398268555,1.9035758797610756,1516.7247125097642,50.383821812879006,50.402198314652345
avg.none,full,boot4,C05M18,C05,M18,H3K36me3,108648525,0.6722568324064224,0.4905966573900199,0.3999492971910871,1.237931759454582,1.0867923310427532,0.6145622791925164,1674.1160078799599,30.908126705359464,14.457444893297058
avocado.none,full,boot4,C05M18,C05,M18,H3K36me3,108648525,0.7648032409559314,0.4346293008427078,0.3046525272043931,1.4136071359228135,1.2551063562123463,0.7153230128407858,1677.3780094647557,35.220264791006834,21.059823796867338
avocado005.none,full,boot4,C05M18,C05,M18,H3K36me3,108648525,1.0529517646480453,0.3455681128977206,0.31436197382317643,1.9707656363547588,1.75275567279754,1.9681596525231324,1696.76996336014,48.158543926077805,46.261259973731605
avg.none,full,boot5,C05M18,C05,M18,H3K36me3,109056943,0.6969561107182322,0.4943669321775857,0.40247253786905896,1.2423151887101842,1.1275751222172548,0.640348675869121,1528.0836753873664,32.51359131314881,14.663211057048581
avocado.none,full,boot5,C05M18,C05,M18,H3K36me3,109056943,0.7730559874714953,0.44205006601127844,0.30922111054484214,1.386610106040981,1.2651373729819622,0.7025485217829461,1530.7594191401963,36.87729517745831,19.624420829209196
avocado005.none,full,boot5,C05M18,C05,M18,H3K36me3,109056943,1.101930487187961,0.3455623349793642,0.31604394604001956,1.971208304646729,1.8321888002867603,2.0219155712859327,1549.9957659485292,50.06787858984144,48.4941353597891
avg.none,full,boot6,C05M18,C05,M18,H3K36me3,109061613,0.6898815146449115,0.4949578333956738,0.40038473689073406,1.2569611785941839,1.1245265339189017,0.6344048802143332,1520.7519554982275,32.10941470366837,14.732612316469073
avocado.none,full,boot6,C05M18,C05,M18,H3K36me3,109061613,0.7818051562710605,0.4354678375726226,0.30776415224209475,1.4326622144147823,1.2918252048938212,0.7325223854235349,1523.998537902441,36.87886729853677,21.03266105132548
avocado005.none,full,boot6,C05M18,C05,M18,H3K36me3,109061613,1.090111925245076,0.3475302268293488,0.31444096422184603,1.964896627433604,1.8305985805023093,1.986946387612748,1542.547113978045,49.34027392395267,48.19189047791399
avg.none,full,boot7,C05M18,C05,M18,H3K36me3,109047925,0.68023225880167,0.48734945923967926,0.3734768226341848,1.1980988668401964,1.0878246124678468,0.6193340255383044,1610.4976319660607,31.60302925592629,14.520459181513363
avocado.none,full,boot7,C05M18,C05,M18,H3K36me3,109047925,0.7754378486072002,0.42814955852775644,0.2869285141108058,1.378102357448436,1.257633900613551,0.7179177578146105,1613.9613264594998,36.19001160450873,21.080954921672237
avocado005.none,full,boot7,C05M18,C05,M18,H3K36me3,109047925,1.0701497672000375,0.3411533523032182,0.29474180101111386,1.9029727307669675,1.7668892756876233,1.7975632991639783,1633.4024050673231,49.02068395445276,46.97578702061693
avg.none,full,boot8,C05M18,C05,M18,H3K36me3,109595897,0.7110377940383403,0.4950079628592544,0.39325330542671966,1.2555323389073836,1.1338452394931808,0.6435260433817223,1492.134991940616,33.0144407324236,14.585144776299854
avocado.none,full,boot8,C05M18,C05,M18,H3K36me3,109595897,0.8062622644458562,0.43696666511454774,0.3050178847481272,1.4225658992793022,1.303664276852844,0.7417875671446792,1495.2529635204037,37.74177731756044,21.008980592158736
avocado005.none,full,boot8,C05M18,C05,M18,H3K36me3,109595897,1.1159136733322588,0.3470669093598925,0.307772372745367,1.9873195503370915,1.831369718826573,1.9605698601936457,1513.5954678791325,50.61593082927396,47.69864424936819
avg.none,full,boot9,C05M18,C05,M18,H3K36me3,109214154,0.6792517931799021,0.4857830380502601,0.38091199566079087,1.2254275361427014,1.0940195437226032,0.6305309544035277,1585.4564068064396,32.027036985208625,14.218704298057235
avocado.none,full,boot9,C05M18,C05,M18,H3K36me3,109214154,0.7664953661139591,0.42573878858407027,0.2872981869071372,1.3855182779168471,1.2500407841215677,0.7257286090763199,1588.4867520999524,36.38943079097363,19.57127078332043
avocado005.none,full,boot9,C05M18,C05,M18,H3K36me3,109214154,1.029349189814477,0.34252694904394293,0.2959245022951072,1.8824737606118431,1.7345480877920028,0.9441484202965412,1606.2794222052928,46.34288398805267,42.259584407085505
candi.none,common,all23,C05M18,C05,M18,H3K36me3,121240975,0.8124929951840746,0.22817331262635898,0.3170221190496415,1.6564398370201683,1.3354480693063664,0.6870256277569419,1419.3040031896642,53.12793016350478,13.312093847428754
candi.tcfloor,common,all23,C05M18,C05,M18,H3K36me3,121240975,0.6539427389279082,0.49900458880539156,0.40551396304408593,1.1935249051318961,1.05190622078183,0.608219298093237,1402.0478866508195,32.35183145709876,13.918588541255536
avg.none,common,all23,C05M18,C05,M18,H3K36me3,121240975,0.6789863399146657,0.49456363079995935,0.3917377749173727,1.2014012571262342,1.0966437175468677,0.6248268935384629,1403.8772053343553,31.194273533707758,14.52166770422754
avocado.none,common,all23,C05M18,C05,M18,H3K36me3,121240975,0.7686279318887179,0.4363047742696547,0.3044883906565143,1.3684554115651402,1.2582822802895057,0.716765115717797,1406.9640373603188,35.776037257001704,20.430983909398087
candi.none,common,boot0,C05M18,C05,M18,H3K36me3,109249991,0.8174351459072252,0.2246683009972001,0.3044023994125994,1.7219758663524698,1.3417434543706386,0.6929334788194236,1589.034374311375,53.67524414682768,14.163566029251015
candi.tcfloor,common,boot0,C05M18,C05,M18,H3K36me3,109249991,0.6570511311024179,0.49566657497802247,0.39290719719089257,1.2403763493649185,1.0538308368322182,0.6129594805590772,1570.5083353286436,33.24169548464926,13.800305950753442
avg.none,common,boot0,C05M18,C05,M18,H3K36me3,109249991,0.679925693941989,0.4914824490971606,0.37929257719348525,1.245336390279179,1.0947686684061124,0.6292442458721613,1572.5267731883832,32.100482136534495,14.146736724139947
avocado.none,common,boot0,C05M18,C05,M18,H3K36me3,109249991,0.7674942441326761,0.4336742268118435,0.3129440450696114,1.4107820457738043,1.2550618210853766,0.7097653864371909,1575.7067851948389,36.61359210964172,19.61771791670078
candi.none,common,boot1,C05M18,C05,M18,H3K36me3,109208574,0.7190220403818872,0.23596815950607264,0.32196967420008393,1.33127726865612,1.2066584402964948,0.6970762336544088,23.663748598133022,44.08660607967485,5.279176554448317
candi.tcfloor,common,boot1,C05M18,C05,M18,H3K36me3,109208574,0.5668215630299279,0.5168703475447843,0.4092020304161733,0.9021303684430861,0.9328280566242455,0.6218665486976691,13.668639652508903,24.36779900576682,12.314658641683723
avg.none,common,boot1,C05M18,C05,M18,H3K36me3,109208574,0.5901828069373326,0.5120782897075075,0.39514810639650166,0.9110966728901918,0.9747410972483389,0.6387397750988654,13.438586431819472,23.226954551114783,13.931283397875395
avocado.none,common,boot1,C05M18,C05,M18,H3K36me3,109208574,0.688939753711704,0.45018861082276634,0.3088677804426461,1.0830119181278282,1.1541398410623058,0.7398045946924618,15.99399537963537,27.52312108806088,20.285301414602365
candi.none,common,boot2,C05M18,C05,M18,H3K36me3,109027430,0.8292057443453538,0.2280175616954586,0.3180804808381633,1.672538654924618,1.3694285995676048,0.6764436259376526,1550.417784985726,54.58252800532785,14.280281393334898
candi.tcfloor,common,boot2,C05M18,C05,M18,H3K36me3,109027430,0.6642205270486297,0.5016388777573766,0.40753768297905185,1.202319537766195,1.0729403331570204,0.5931441217874799,1532.0556120830474,33.279883294518804,14.168544904670341
avg.none,common,boot2,C05M18,C05,M18,H3K36me3,109027430,0.689103799925057,0.49738521865375546,0.39372494166433925,1.2099370893156685,1.117721093241349,0.6096631494816225,1534.0528906539844,32.092986681197004,14.649902113447784
avocado.none,common,boot2,C05M18,C05,M18,H3K36me3,109027430,0.7674964850531452,0.43964159215478604,0.3085215534386957,1.3720620682620834,1.2589667325311014,0.6962685172850366,1537.2031817157344,37.10581112199533,19.597512337503307
candi.none,common,boot3,C05M18,C05,M18,H3K36me3,109057846,0.839032369820287,0.22982788329018336,0.3214893687111879,1.6857810369097983,1.3648726571724645,0.6535281692160927,1510.9275467859245,55.32144305224419,14.30967484938114
candi.tcfloor,common,boot3,C05M18,C05,M18,H3K36me3,109057846,0.6741611532550223,0.5024708944585624,0.41177386109217373,1.2152945702834157,1.0750135631111697,0.5726674346307998,1492.8058302938846,33.53732303023594,14.501513875358
avg.none,common,boot3,C05M18,C05,M18,H3K36me3,109057846,0.7009740479951384,0.4981291272341546,0.397888747121131,1.2243510549318242,1.122443968421475,0.5892431193626777,1494.7568431255022,32.32114546689456,14.96684521920897
avocado.none,common,boot3,C05M18,C05,M18,H3K36me3,109057846,0.7944031547343626,0.4386826590370053,0.3133581500261294,1.392679492687029,1.2889531539890813,0.6865325696251298,1497.9539062209299,37.184628808600486,21.400095518005656
candi.none,common,boot4,C05M18,C05,M18,H3K36me3,108648504,0.7933139137700695,0.22905001767945687,0.3271670280866666,1.7018467905527646,1.3027413627810547,0.6711129899167086,1690.3069650208636,52.22789584165818,14.038671839225959
candi.tcfloor,common,boot4,C05M18,C05,M18,H3K36me3,108648504,0.6457941475726011,0.49527222593405607,0.41447055241101916,1.2292907073255124,1.0391014837712198,0.5977050110258781,1671.9037444075343,31.999119325476663,13.880682114048412
avg.none,common,boot4,C05M18,C05,M18,H3K36me3,108648504,0.6722569623428041,0.49059663468957926,0.3999489482737,1.237931759454582,1.0867923310427532,0.6145622791925164,1674.1160078799599,30.908126705359464,14.457444893297058
avocado.none,common,boot4,C05M18,C05,M18,H3K36me3,108648504,0.764803388345194,0.434629281310596,0.30465213522293944,1.4136071359228135,1.2551063562123463,0.7153230128407858,1677.3780094647557,35.220264791006834,21.059823796867338
candi.none,common,boot5,C05M18,C05,M18,H3K36me3,109056922,0.8326081544479792,0.2309737607307005,0.3294427336729128,1.7147640834745208,1.371241624705756,0.7056057700775588,1544.008968586264,54.90890509699682,14.177214658810332
candi.tcfloor,common,boot5,C05M18,C05,M18,H3K36me3,109056922,0.671008095363123,0.4989728784248741,0.4167498315587608,1.2351039602546157,1.081488471819193,0.6239702683530333,1526.054309300108,33.69267622348436,14.230254889707577
avg.none,common,boot5,C05M18,C05,M18,H3K36me3,109056922,0.696956244924095,0.49436690990040455,0.4024721917901058,1.2423151887101842,1.1275751222172548,0.640348675869121,1528.0836753873664,32.51359131314881,14.663211057048581
avocado.none,common,boot5,C05M18,C05,M18,H3K36me3,109056922,0.7730561358917907,0.4420500462564598,0.30922072210943097,1.386610106040981,1.2651373729819622,0.7025485217829461,1530.7594191401963,36.87729517745831,19.624420829209196
candi.none,common,boot6,C05M18,C05,M18,H3K36me3,109061592,0.822680252439526,0.23051896370179764,0.3267889826952977,1.7345775226922007,1.3638222416284713,0.6955181163646441,1536.9118411406444,54.451278324596586,14.291907719106023
candi.tcfloor,common,boot6,C05M18,C05,M18,H3K36me3,109061592,0.663667903882359,0.4995145934766318,0.41460417375853426,1.2491001743252634,1.0773158276555475,0.6169152112091933,1518.7604353299728,33.28260857057477,14.297546611752638
avg.none,common,boot6,C05M18,C05,M18,H3K36me3,109061592,0.689881647482802,0.49495781124829386,0.4003843895781144,1.2569611785941839,1.1245265339189017,0.6344048802143332,1520.7519554982275,32.109431275128806,14.732612316469073
avocado.none,common,boot6,C05M18,C05,M18,H3K36me3,109061592,0.7818053063640863,0.4354678181709251,0.30776376369419794,1.4326622144147823,1.2918252048938212,0.7325223854235349,1523.998537902441,36.878888021970205,21.03267661844215
candi.none,common,boot7,C05M18,C05,M18,H3K36me3,109047905,0.8046206534603815,0.22387130937870822,0.29857204424920253,1.5909628737803663,1.3079219163893643,0.6725890548962703,1625.0760440988113,52.99784493653856,14.23348242014712
candi.tcfloor,common,boot7,C05M18,C05,M18,H3K36me3,109047905,0.6547167877154169,0.49164759800325203,0.3871281765318465,1.1864791519126292,1.0420409680309344,0.6026480152117217,1608.2218773732905,32.70700993192514,14.007232117993855
avg.none,common,boot7,C05M18,C05,M18,H3K36me3,109047905,0.6802323835600979,0.4873494371281317,0.37347647719341,1.1980988668401964,1.0878246124678468,0.6193340255383044,1610.4976319660607,31.60302925592629,14.520459181513363
avocado.none,common,boot7,C05M18,C05,M18,H3K36me3,109047905,0.7754379903948002,0.42814953936451616,0.286928132768611,1.378102357448436,1.257633900613551,0.7179177578146105,1613.9613264594998,36.19001160450873,21.080954921672237
candi.none,common,boot8,C05M18,C05,M18,H3K36me3,109595876,0.8568873224740259,0.2265356780404718,0.31678481445597845,1.7235543635192798,1.393244272097825,0.7118028538558524,1508.141317102997,55.9311496478064,14.215105199056952
candi.tcfloor,common,boot8,C05M18,C05,M18,H3K36me3,109595876,0.686081999328667,0.4992869220327212,0.4058530452349957,1.247463279188867,1.0900052196006806,0.6267794267747825,1490.2037017695948,34.251905613180284,14.23395018535951
avg.none,common,boot8,C05M18,C05,M18,H3K36me3,109595876,0.7110379302824603,0.4950079397406983,0.3932529559904489,1.2555323389073836,1.1338452394931808,0.6435260433817223,1492.134991940616,33.0144407324236,14.585144776299854
avocado.none,common,boot8,C05M18,C05,M18,H3K36me3,109595876,0.8062624185231021,0.43696664496164445,0.3050174961162076,1.4225658992793022,1.303664276852844,0.7417875671446792,1495.2529635204037,37.74177731756044,21.008980592158736
candi.none,common,boot9,C05M18,C05,M18,H3K36me3,109214135,0.8099612210611613,0.22271437325123736,0.30452517614872576,1.6787891328469717,1.3300311549086303,0.6945871801132509,1601.4341286949375,53.02674445213467,14.04489047474915
candi.tcfloor,common,boot9,C05M18,C05,M18,H3K36me3,109214135,0.6558299147329891,0.4902242104616191,0.39400992738472107,1.2208297863611262,1.0523392918843137,0.6148843424639728,1583.3541519007945,33.133210734749376,13.698662777568094
avg.none,common,boot9,C05M18,C05,M18,H3K36me3,109214135,0.679251911349442,0.4857830165532428,0.38091167193225367,1.2254275361427014,1.0940195437226032,0.6305309544035277,1585.4564068064396,32.027036985208625,14.218704298057235
avocado.none,common,boot9,C05M18,C05,M18,H3K36me3,109214135,0.7664954990420026,0.4257387694366402,0.2872978252403464,1.3855182779168471,1.2500407841215677,0.7257286090763199,1588.4867520999524,36.38943079097363,19.57127078332043
avg.none,full,all23,C05M20,C05,M20,H3K4me1,121240998,2.4072316705024033,0.10815421096861788,0.31586807624644764,24.931282369613545,1.8005325724223915,12.4508344228689,110983.41194942092,171.6169105732365,32.23455706458997
avocado.none,full,all23,C05M20,C05,M20,H3K4me1,121240998,2.338608615203531,0.14040822488106597,0.2463583591739861,24.361763635099308,1.717042564093829,11.139180192770093,110653.21314682826,168.96253610616282,77.916599458702
avocado005.none,full,all23,C05M20,C05,M20,H3K4me1,121240998,4.471987807778413,0.07011824259483808,0.24132396821722138,29.569031400539775,4.886883955566862,26.977988658747336,110724.1845606314,232.3813589708669,278.9251082562304
avg.none,full,boot0,C05M20,C05,M20,H3K4me1,109250012,2.54481050365031,0.10319368819551983,0.3043902331933809,27.729429972272666,1.8322728999262061,13.008705441840629,122877.22641643108,187.80053493782611,30.55838357937062
avocado.none,full,boot0,C05M20,C05,M20,H3K4me1,109250012,2.455265400416007,0.13916015179359167,0.2593113163706904,27.15190927156091,1.7262846386446122,11.261947295836196,122511.70937183687,184.6525733628578,78.2354145667349
avocado005.none,full,boot0,C05M20,C05,M20,H3K4me1,109250012,4.559665227127793,0.06682268787881115,0.23160945944473793,32.03035784756644,4.8753727085033525,24.525812373531252,122579.98335154359,246.17781139672977,278.5797266196054
avg.none,full,boot1,C05M20,C05,M20,H3K4me1,109208595,0.9229768090942128,0.20255161057347867,0.32239755006062853,2.4053481395623955,1.2192301582063394,5.222312743229309,11.281504234766773,24.44816772990301,31.29079377964681
avocado.none,full,boot1,C05M20,C05,M20,H3K4me1,109208595,0.9238050761426878,0.22132747150486548,0.2476187371270029,2.066944703101912,1.215933316678407,4.98924298613657,9.74165026266117,25.992285312263952,41.9007209877588
avocado005.none,full,boot1,C05M20,C05,M20,H3K4me1,109208595,2.9144746305893476,0.12539279246924556,0.24625249660219722,6.6240965705223624,4.203665598836788,20.542788219437476,72.32889626758435,88.37520268169125,234.93026918241443
avg.none,full,boot2,C05M20,C05,M20,H3K4me1,109027451,2.575384903319301,0.10509842427748729,0.3177269752377292,27.190565838606997,1.8812305501045583,13.22104440263656,118779.00508093358,187.99460371730254,32.697746787919385
avocado.none,full,boot2,C05M20,C05,M20,H3K4me1,109027451,2.4927530624373055,0.13723121879031266,0.25206122332717146,26.56467516744889,1.7792382596741527,11.674686925153287,118425.4378034857,184.95509795683162,81.7343189221067
avocado005.none,full,boot2,C05M20,C05,M20,H3K4me1,109027451,4.769957482322834,0.06741889716199197,0.24275130188408495,32.05553815636747,5.201404937038902,28.843053750797317,118499.76206550481,252.67135490877212,296.87342540388255
avg.none,full,boot3,C05M20,C05,M20,H3K4me1,109057867,2.5972896867864113,0.10724543459739695,0.3212335511263103,26.59414213682214,1.879975488853078,13.132357198092539,118344.10483984096,188.158302719287,33.8633503657433
avocado.none,full,boot3,C05M20,C05,M20,H3K4me1,109057867,2.529222600430786,0.13867730715862484,0.25160026267390967,26.00238716583565,1.799294863114742,11.79143850740473,117992.11908166917,185.24653430005137,84.32965272056242
avocado005.none,full,boot3,C05M20,C05,M20,H3K4me1,109057867,4.848416194484382,0.06919742135174332,0.24572686914867908,31.5501641151154,5.183694195924578,28.090653292895052,118067.2011104315,253.71145776992813,301.27598747259
avg.none,full,boot4,C05M20,C05,M20,H3K4me1,108648525,2.575017571236493,0.10451645266738095,0.3253692613992218,27.49221016501394,1.875078723276977,13.420893895122438,132671.86287371902,188.21989486643363,32.86529911828627
avocado.none,full,boot4,C05M20,C05,M20,H3K4me1,108648525,2.5082830366188555,0.13634983947595009,0.2518856562617018,26.868969130950088,1.7907834950126262,11.991596784359814,132277.3796592483,185.1404413640399,83.40829291312374
avocado005.none,full,boot4,C05M20,C05,M20,H3K4me1,108648525,4.720796542738598,0.06782115600923531,0.24968230710610534,32.21451303302603,5.084565460293844,29.02712158675684,132356.630152665,250.92091611860806,294.22128399510825
avg.none,full,boot5,C05M20,C05,M20,H3K4me1,109056943,2.5736552868686915,0.10497642103086975,0.32523157168564915,27.156672378986695,1.8741622821641386,13.546878835413597,120788.84866905537,188.162215882886,32.67578495934682
avocado.none,full,boot5,C05M20,C05,M20,H3K4me1,109056943,2.5096585807433875,0.13625748432865323,0.2477038230420796,26.613292598932503,1.8016383025577987,12.327506529346152,120429.67378693885,185.2401464041458,83.2827333846806
avocado005.none,full,boot5,C05M20,C05,M20,H3K4me1,109056943,4.766813717192363,0.06764548601914723,0.24912236403890844,32.22812923035239,5.149738443639316,29.697342185278323,120505.32923611041,251.65551063141575,296.24569408388913
avg.none,full,boot6,C05M20,C05,M20,H3K4me1,109061613,2.5718578737348126,0.10524564242806993,0.32403818209125523,27.227932750435208,1.8782939843447306,13.329317841246198,120034.25078249935,187.69913265093462,32.841777180535566
avocado.none,full,boot6,C05M20,C05,M20,H3K4me1,109061613,2.505501043701508,0.13749115376071683,0.24498562485156292,26.600575788742898,1.7957032956060932,11.814741031498631,119677.38686663883,184.71506648366156,83.20352748667936
avocado005.none,full,boot6,C05M20,C05,M20,H3K4me1,109061613,4.6661290671113065,0.06885608681734162,0.24832094978137711,31.438914097901538,5.0636281515700325,27.9340748095017,119752.4654894368,250.00878412322976,288.64340579124325
avg.none,full,boot7,C05M20,C05,M20,H3K4me1,109047925,2.5673443440365595,0.10109074788523215,0.2973075171695689,27.465101778079543,1.8470963080471101,13.347758504826418,122184.71350867559,187.674735215323,32.34585334991366
avocado.none,full,boot7,C05M20,C05,M20,H3K4me1,109047925,2.5185765434925083,0.1352257965244531,0.23628435499228165,26.914067622579317,1.7911576060172887,12.127586133550038,121821.46700154794,184.50805622227733,84.34572326328625
avocado005.none,full,boot7,C05M20,C05,M20,H3K4me1,109047925,4.573174510814154,0.06605771739456415,0.22508737860293013,31.9179597668688,4.8139747067053875,27.347930236039364,121887.2153263803,244.04222007683552,277.3070692649235
avg.none,full,boot8,C05M20,C05,M20,H3K4me1,109595897,2.593365019515167,0.10474737081085167,0.3129966649103413,27.38205803123086,1.8772066227331392,12.958280263780036,118815.7621431065,187.92175668292987,32.70819228194302
avocado.none,full,boot8,C05M20,C05,M20,H3K4me1,109595897,2.51055999825319,0.13638833856351584,0.2374856048201683,26.788857289723975,1.7831746079668376,11.546828767803142,118462.39054423176,184.68471789529093,81.17892180195747
avocado005.none,full,boot8,C05M20,C05,M20,H3K4me1,109595897,4.771286272464229,0.0674062278012534,0.24010790810779928,32.1832809343343,5.063745762017989,27.206262482964508,118536.9279015115,251.18664900486445,294.3473066764474
avg.none,full,boot9,C05M20,C05,M20,H3K4me1,109214154,2.551984993844561,0.10115694612895607,0.3072892564183267,28.187450548023417,1.8336133003713975,13.196593959157852,124057.26753313979,188.15513410153824,30.424001322049918
avocado.none,full,boot9,C05M20,C05,M20,H3K4me1,109214154,2.43391774592179,0.14265946201713184,0.2338849740658398,27.569069000475622,1.6804807719095258,11.762870376305164,123688.40660168696,184.56545466383807,75.50113476991694
avocado005.none,full,boot9,C05M20,C05,M20,H3K4me1,109214154,4.1311964353776505,0.07009974260830862,0.23424004110713814,32.93825435447618,4.217381462300138,26.418974542135462,123746.64309763134,234.54183689425398,235.15751208675303
candi.none,common,all23,C05M20,C05,M20,H3K4me1,121240975,1.9204829036261437,0.24972431188308714,0.37610660412471814,23.023684638695595,1.1468925081687735,8.239448963733754,110248.17117717111,166.41359178788,151.9821831310075
candi.tcfloor,common,all23,C05M20,C05,M20,H3K4me1,121240975,1.963727634944026,0.23835078306119908,0.3792517354821469,23.466126780720415,1.2170577428748581,8.607345541637338,109977.69581238758,161.42571592504,153.10867487634707
avg.none,common,all23,C05M20,C05,M20,H3K4me1,121240975,2.4072321271659067,0.10815418760084318,0.31586768606576704,24.931282369613545,1.8005325724223915,12.4508344228689,110983.41194942092,171.6169105732365,32.23455706458997
avocado.none,common,all23,C05M20,C05,M20,H3K4me1,121240975,2.338609058531641,0.14040820973700516,0.2463579336910835,24.361763635099308,1.717042564093829,11.139180192770093,110653.21314682826,168.96253610616282,77.916599458702
candi.none,common,boot0,C05M20,C05,M20,H3K4me1,109249991,2.080550265171166,0.24263797343766172,0.3643115191815365,25.89942097937734,1.210100772722619,9.07484055981228,122064.11740905205,182.22413388335968,167.81699493482486
candi.tcfloor,common,boot0,C05M20,C05,M20,H3K4me1,109249991,2.119904785082101,0.2315577062389551,0.367903146781839,26.31722960403646,1.275626660848751,9.39977873064044,121764.68824200601,177.19242048229168,168.75329311711752
avg.none,common,boot0,C05M20,C05,M20,H3K4me1,109249991,2.54481099281301,0.1031936648223018,0.30438983134984626,27.729429972272666,1.8322728999262061,13.008705441840629,122877.22641643108,187.8007004484663,30.558403218180523
avocado.none,common,boot0,C05M20,C05,M20,H3K4me1,109249991,2.4552658720571223,0.13916013696474527,0.25931089329811874,27.15190927156091,1.7262846386446122,11.261947295836196,122511.70937183687,184.652737762601,78.23548141155364
candi.none,common,boot1,C05M20,C05,M20,H3K4me1,109208574,0.47672185859981026,0.417049523602451,0.38233003408657235,0.7657887148601392,0.5939052135806033,1.322442637261199,4.608409606061772,22.221949538376574,7.284813173564209
candi.tcfloor,common,boot1,C05M20,C05,M20,H3K4me1,109208574,0.5235367232107034,0.4043979899134321,0.38565339320173325,1.2655718700535856,0.6631193713137752,1.7557990977878135,4.160445216383768,18.30786161779684,9.548814789924025
avg.none,common,boot1,C05M20,C05,M20,H3K4me1,109208574,0.9229769865758177,0.20255156875756888,0.3223971583429209,2.4053481395623955,1.2192301582063394,5.222312743229309,11.281504234766773,24.44816772990301,31.29079377964681
avocado.none,common,boot1,C05M20,C05,M20,H3K4me1,109208574,0.923805253488161,0.2213274450404486,0.24761830626290277,2.066944703101912,1.215933316678407,4.98924298613657,9.74165026266117,25.992285312263952,41.9007209877588
candi.none,common,boot2,C05M20,C05,M20,H3K4me1,109027430,2.081279033259615,0.24287776952742235,0.37701707520280225,25.23963396071883,1.2152615878040494,8.924304979900004,117992.41664677484,182.4800129083877,168.16488480241375
candi.tcfloor,common,boot2,C05M20,C05,M20,H3K4me1,109027430,2.124965344196382,0.23169439756025043,0.38055623955005463,25.680301327129825,1.287029503127208,9.297390358737145,117702.95986429036,177.3547623803824,169.23061580974243
avg.none,common,boot2,C05M20,C05,M20,H3K4me1,109027430,2.575385399369542,0.10509840162418192,0.31772658013003785,27.190565838606997,1.8812305501045583,13.22104440263656,118779.00508093358,187.99460371730254,32.697746787919385
avocado.none,common,boot2,C05M20,C05,M20,H3K4me1,109027430,2.4927535422898326,0.13723120384962986,0.2520607940857728,26.56467516744889,1.7792382596741527,11.674686925153287,118425.4378034857,184.95509795683162,81.7343189221067
candi.none,common,boot3,C05M20,C05,M20,H3K4me1,109057846,2.0813243085788184,0.2454797226290122,0.3799907093425422,24.60849897107406,1.196082720627938,8.767316740949129,117560.27659563272,182.73824711076514,168.2848248379043
candi.tcfloor,common,boot3,C05M20,C05,M20,H3K4me1,109057846,2.1267719040707274,0.23411651499854502,0.3836004155321854,25.055853197941886,1.2693113694261735,9.144472257715638,117271.86609158387,177.46436539811359,169.25951078002558
avg.none,common,boot3,C05M20,C05,M20,H3K4me1,109057846,2.5972901869162546,0.10724541227414838,0.32123315808577896,26.59414213682214,1.879975488853078,13.132357198092539,118344.10483984096,188.158302719287,33.8633503657433
avocado.none,common,boot3,C05M20,C05,M20,H3K4me1,109057846,2.529223087133121,0.13867729267005197,0.25159983378499406,26.00238716583565,1.799294863114742,11.79143850740473,117992.11908166917,185.24653430005137,84.32965272056242
candi.none,common,boot4,C05M20,C05,M20,H3K4me1,108648504,2.0778899091220353,0.24242869373096682,0.38569788929119775,25.510023283667305,1.2066617349999602,9.052859395501919,131794.2045168051,182.7434403568081,168.70007013616822
candi.tcfloor,common,boot4,C05M20,C05,M20,H3K4me1,108648504,2.1216932025579878,0.23109028393671735,0.3887797914937323,25.952222304911253,1.2787824651622006,9.42485047521092,131471.05976072256,177.6543046967959,169.750479443149
avg.none,common,boot4,C05M20,C05,M20,H3K4me1,108648504,2.575018068945776,0.10451643040626722,0.3253688691697873,27.49221016501394,1.875078723276977,13.420893895122438,132671.86287371902,188.21989486643363,32.86529911828627
avocado.none,common,boot4,C05M20,C05,M20,H3K4me1,108648504,2.5082835210852528,0.13634982513972652,0.2518852263172275,26.868969130950088,1.7907834950126262,11.991596784359814,132277.3796592483,185.1404413640399,83.40829291312374
candi.none,common,boot5,C05M20,C05,M20,H3K4me1,109056922,2.079395507731647,0.24472041965381133,0.3859175755549155,25.190746155119637,1.2089689307062839,9.191282522858812,119989.02473310656,182.58112461281496,168.24798844100002
candi.tcfloor,common,boot5,C05M20,C05,M20,H3K4me1,109056922,2.1222340316093122,0.23308361277872022,0.388791744868114,25.626077526692807,1.280347610536634,9.556346619272732,119694.66684710335,177.44484735727175,169.2183979528827
avg.none,common,boot5,C05M20,C05,M20,H3K4me1,109056922,2.5736557824517323,0.1049763986513893,0.3252311809233102,27.156672378986695,1.8741622821641386,13.546878835413597,120788.84866905537,188.162215882886,32.67578495934682
avocado.none,common,boot5,C05M20,C05,M20,H3K4me1,109056922,2.5096590636511675,0.1362574699393542,0.24770339219115534,26.613292598932503,1.8016383025577987,12.327506529346152,120429.67378693885,185.2401464041458,83.2827333846806
candi.none,common,boot6,C05M20,C05,M20,H3K4me1,109061592,2.073869772772444,0.24300182771054055,0.38411468293373807,25.259509178594687,1.2068466617892781,9.006652338088449,119239.49368496009,182.2435745621617,168.14585057394487
candi.tcfloor,common,boot6,C05M20,C05,M20,H3K4me1,109061592,2.1182886291117096,0.23168003080107755,0.3870538162672028,25.7044843658163,1.280336227462755,9.378601206130071,118946.97321125424,177.12349993648763,169.220930753384
avg.none,common,boot6,C05M20,C05,M20,H3K4me1,109061592,2.5718583689505374,0.10524562014713092,0.32403779061529203,27.227932750435208,1.8782939843447306,13.329317841246198,120034.25078249935,187.69913265093462,32.841777180535566
avocado.none,common,boot6,C05M20,C05,M20,H3K4me1,109061592,2.505501525814348,0.13749113945415933,0.24498519227419174,26.600575788742898,1.7957032956060932,11.814741031498631,119677.38686663883,184.71506648366156,83.20352748667936
candi.none,common,boot7,C05M20,C05,M20,H3K4me1,109047905,2.07613637184059,0.23993002648604067,0.35945049802195017,25.50165730430925,1.1914622786440854,9.070156054658467,121375.7669991716,182.08278556093535,167.96955159179473
candi.tcfloor,common,boot7,C05M20,C05,M20,H3K4me1,109047905,2.120042141463431,0.22827573656553016,0.3623578227165084,25.944608175060367,1.2631156742284861,9.437130400871855,121078.04675385857,177.10295763518715,169.0834578543779
avg.none,common,boot7,C05M20,C05,M20,H3K4me1,109047905,2.567344814901973,0.10109072596961004,0.2973071297969604,27.465101778079543,1.8470963080471101,13.347758504826418,122184.71350867559,187.674735215323,32.34585334991366
avocado.none,common,boot7,C05M20,C05,M20,H3K4me1,109047905,2.5185770050991936,0.13522578257178133,0.2362839382215479,26.914067622579317,1.7911576060172887,12.127586133550038,121821.46700154794,184.50805622227733,84.34572326328625
candi.none,common,boot8,C05M20,C05,M20,H3K4me1,109595876,2.0929279148720292,0.2451362378913379,0.37424709032623843,25.4433284993504,1.2151509454706504,8.759632193961751,118029.46074915964,182.44171665598842,167.4423687060851
candi.tcfloor,common,boot8,C05M20,C05,M20,H3K4me1,109595876,2.1357150046821642,0.23355406169509751,0.3762817038254169,25.878889940045678,1.283933367051144,9.106663634633689,117739.89619364763,177.2221646270523,168.3164585120062
avg.none,common,boot8,C05M20,C05,M20,H3K4me1,109595876,2.5933655164377467,0.10474734716330178,0.31299626931602365,27.38205803123086,1.8772066227331392,12.958280263780036,118815.7621431065,187.92175668292987,32.70819228194302
avocado.none,common,boot8,C05M20,C05,M20,H3K4me1,109595876,2.5105604789983804,0.13638832301776901,0.2374851702363122,26.788857289723975,1.7831746079668376,11.546828767803142,118462.39054423176,184.68471789529093,81.17892180195747
candi.none,common,boot9,C05M20,C05,M20,H3K4me1,109214135,2.08600546363332,0.24295022401083521,0.3668915805061647,26.350569647673243,1.2180131585419345,9.112851114312111,123236.54740401934,182.4519919791829,167.82383250457352
candi.tcfloor,common,boot9,C05M20,C05,M20,H3K4me1,109214135,2.1254078728255914,0.23145940262309286,0.3705748207962389,26.76831705239233,1.282501536433034,9.460952822106917,122934.2799871156,177.46800090992178,168.72468818314917
avg.none,common,boot9,C05M20,C05,M20,H3K4me1,109214135,2.5519854378137863,0.10115692464680621,0.3072888942490112,28.187450548023417,1.8336133003713975,13.196593959157852,124057.26753313979,188.15513410153824,30.424001322049918
avocado.none,common,boot9,C05M20,C05,M20,H3K4me1,109214135,2.4339181690323883,0.14265944774155903,0.23388457649523145,27.569069000475622,1.6804807719095258,11.762870376305164,123688.40660168696,184.56545466383807,75.50113476991694
avg.none,full,all23,C05M29,C05,M29,H3K9me3,121240998,0.36639375200280216,0.17863308210183707,0.3089566945388096,0.7581332565973629,0.35583028712585946,0.45000076648123244,1247.6481107174222,13.743103251926764,5.4332351166980075
avocado.none,full,all23,C05M29,C05,M29,H3K9me3,121240998,0.41473564684123504,0.11443038906950112,0.18855819412064076,0.7802022115147198,0.38901735640378365,0.5060971608555604,1250.5811352359822,14.14293182434809,8.458287327866948
avocado005.none,full,all23,C05M29,C05,M29,H3K9me3,121240998,0.7825742688372851,0.09830353192888626,0.25998161059262337,0.9906584794329689,0.7866038934507079,0.6689394517781712,1256.120892019689,15.796437569919567,37.23226904485911
avg.none,full,boot0,C05M29,C05,M29,H3K9me3,109250012,0.3781308689227102,0.17442256586871044,0.29628837076538883,0.8203455813102672,0.365378169424583,0.4750373608109611,1359.5047817471066,14.364675116042175,5.727070466405221
avocado.none,full,boot0,C05M29,C05,M29,H3K9me3,109250012,0.4234944077424379,0.11519444422386103,0.1991995548855841,0.8400225077824949,0.39566320799238847,0.524360775143797,1362.6449737726061,14.758069984296293,8.482819949947912
avocado005.none,full,boot0,C05M29,C05,M29,H3K9me3,109250012,0.8067966507804936,0.09626954822884926,0.24649182280647258,1.059769322394526,0.8075458266344077,0.6797655491046611,1368.523779223983,16.499493825881792,38.61758070117911
avg.none,full,boot1,C05M29,C05,M29,H3K9me3,109208595,0.32434111410054284,0.18872990991684716,0.31743682058671374,0.3169359059269258,0.3195575879138918,0.4216451601514631,1075.039975616361,10.021409424303208,3.9500728419575846
avocado.none,full,boot1,C05M29,C05,M29,H3K9me3,109208595,0.36862255808893324,0.11593644230258844,0.19575960011585306,0.35213892499192606,0.35404063258295965,0.4740293720719066,1092.3501881130678,10.698377771569032,5.826434822026908
avocado005.none,full,boot1,C05M29,C05,M29,H3K9me3,109208595,0.688603190940026,0.10293362695976892,0.2689898658116723,0.5177421258903856,0.6646924368371527,0.6383811764231343,1086.0398333565156,11.73249407443685,31.53239028314031
avg.none,full,boot2,C05M29,C05,M29,H3K9me3,109027451,0.37368502888317734,0.17882349617344687,0.31050554407261866,0.8001637132158022,0.36247494848338147,0.4639267665790139,1365.0986393313806,14.33649230833059,5.751280288158344
avocado.none,full,boot2,C05M29,C05,M29,H3K9me3,109027451,0.41309464197644125,0.11450603252465018,0.1862915679936735,0.7986384541402046,0.3860894917882718,0.5080489379387354,1368.2657180100286,14.790352646810968,8.305448481360846
avocado005.none,full,boot2,C05M29,C05,M29,H3K9me3,109027451,0.800768986578742,0.09847418204712771,0.26074107509877004,1.046522652529708,0.8056566637959397,0.6943251209271303,1374.242035482744,16.546910264428217,38.780403024405366
avg.none,full,boot3,C05M29,C05,M29,H3K9me3,109057867,0.3700678027600863,0.17757433449902918,0.30895589234007487,0.7880728774866457,0.35661314272996897,0.4577191779178244,1373.7736420055242,14.226599868231428,5.742548863060656
avocado.none,full,boot3,C05M29,C05,M29,H3K9me3,109057867,0.41583947935478555,0.11312747083520096,0.18717310351623725,0.8077042740927708,0.38713319556079484,0.5153872272780575,1376.9769727267999,14.624918555543413,8.632161203570703
avocado005.none,full,boot3,C05M29,C05,M29,H3K9me3,109057867,0.7963605529599006,0.09742773242851768,0.2596191469493378,1.0185070542963148,0.7933947534379477,0.675031309345758,1382.9244197225644,16.46653616382123,38.953358560667425
avg.none,full,boot4,C05M29,C05,M29,H3K9me3,108648525,0.3649487154266542,0.17786868046257207,0.31597968195883,0.7997425048234982,0.3498481442570585,0.46280690796319773,1402.6413558341765,14.148081364653647,5.624656979377169
avocado.none,full,boot4,C05M29,C05,M29,H3K9me3,108648525,0.4155044408432703,0.11518030658876911,0.1923749827571794,0.8234361209199551,0.38734908103836313,0.5198148074371941,1405.9198643557202,14.472628953073572,8.882720589189498
avocado005.none,full,boot4,C05M29,C05,M29,H3K9me3,108648525,0.7720336451429647,0.09787116317757588,0.2669929489924696,1.0124102053272679,0.7681142896990583,0.6821285745222564,1411.7229063482318,16.10562683739267,36.844938410981854
avg.none,full,boot5,C05M29,C05,M29,H3K9me3,109056943,0.37116377592217725,0.18051145933773363,0.3191204702888303,0.8026464236783265,0.3612099738723023,0.466263339840854,1383.9987438858464,14.321809280269461,5.7057127233731295
avocado.none,full,boot5,C05M29,C05,M29,H3K9me3,109056943,0.42158340530884963,0.11694104710121923,0.19385053894569504,0.8252206665202662,0.39493459955283516,0.5229168633182814,1387.244698583547,14.68148303211689,8.919100984233783
avocado005.none,full,boot5,C05M29,C05,M29,H3K9me3,109056943,0.78887091137072,0.09943714911248075,0.2701539966727712,1.0391873458496519,0.8046707896719091,0.6652742501920539,1393.026003815436,16.503264077510064,37.819129319584704
avg.none,full,boot6,C05M29,C05,M29,H3K9me3,109061613,0.36480260253366414,0.17682860617520493,0.313829471187018,0.7988123456588033,0.3538540018703858,0.45453150400757986,1392.0823082520835,14.132718249279996,5.719514309201673
avocado.none,full,boot6,C05M29,C05,M29,H3K9me3,109061613,0.412421710111607,0.11609435147983235,0.1944480942530592,0.8207585305057434,0.38471688513008734,0.5177407510577144,1395.3400125554963,14.447456046664637,8.650206118270583
avocado005.none,full,boot6,C05M29,C05,M29,H3K9me3,109061613,0.7839803294573907,0.09754379804632743,0.26540815370851006,1.0262429621209295,0.7994456545981079,0.6884276194500537,1401.3253033478816,16.334370313460845,38.2146769707409
avg.none,full,boot7,C05M29,C05,M29,H3K9me3,109047925,0.3729811523721113,0.17308505843495298,0.29056791708603447,0.7986203932022345,0.35702500565706424,0.4628235525499629,1361.0152843006863,14.273563775795717,5.677706276241668
avocado.none,full,boot7,C05M29,C05,M29,H3K9me3,109047925,0.425456747415485,0.11104804488847556,0.1625363932806676,0.8298509741436167,0.39260608266169505,0.520833767165166,1364.2328996848796,14.620721998399583,9.03901599797772
avocado005.none,full,boot7,C05M29,C05,M29,H3K9me3,109047925,0.8000277785446235,0.09547137043011081,0.24093647801404736,1.0442263914694163,0.7904069650916933,0.6789868641961738,1369.9852104431502,16.338794026719807,38.25423589403494
avg.none,full,boot8,C05M29,C05,M29,H3K9me3,109595897,0.38283075760126584,0.1802956318136293,0.31551746756485083,0.8184734637746345,0.3687674790481534,0.46645309226847365,1339.2569199423979,14.551232060989216,5.752925264143756
avocado.none,full,boot8,C05M29,C05,M29,H3K9me3,109595897,0.43849038782671923,0.1135592961302779,0.19123415021753273,0.8445380186374353,0.4067529560215024,0.5272090497062094,1342.411603122785,14.937700008731785,9.103972406696665
avocado005.none,full,boot8,C05M29,C05,M29,H3K9me3,109595897,0.8165868764634006,0.09954428286912727,0.268958744376101,1.0639688771310636,0.820188537768734,0.6891926524061714,1348.263521344929,16.703287516783778,39.2782690167565
avg.none,full,boot9,C05M29,C05,M29,H3K9me3,109214154,0.36094716258822146,0.1789799765021739,0.30025282608787734,0.8285254099493033,0.3629017186164997,0.3669090818133741,386.0303212941499,13.041764101139085,4.708361498760518
avocado.none,full,boot9,C05M29,C05,M29,H3K9me3,109214154,0.4127861346329481,0.1135828926537103,0.18388539276657104,0.8513167049645103,0.40015265757618684,0.42859494822734145,372.1886721926455,13.380938606808547,8.737727385993312
avocado005.none,full,boot9,C05M29,C05,M29,H3K9me3,109214154,0.77161597825532,0.09837688938895923,0.25030969110060436,1.0685735314296485,0.8099142850987113,0.5953372725299236,386.9002075214454,14.738854181337151,36.30743488511124
candi.none,common,all23,C05M29,C05,M29,H3K9me3,121240975,0.33326563899425377,0.152108131767939,0.26260652822955277,0.7219014493963318,0.3166750854632501,0.41702548735370754,1267.3396697584335,15.09196401855175,0.428353221077417
candi.tcfloor,common,all23,C05M29,C05,M29,H3K9me3,121240975,0.33864277189440634,0.20146544124841745,0.3199244025202239,0.7237653651231549,0.324112461898277,0.4234450260387795,1255.1381829031038,13.983096073089428,3.3501133654570565
avg.none,common,all23,C05M29,C05,M29,H3K9me3,121240975,0.3663938215094709,0.1786329754720781,0.3089563004957444,0.7581332565973629,0.35583028712585946,0.45000076648123244,1247.6481107174222,13.743103251926764,5.4332351166980075
avocado.none,common,all23,C05M29,C05,M29,H3K9me3,121240975,0.4147357238582395,0.1144303004209951,0.18855776944787425,0.7802022115147198,0.38901735640378365,0.5060971608555604,1250.5811352359822,14.14293182434809,8.458287327866948
candi.none,common,boot0,C05M29,C05,M29,H3K9me3,109249991,0.34407980671056515,0.14472580147346953,0.24871985534638782,0.7818904757368083,0.32465536415622603,0.43922019986752026,1381.3765673535215,15.734198066540724,0.4337972469562475
candi.tcfloor,common,boot0,C05M29,C05,M29,H3K9me3,109249991,0.34964851175284856,0.19570050149634743,0.30671364913785126,0.7838639717521185,0.33226475545266954,0.446325158842441,1367.7571614310668,14.604922862130257,3.531299641517382
avg.none,common,boot0,C05M29,C05,M29,H3K9me3,109249991,0.3781309416069107,0.17442245654210908,0.2962879643186682,0.8203455813102672,0.365378169424583,0.4750373608109611,1359.5047817471066,14.364675116042175,5.727075342541198
avocado.none,common,boot0,C05M29,C05,M29,H3K9me3,109249991,0.4234944873322427,0.11519435502040257,0.19919913438075634,0.8400225077824949,0.39566320799238847,0.524360775143797,1362.6449737726061,14.758069984296293,8.482826069224167
candi.none,common,boot1,C05M29,C05,M29,H3K9me3,109208574,0.29656441792099925,0.17158883729638297,0.2752882419385829,0.27771257435382746,0.28983144933698424,0.3891143457228192,1092.7237516078455,11.234865317111867,0.43980451546809723
candi.tcfloor,common,boot1,C05M29,C05,M29,H3K9me3,109208574,0.30014440669084996,0.2161351268137813,0.3299757706293019,0.2831854090321458,0.29489957099418695,0.39560838426504635,1081.6965973245171,10.23440743390292,2.432476400777188
avg.none,common,boot1,C05M29,C05,M29,H3K9me3,109208574,0.32434117646893706,0.18872979093256126,0.31743642607993783,0.3169359059269258,0.3195575879138918,0.4216451601514631,1075.039975616361,10.021409424303208,3.9500728419575846
avocado.none,common,boot1,C05M29,C05,M29,H3K9me3,109208574,0.368622627139459,0.11593634326116224,0.1957591781686839,0.35213892499192606,0.35404063258295965,0.4740293720719066,1092.3501881130678,10.698377771569032,5.826434822026908
candi.none,common,boot2,C05M29,C05,M29,H3K9me3,109027430,0.339545773359246,0.15062847168372792,0.2631622843612953,0.7657313111562968,0.32131128475791004,0.42959778782364255,1386.649398578635,15.72396314869898,0.42685265501828995
candi.tcfloor,common,boot2,C05M29,C05,M29,H3K9me3,109027430,0.3450212794951623,0.2011575765524792,0.32143625350230587,0.7664517859026576,0.3289324096287977,0.4365788388788995,1373.3017796853542,14.583361813241895,3.5465298644368146
avg.none,common,boot2,C05M29,C05,M29,H3K9me3,109027430,0.3736851008594278,0.17882339030434427,0.31050514487043124,0.8001637132158022,0.36247494848338147,0.4639267665790139,1365.0986393313806,14.33649230833059,5.751280288158344
avocado.none,common,boot2,C05M29,C05,M29,H3K9me3,109027430,0.4130947213741292,0.11450594004031506,0.18629109796193624,0.7986384541402046,0.3860894917882718,0.5080489379387354,1368.2657180100286,14.790352646810968,8.305448481360846
candi.none,common,boot3,C05M29,C05,M29,H3K9me3,109057846,0.33522009728836405,0.14819389101939054,0.2610376829000373,0.7509996735035985,0.31617707648441884,0.42409687639331334,1395.4481537952145,15.59564526426332,0.4189150743065175
candi.tcfloor,common,boot3,C05M29,C05,M29,H3K9me3,109057846,0.34142121805428294,0.19933036707745394,0.31934097531478595,0.7529604693647727,0.3241568579569055,0.4307795127346721,1382.02653438401,14.469163481173798,3.5401060727672755
avg.none,common,boot3,C05M29,C05,M29,H3K9me3,109057846,0.37006787401973557,0.1775742294686646,0.30895549228760494,0.7880728774866457,0.35661314272996897,0.4577191779178244,1373.7736420055242,14.226599868231428,5.742548863060656
avocado.none,common,boot3,C05M29,C05,M29,H3K9me3,109057846,0.41583955758654023,0.11312738181663554,0.18717267513037605,0.8077042740927708,0.38713319556079484,0.5153872272780575,1376.9769727267999,14.624918555543413,8.632161203570703
candi.none,common,boot4,C05M29,C05,M29,H3K9me3,108648504,0.3309383288174135,0.1520445082340148,0.2700139427338905,0.7643992498985088,0.31292185146894536,0.4284495160976825,1424.794853513277,15.480445513942113,0.413176478771361
candi.tcfloor,common,boot4,C05M29,C05,M29,H3K9me3,108648504,0.3372118525379489,0.20071927380427432,0.32677462838254284,0.7664994135587007,0.3202411335449301,0.435574761159849,1411.0830585716233,14.386406274804196,3.5183171875144765
avg.none,common,boot4,C05M29,C05,M29,H3K9me3,108648504,0.36494878596534314,0.17786857486214372,0.3159792843812534,0.7997425048234982,0.3498481442570585,0.46280690796319773,1402.6413558341765,14.148081364653647,5.624656979377169
avocado.none,common,boot4,C05M29,C05,M29,H3K9me3,108648504,0.4155045193149514,0.11518021901711725,0.19237455532700248,0.8234361209199551,0.38734908103836313,0.5198148074371941,1405.9198643557202,14.472628953073572,8.882720589189498
candi.none,common,boot5,C05M29,C05,M29,H3K9me3,109056922,0.33758487696925527,0.1550774075917915,0.27296061659385806,0.765655877975003,0.3202193721177881,0.4320871655534586,1405.862836934424,15.699204563780734,0.4286437380657149
candi.tcfloor,common,boot5,C05M29,C05,M29,H3K9me3,109056922,0.34294275621923465,0.2038947211922474,0.33012640348720956,0.7671541581022233,0.32800665420782343,0.4389347976836555,1392.3273638477715,14.567280586995281,3.5514588189928085
avg.none,common,boot5,C05M29,C05,M29,H3K9me3,109056922,0.37116384739347075,0.18051135478413816,0.31912007607964543,0.8026464236783265,0.3612099738723023,0.466263339840854,1383.9987438858464,14.321809280269461,5.7057127233731295
avocado.none,common,boot5,C05M29,C05,M29,H3K9me3,109056922,0.4215834846701886,0.11694096133541645,0.19385011428521046,0.8252206665202662,0.39493459955283516,0.5229168633182814,1387.244698583547,14.68148303211689,8.919100984233783
candi.none,common,boot6,C05M29,C05,M29,H3K9me3,109061592,0.330737010694136,0.1512894353550837,0.2680296955481834,0.7607748877279678,0.313323560812471,0.42492561996498196,1414.0749064757854,15.451677149528772,0.4165267470119106
candi.tcfloor,common,boot6,C05M29,C05,M29,H3K9me3,109061592,0.33707341536266294,0.19972347233813117,0.3244839521193072,0.7637932130885813,0.32167292440590234,0.4302821551921919,1400.4639672180706,14.362969203015222,3.530100394652412
avg.none,common,boot6,C05M29,C05,M29,H3K9me3,109061592,0.3648026727770423,0.17682850072001102,0.31382907389813297,0.7988123456588033,0.3538540018703858,0.45453150400757986,1392.0823082520835,14.132718249279996,5.719518864353499
avocado.none,common,boot6,C05M29,C05,M29,H3K9me3,109061592,0.41242178768586885,0.11609426393142225,0.1944476697720777,0.8207585305057434,0.38471688513008734,0.5177407510577144,1395.3400125554963,14.447456046664637,8.650212098441347
candi.none,common,boot7,C05M29,C05,M29,H3K9me3,109047905,0.338420011811286,0.13983050120489002,0.24073281773189745,0.768895987856125,0.31615770298311285,0.42948971395971147,1382.5262197882523,15.635842896622178,0.4244790823552282
candi.tcfloor,common,boot7,C05M29,C05,M29,H3K9me3,109047905,0.3447998151257889,0.19308105204676182,0.3001064111611605,0.7690453261534941,0.32447140894337384,0.4362900739353726,1369.2153128593231,14.516546983837207,3.5136352742790287
avg.none,common,boot7,C05M29,C05,M29,H3K9me3,109047905,0.37298122077895546,0.17308495458603965,0.2905675260763191,0.7986203932022345,0.35702500565706424,0.4628235525499629,1361.0152843006863,14.273563775795717,5.677706276241668
avocado.none,common,boot7,C05M29,C05,M29,H3K9me3,109047905,0.42545682362965426,0.11104795891753573,0.1625359731665876,0.8298509741436167,0.39260608266169505,0.520833767165166,1364.2328996848796,14.620721998399583,9.03901599797772
candi.none,common,boot8,C05M29,C05,M29,H3K9me3,109595876,0.34990404587804375,0.15876162707217734,0.27335832291835527,0.7810622928944062,0.32835470908799363,0.43292884751818234,1360.404460563214,15.966453486357532,0.44892315214743256
candi.tcfloor,common,boot8,C05M29,C05,M29,H3K9me3,109595876,0.35391537410268414,0.20477710146119205,0.32877545862762436,0.7818803930034643,0.3353381005258222,0.4391224016290745,1347.3038926381253,14.805952896868922,3.5521298348754184
avg.none,common,boot8,C05M29,C05,M29,H3K9me3,109595876,0.3828308309566346,0.18029552491447792,0.31551707344527147,0.8184734637746345,0.3687674790481534,0.46645309226847365,1339.2569199423979,14.551232060989216,5.752925264143756
avocado.none,common,boot8,C05M29,C05,M29,H3K9me3,109595876,0.43849047002484864,0.11355920747187125,0.19123372628286353,0.8445380186374353,0.4067529560215024,0.5272090497062094,1342.411603122785,14.937700008731785,9.103972406696665
candi.none,common,boot9,C05M29,C05,M29,H3K9me3,109214135,0.3296104549231894,0.14941229647536988,0.2519363287923471,0.7928642289348283,0.3232887645529188,0.33851588511571384,390.8748606995173,14.381760002310774,0.4323884983885826
candi.tcfloor,common,boot9,C05M29,C05,M29,H3K9me3,109214135,0.3342109716630929,0.2010482295353971,0.3105631542037053,0.7938469128248957,0.33060365030710215,0.34311643178260914,387.9299737793818,13.286271514250116,2.6835812357436946
avg.none,common,boot9,C05M29,C05,M29,H3K9me3,109214135,0.3609472253822553,0.17897987484655864,0.3002524602969827,0.8285254099493033,0.3629017186164997,0.3669090818133741,386.0303212941499,13.041764101139085,4.708361498760518
avocado.none,common,boot9,C05M29,C05,M29,H3K9me3,109214135,0.4127862046360588,0.11358281008724445,0.18388500805475516,0.8513167049645103,0.40015265757618684,0.42859494822734145,372.1886721926455,13.380938606808547,8.737727385993312
avg.none,full,all23,C06M16,C06,M16,H3K27ac,121240998,106.80788097450723,0.5079184590447007,0.2984554147446258,767.8044677110487,155.72806883180922,1475.0405982709249,433649.99914117844,10330.985351059866,7439.627158365763
avocado.none,full,all23,C06M16,C06,M16,H3K27ac,121240998,117.75898184683783,0.54728707431284,0.18037433442198278,892.0152716649532,173.90295176651514,1592.8131391241739,429148.68267793296,11714.16694265629,9686.572288089788
avocado005.none,full,all23,C06M16,C06,M16,H3K27ac,121240998,110.48625016499167,0.42122625428926147,0.09276035573582024,807.4128514109937,161.64351773605003,1481.2050862059104,435068.82335073996,10484.844261581638,8635.513334904574
avg.none,full,boot0,C06M16,C06,M16,H3K27ac,109250012,101.87791461009743,0.5119150473013987,0.2875926785795837,643.0105969436731,150.11279934748882,1354.5882860783959,97418.6583848634,9844.652524635465,7028.7315816591945
avocado.none,full,boot0,C06M16,C06,M16,H3K27ac,109250012,113.45215426887331,0.5492529048856706,0.186958421805448,776.1006630583819,169.1035722110477,1493.1507877940812,108928.32878392474,11286.889071286603,9333.447039628161
avocado005.none,full,boot0,C06M16,C06,M16,H3K27ac,109250012,105.14923917853785,0.42797059907236334,0.0993580384049982,684.1729910372318,155.23688959993527,1362.1556142880495,99409.66614295554,9990.281691970493,8228.179588530682
avg.none,full,boot1,C06M16,C06,M16,H3K27ac,109208595,105.47402165484112,0.5023605994429461,0.30273909886968503,764.7605184762433,154.9297483753264,1523.7508416718472,479927.7409507847,10200.556499538712,7360.884242749145
avocado.none,full,boot1,C06M16,C06,M16,H3K27ac,109208595,115.68949154535208,0.5467126111821303,0.177763388890916,882.2616367015257,172.1595021802249,1636.90294646579,472710.9753250678,11509.086994849169,9548.797617138098
avocado005.none,full,boot1,C06M16,C06,M16,H3K27ac,109208595,108.7493459809506,0.4209183788320911,0.08735056360846147,800.9580919535787,161.02483641477443,1516.2851274798888,481028.98699037306,10336.203345237596,8526.360109747367
avg.none,full,boot2,C06M16,C06,M16,H3K27ac,109027451,108.33367619307224,0.5055569977265256,0.30001257812729115,781.8807213501555,157.09535627808168,1508.9890279316683,460220.3518603284,10486.123328112628,7541.346713944525
avocado.none,full,boot2,C06M16,C06,M16,H3K27ac,109027451,119.35882622559375,0.5401462922815151,0.17418221450632057,906.9457341835545,175.43014103381256,1625.6516267544137,455097.61184613395,11873.355207400866,9800.123869924808
avocado005.none,full,boot2,C06M16,C06,M16,H3K27ac,109027451,111.42047091212787,0.4238953346040603,0.09362707960972905,822.5025125627931,162.43352178710265,1466.2147181348444,461780.3320747045,10586.65127372559,8691.785543538805
avg.none,full,boot3,C06M16,C06,M16,H3K27ac,109057867,111.20250169193791,0.5106968783502199,0.3019846994698905,780.5554856952717,159.98375983466158,1492.605468697282,452971.2869099596,10748.089648353502,7797.008196126392
avocado.none,full,boot3,C06M16,C06,M16,H3K27ac,109057867,122.82331476319459,0.5493025133274624,0.17616085726472572,905.5358924646669,178.93985888047519,1612.6386977715074,447924.14275950164,12216.253299803384,10093.168596830983
avocado005.none,full,boot3,C06M16,C06,M16,H3K27ac,109057867,115.2855932072887,0.42218898721241843,0.09560724777986544,821.3940665875184,166.35403941200187,1502.622704561362,454534.57609812345,10925.662709734106,8977.068592244126
avg.none,full,boot4,C06M16,C06,M16,H3K27ac,108648525,106.46649771348388,0.5058655896819272,0.30399131146415914,778.1284845552158,156.88250320016252,1500.6211597960644,472779.26685790834,10301.41114956712,7431.760487267209
avocado.none,full,boot4,C06M16,C06,M16,H3K27ac,108648525,117.41230661639705,0.5513546139479513,0.18184428633074512,905.2131937343565,175.1466353974645,1612.9991401087348,467351.29311310675,11681.75282383557,9690.893320837078
avocado005.none,full,boot4,C06M16,C06,M16,H3K27ac,108648525,110.13398006121311,0.41913012468397154,0.08703227144588992,817.9043633408043,162.4169827313956,1503.506434257277,473840.53140620166,10446.42410386206,8553.934671170075
avg.none,full,boot5,C06M16,C06,M16,H3K27ac,109056943,106.4115649462655,0.505482233421086,0.3036936614608685,780.120238108864,155.58439424144038,1504.1426426118899,474909.0522385749,10290.148207192604,7441.068654050855
avocado.none,full,boot5,C06M16,C06,M16,H3K27ac,109056943,116.47401839515848,0.5508552355671169,0.18073311283211627,896.6370695182109,172.57772777080413,1610.5357459638215,468647.0462123139,11586.906745964749,9570.168606493497
avocado005.none,full,boot5,C06M16,C06,M16,H3K27ac,109056943,110.29692866134154,0.41813027488645205,0.08629487338556327,818.0039946194297,161.60804895071593,1510.368387114896,476362.4188209362,10470.08048433382,8549.810567094131
avg.none,full,boot6,C06M16,C06,M16,H3K27ac,109061613,107.18240535095242,0.5100779002375286,0.3035464133703879,792.6856906140991,156.9917796025356,1480.837627687302,462470.5654752852,10357.36934595256,7514.120841335359
avocado.none,full,boot6,C06M16,C06,M16,H3K27ac,109061613,118.76552827941342,0.5459424568703539,0.18854542808924601,922.267672978727,176.27204521111588,1607.1526011250694,457197.0201634511,11815.399591494412,9800.817261112303
avocado005.none,full,boot6,C06M16,C06,M16,H3K27ac,109061613,111.3809587212531,0.42034912104256755,0.08926552314399609,832.7893752737621,163.5491073906409,1502.4448912577395,463868.721826198,10563.65856549052,8762.87070626764
avg.none,full,boot7,C06M16,C06,M16,H3K27ac,109047925,105.82181428944033,0.5167223413036418,0.2871385551056543,790.8695980883721,154.12192799838346,1469.7293489666479,461728.4240713758,10264.784133511424,7376.923240971799
avocado.none,full,boot7,C06M16,C06,M16,H3K27ac,109047925,116.56597546546305,0.5489099842043794,0.17210144017514778,912.5116137453691,172.0557359679396,1582.1339820393782,454429.6043045102,11594.458775005107,9568.07364354581
avocado005.none,full,boot7,C06M16,C06,M16,H3K27ac,109047925,109.55393711368615,0.4211445763001298,0.10343270822628808,829.5382572569503,160.15747333282732,1486.9405177217545,462526.7067290817,10388.713873483419,8517.275153038427
avg.none,full,boot8,C06M16,C06,M16,H3K27ac,109595897,110.91833925273747,0.50302197911588,0.30212840270999014,782.0647220958829,160.1411949356232,1475.3494920029586,469533.36551653914,10721.916407156314,7627.109153337431
avocado.none,full,boot8,C06M16,C06,M16,H3K27ac,109595897,121.95174263033975,0.5473927091254,0.18614142994508848,902.3586012112486,178.35232415453208,1590.7279672577852,462648.0032354225,12128.591037975024,9983.816237957248
avocado005.none,full,boot8,C06M16,C06,M16,H3K27ac,109595897,114.67623494117267,0.4185234902605502,0.09184468461751455,820.8615693694469,166.05280925026096,1488.704463639049,471247.9716456669,10881.265826055982,8847.355568264622
avg.none,full,boot9,C06M16,C06,M16,H3K27ac,109214154,104.38283810925724,0.5082376764734047,0.29102876798001254,781.2639057407819,151.313107044713,1438.474424219879,468985.2172229844,10094.264472655073,7274.650802870488
avocado.none,full,boot9,C06M16,C06,M16,H3K27ac,109214154,115.08904077671166,0.5445147979689958,0.17898442175173418,907.7072873851353,168.8535931138023,1554.7713970609202,462637.0322639328,11447.806267677797,9462.749977932046
avocado005.none,full,boot9,C06M16,C06,M16,H3K27ac,109214154,108.20902989745376,0.4203474026823112,0.09431445560523342,823.2917195160749,157.46705513291556,1471.777881906637,470567.0944876564,10280.357030483983,8505.585948768656
candi.none,common,all23,C06M16,C06,M16,H3K27ac,121240975,117.78744377574851,0.4596089982397838,0.2887927487597879,894.102940753798,173.8122914475122,1615.785659556594,464918.5389485558,11645.690930735856,9650.08014168652
candi.tcfloor,common,all23,C06M16,C06,M16,H3K27ac,121240975,113.15503519024408,0.543949689940161,0.3139655636221532,847.9655895043333,166.4416608115832,1559.8799798218904,454981.85613380943,11195.257612044848,9184.866501667275
avg.none,common,all23,C06M16,C06,M16,H3K27ac,121240975,106.80790123647941,0.5079184582618653,0.2984550150007932,767.8044677110487,155.72806883180922,1475.0405982709249,433649.99914117844,10330.985351059866,7439.627158365763
avocado.none,common,all23,C06M16,C06,M16,H3K27ac,121240975,117.75900418598656,0.5472870737344562,0.18037386877073952,892.0152716649532,173.90295176651514,1592.8131391241739,429148.68267793296,11714.16694265629,9686.572288089788
candi.none,common,boot0,C06M16,C06,M16,H3K27ac,109249991,112.52357574805598,0.4643714723336206,0.27807227145652114,762.8531810284898,167.64023579468193,1494.731107731355,114229.00445074766,11121.650016721733,9203.311971913492
candi.tcfloor,common,boot0,C06M16,C06,M16,H3K27ac,109249991,108.00919574529166,0.5494962846531732,0.30319416989335857,718.7684511152827,160.4609299102031,1439.3701405588347,108823.5028989845,10683.091661936118,8731.628985729525
avg.none,common,boot0,C06M16,C06,M16,H3K27ac,109249991,101.87793419303915,0.5119150464974306,0.28759226736105753,643.0105969436731,150.11279934748882,1354.5882860783959,97418.6583848634,9844.661399356488,7028.737917583592
avocado.none,common,boot0,C06M16,C06,M16,H3K27ac,109249991,113.45217607633775,0.5492529043214174,0.18695795391052866,776.1006630583819,169.1035722110477,1493.1507877940812,108928.32878392474,11286.899260576762,9333.455307310383
candi.none,common,boot1,C06M16,C06,M16,H3K27ac,109208574,115.98845018712542,0.45868287797837426,0.29314015447898384,886.9262126924854,172.47501265504425,1663.130766552762,512953.5501377897,11470.40671586011,9564.957087916904
candi.tcfloor,common,boot1,C06M16,C06,M16,H3K27ac,109208574,111.50798289974594,0.541316124547624,0.31828778231450217,842.1402401663939,165.24721044777885,1607.6174008680262,502466.8952779115,11033.734601810727,9084.699242356675
avg.none,common,boot1,C06M16,C06,M16,H3K27ac,109208574,105.47404193671437,0.5023605986328459,0.30273869606997567,764.7605184762433,154.9297483753264,1523.7508416718472,479927.7409507847,10200.556499538712,7360.884242749145
avocado.none,common,boot1,C06M16,C06,M16,H3K27ac,109208574,115.68951379126192,0.5467126106016055,0.1777629153812917,882.2616367015257,172.1595021802249,1636.90294646579,472710.9753250678,11509.086994849169,9548.797617138098
candi.none,common,boot2,C06M16,C06,M16,H3K27ac,109027430,119.3920795698208,0.45547188885132894,0.2895890724753091,908.8982283023007,175.32479693760703,1648.347506355527,493035.7949632962,11805.204299005227,9762.747128489495
candi.tcfloor,common,boot2,C06M16,C06,M16,H3K27ac,109027430,114.74197334962963,0.5398973023323409,0.31526652263380206,862.4935199807816,167.90836678819255,1593.520543380085,482606.59444349736,11353.595343323079,9304.105160785262
avg.none,common,boot2,C06M16,C06,M16,H3K27ac,109027430,108.33369705944688,0.5055569969302626,0.3000121731487655,781.8807213501555,157.09535627808168,1508.9890279316683,460220.3518603284,10486.123328112628,7541.346713944525
avocado.none,common,boot2,C06M16,C06,M16,H3K27ac,109027430,119.35884921525547,0.5401462916881079,0.1741817380381298,906.9457341835545,175.43014103381256,1625.6516267544137,455097.61184613395,11873.355207400866,9800.123869924808
candi.none,common,boot3,C06M16,C06,M16,H3K27ac,109057846,123.04843534754575,0.46093402297044395,0.29197047985457664,909.5624745857654,179.13715500707914,1637.1960140202777,485509.18624891434,12166.301278216954,10024.680670956928
candi.tcfloor,common,boot3,C06M16,C06,M16,H3K27ac,109057846,118.06279716394361,0.5465981359039579,0.3171969545481578,862.4190953847046,171.34556036144065,1579.5926911172382,475168.16427313397,11680.074481212112,9586.651795281672
avg.none,common,boot3,C06M16,C06,M16,H3K27ac,109057846,111.20252310490929,0.5106968775599822,0.30198429574700486,780.5554856952717,159.98375983466158,1492.605468697282,452971.2869099596,10748.089648353502,7797.008196126392
avocado.none,common,boot3,C06M16,C06,M16,H3K27ac,109057846,122.82333841357575,0.5493025127070167,0.17616038226262692,905.5358924646669,178.93985888047519,1612.6386977715074,447924.14275950164,12216.253299803384,10093.168596830983
candi.none,common,boot4,C06M16,C06,M16,H3K27ac,108648504,117.25518137959216,0.4582635476458782,0.29417125112084275,904.7991432996706,174.57646158287315,1635.2171768996234,505863.51408972486,11594.37011633475,9648.202123217492
candi.tcfloor,common,boot4,C06M16,C06,M16,H3K27ac,108648504,112.70007587230347,0.5420813136499638,0.31936710337322516,858.7305577764195,167.3582655818686,1581.3644737655115,495356.9737352464,11151.591900080419,9179.290506926945
avg.none,common,boot4,C06M16,C06,M16,H3K27ac,108648504,106.46651829173732,0.5058655888989437,0.3039909072921757,778.1284845552158,156.88250320016252,1500.6211597960644,472779.26685790834,10301.41114956712,7431.760487267209
avocado.none,common,boot4,C06M16,C06,M16,H3K27ac,108648504,117.41232930997815,0.5513546134254627,0.18184381277155282,905.2131937343565,175.1466353974645,1612.9991401087348,467351.29311310675,11681.75282383557,9690.893320837078
candi.none,common,boot5,C06M16,C06,M16,H3K27ac,109056922,117.32525263606409,0.45917248780703773,0.2938963022031386,905.0918539012872,173.72824880558838,1647.329256686665,508534.3823893012,11603.628907827833,9621.777563121228
candi.tcfloor,common,boot5,C06M16,C06,M16,H3K27ac,109056922,112.69934224595245,0.5432594109147665,0.3189490704336261,859.5317991335304,166.28996809860982,1590.1191503600317,497852.1895331256,11152.359287759093,9155.756062606331
avg.none,common,boot5,C06M16,C06,M16,H3K27ac,109056922,106.41158543687555,0.5054822326343946,0.3036932586205138,780.120238108864,155.58439424144038,1504.1426426118899,474909.0522385749,10290.148207192604,7441.068654050855
avocado.none,common,boot5,C06M16,C06,M16,H3K27ac,109056922,116.4740408230622,0.5508552350006166,0.18073264023864224,896.6370695182109,172.57772777080413,1610.5357459638215,468647.0462123139,11586.906745964749,9570.168606493497
candi.none,common,boot6,C06M16,C06,M16,H3K27ac,109061592,118.543321058145,0.45968004805196766,0.29392042948201774,923.1993558801701,175.71952042777116,1624.8669862059226,495509.69386888784,11720.391592099599,9729.526834618087
candi.tcfloor,common,boot6,C06M16,C06,M16,H3K27ac,109061592,113.74102877673012,0.5452527966910721,0.3188542137353706,875.637153293567,168.07988467111136,1567.4292075795545,485009.47932048235,11252.305999306695,9260.940082487514
avg.none,common,boot6,C06M16,C06,M16,H3K27ac,109061592,107.18242598911175,0.5100778994650826,0.30354601049385527,792.6856906140991,156.9917796025356,1480.837627687302,462470.5654752852,10357.378802748652,7514.127727217694
avocado.none,common,boot6,C06M16,C06,M16,H3K27ac,109061592,118.76555114762692,0.5459424562811859,0.1885449602032836,922.267672978727,176.27204521111588,1607.1526011250694,457197.0201634511,11815.410393352931,9800.826238579068
candi.none,common,boot7,C06M16,C06,M16,H3K27ac,109047905,116.58778038263473,0.4609826132475168,0.27687381673016936,918.7127306471448,172.14585605650572,1611.5789194891634,492350.3058115698,11523.969670868906,9533.6867100767
candi.tcfloor,common,boot7,C06M16,C06,M16,H3K27ac,109047905,112.17258503718627,0.5455247681162738,0.30273198738236956,872.1884185582181,165.0206279618456,1556.347796940652,482651.3621400213,11099.14557484929,9101.892831429275
avg.none,common,boot7,C06M16,C06,M16,H3K27ac,109047905,105.82183369775713,0.5167223405877143,0.28713816254902125,790.8695980883721,154.12192799838346,1469.7293489666479,461728.4240713758,10264.784133511424,7376.923240971799
avocado.none,common,boot7,C06M16,C06,M16,H3K27ac,109047905,116.565996844035,0.5489099836436138,0.17210098534697468,912.5116137453691,172.0557359679396,1582.1339820393782,454429.6043045102,11594.458775005107,9568.07364354581
candi.none,common,boot8,C06M16,C06,M16,H3K27ac,109595876,122.0022522544522,0.45904574507495177,0.29419238978164836,907.7435879415793,178.30331680207345,1613.2452194193224,502082.76743588765,12060.537911337002,9917.342326338992
candi.tcfloor,common,boot8,C06M16,C06,M16,H3K27ac,109595876,117.28886819326773,0.5416069667732819,0.31830682778629504,861.6147913464396,170.8596496314634,1558.1618818882991,491748.3365592818,11602.007219254443,9439.83841673144
avg.none,common,boot8,C06M16,C06,M16,H3K27ac,109595876,110.91836050613868,0.5030219782809882,0.3021280010606362,782.0647220958829,160.1411949356232,1475.3494920029586,469533.36551653914,10721.916407156314,7627.109153337431
avocado.none,common,boot8,C06M16,C06,M16,H3K27ac,109595876,121.95176599759492,0.5473927084974597,0.18614096314210654,902.3586012112486,178.35232415453208,1590.7279672577852,462648.0032354225,12128.591037975024,9983.816237957248
candi.none,common,boot9,C06M16,C06,M16,H3K27ac,109214135,115.20109323094405,0.4596740160465732,0.28142593824533196,910.3020093301875,168.9219084956532,1580.89747602454,501986.3324936969,11389.42388203064,9471.705608089396
candi.tcfloor,common,boot9,C06M16,C06,M16,H3K27ac,109214135,110.6197059844102,0.5446267819717244,0.3067773693550756,863.2717837271709,161.70466980230148,1523.9689075297792,491498.3984954046,10943.765608774334,8997.41525361988
avg.none,common,boot9,C06M16,C06,M16,H3K27ac,109214135,104.38285626875577,0.5082376757444003,0.2910283975953198,781.2639057407819,151.313107044713,1438.474424219879,468985.2172229844,10094.264472655073,7274.650802870488
avocado.none,common,boot9,C06M16,C06,M16,H3K27ac,109214135,115.08906079845202,0.5445147974318982,0.17898399381239866,907.7072873851353,168.8535931138023,1554.7713970609202,462637.0322639328,11447.806267677797,9462.749977932046
avg.none,full,all23,C06M17,C06,M17,H3K27me3,121240998,0.49010429579717274,0.45824193853577844,0.32805544827691696,1.2610183045006769,0.546567109900112,1.4215078596438646,11.72747082465899,15.956932072173588,14.403880367310256
avocado.none,full,all23,C06M17,C06,M17,H3K27me3,121240998,0.5977479976334924,0.38870263153523116,0.27358612650709624,1.6830840310343549,0.6544446590747756,2.0579416948728464,24.093274795598436,22.260018812930067,23.191876058673515
avocado005.none,full,all23,C06M17,C06,M17,H3K27me3,121240998,5.132337219489971,0.3840276949249333,0.3201966765147338,19.09570386842987,5.7292386876244805,19.76937479547595,164.29544627654872,134.88702696226804,352.3293247937746
avg.none,full,boot0,C06M17,C06,M17,H3K27me3,109250012,0.4775589060826912,0.45943280684118565,0.3165084866117693,1.239906630592488,0.5337040054316943,1.390477859037347,11.810318715551842,15.668273164571223,14.159686826199883
avocado.none,full,boot0,C06M17,C06,M17,H3K27me3,109250012,0.566894180931008,0.3894682365406388,0.2712458373861156,1.637536225657419,0.6174650591825275,2.0473352496798727,22.4379429525642,21.82370485802523,21.01520777239444
avocado005.none,full,boot0,C06M17,C06,M17,H3K27me3,109250012,4.975689434340978,0.38309989667882094,0.30941944161653656,18.912447582109714,5.5206691524978595,19.534349220805808,167.46521930310678,134.2468988113575,345.9892546941797
avg.none,full,boot1,C06M17,C06,M17,H3K27me3,109208595,0.48440257082204125,0.4566592341477568,0.3326650835582075,1.250097734245491,0.5427946832439042,1.4142038473026268,11.637195523911798,15.857456658746065,13.982350829195251
avocado.none,full,boot1,C06M17,C06,M17,H3K27me3,109208595,0.6069122131334783,0.38662382157874403,0.27429270187540866,1.7309630488590146,0.6686710447124588,2.150013585902547,25.235654712618437,22.498740600802417,24.247273117690643
avocado005.none,full,boot1,C06M17,C06,M17,H3K27me3,109208595,5.053247917318497,0.3821119770569448,0.3243322421109624,19.156115971127313,5.680882805735218,19.164392532248865,168.4221567333078,131.61516312108344,350.05557952468115
avg.none,full,boot2,C06M17,C06,M17,H3K27me3,109027451,0.49998147178753266,0.4619116394405482,0.32940998429106594,1.2873062081612434,0.5578505779517288,1.459556256377441,11.948836035457086,16.12750925805657,14.850071832270356
avocado.none,full,boot2,C06M17,C06,M17,H3K27me3,109027451,0.6047597170177706,0.39364961668668663,0.27667406277120066,1.681996033536218,0.6559804544128347,2.0755320785115865,24.121543562310226,22.488017405149204,23.268827379197777
avocado005.none,full,boot2,C06M17,C06,M17,H3K27me3,109027451,5.262480985156649,0.3865234413044308,0.32154392866963893,19.417477423825385,5.8716523714078885,20.462799346676043,166.76314461597107,138.07979864718783,359.50698392513
avg.none,full,boot3,C06M17,C06,M17,H3K27me3,109057867,0.5047210938799869,0.4601061988067054,0.33288806032695817,1.2725940966422538,0.5588915837448241,1.4029301668882308,11.912122707237899,16.27182250465452,14.717461086527617
avocado.none,full,boot3,C06M17,C06,M17,H3K27me3,109057867,0.6045248354371835,0.39378567872973347,0.2755256567424572,1.6462782874905455,0.6602806620781518,1.5004286839896865,22.34913527433035,22.0430287544015,22.621303362087794
avocado005.none,full,boot3,C06M17,C06,M17,H3K27me3,109057867,5.347347894813499,0.3857999797810902,0.32550644088750585,19.23829445722705,5.904600970224377,19.525246472849638,168.3720072839178,138.63900099749324,366.86738043182976
avg.none,full,boot4,C06M17,C06,M17,H3K27me3,108648525,0.4913310358157975,0.4594802267998216,0.33556122067485583,1.2423482119984148,0.5480422813199989,1.4404183946447688,11.630387440183837,16.069213269138952,14.304339987411778
avocado.none,full,boot4,C06M17,C06,M17,H3K27me3,108648525,0.5677268544405614,0.3930956521782384,0.2757490065521269,1.574468344346763,0.6266053347412935,2.0591869472253492,21.21499891070951,21.516989640596993,20.320939798125906
avocado005.none,full,boot4,C06M17,C06,M17,H3K27me3,108648525,5.178301461049646,0.3855580715693522,0.32729410754700095,19.05229752545823,5.804040086703873,20.429096495537326,146.44280944065568,133.97339722883513,350.30802888690744
avg.none,full,boot5,C06M17,C06,M17,H3K27me3,109056943,0.4855999455790279,0.45864481303843874,0.334481838135774,1.2573835827683133,0.5485061919269563,1.4405181707547887,11.65395789483735,15.867012110747115,14.319857778557875
avocado.none,full,boot5,C06M17,C06,M17,H3K27me3,109056943,0.5972022516719954,0.3837705745517642,0.2768156378031421,1.6900294074570983,0.6614753989288518,2.163087820540628,24.214836527545565,22.124070611444548,23.330221803837244
avocado005.none,full,boot5,C06M17,C06,M17,H3K27me3,109056943,5.143795379145032,0.384777607813834,0.3260087259753202,19.220664322262806,5.817108432247166,20.07103380097743,167.9847733597659,136.6823752690041,354.99992356371865
avg.none,full,boot6,C06M17,C06,M17,H3K27me3,109061613,0.48938244053289653,0.45833443491563625,0.33472234751004465,1.24487700104451,0.548508488530338,1.4311955403301428,11.789148985172982,15.902220715712875,14.418074684342328
avocado.none,full,boot6,C06M17,C06,M17,H3K27me3,109061613,0.603493615348794,0.3889633749364135,0.2852795680678939,1.6008021177446587,0.6658897147526849,2.1546672772258417,24.961868176129947,22.28517682103786,23.851875626390488
avocado005.none,full,boot6,C06M17,C06,M17,H3K27me3,109061613,5.197381165796759,0.38627583207968746,0.3264725149113523,19.209928817447945,5.875535932843678,19.956435969882424,165.39222109827932,135.02048259230276,359.5470960176833
avg.none,full,boot7,C06M17,C06,M17,H3K27me3,109047925,0.486916555317217,0.4518373472292834,0.3136483208514184,1.2609470967035292,0.5407903711535413,1.4180920476851686,11.03408905604257,15.749430161054795,14.280209016207579
avocado.none,full,boot7,C06M17,C06,M17,H3K27me3,109047925,0.6038259608983059,0.3824189920475146,0.2614267029404332,1.7422221573097223,0.6588862917525321,2.1660683049045395,25.4918875988134,22.556334472040668,24.115244354728176
avocado005.none,full,boot7,C06M17,C06,M17,H3K27me3,109047925,4.993346558743623,0.37886662079836186,0.3060998478352787,18.806117446238456,5.588603171554551,19.20161608746276,158.35533202557912,131.94809465785767,345.83561418821796
avg.none,full,boot8,C06M17,C06,M17,H3K27me3,109595897,0.49651891604220927,0.46319407653941436,0.33029327279323395,1.2938291574143495,0.54838982769134,1.421081081101386,12.233304119496673,16.141081407014983,14.898083307007452
avocado.none,full,boot8,C06M17,C06,M17,H3K27me3,109595897,0.6165008953611945,0.39129504465717085,0.2740594439226535,1.7723797845452205,0.669072876315017,2.125875772327857,25.722248839847065,22.955934761878773,24.789307435319643
avocado005.none,full,boot8,C06M17,C06,M17,H3K27me3,109595897,5.23658227120611,0.3873330811257773,0.3227945279271758,19.521705902864902,5.778383795307266,19.749234195886018,172.7192087076248,140.4644028275483,365.02838780677956
avg.none,full,boot9,C06M17,C06,M17,H3K27me3,109214154,0.4846432408488077,0.45227266986069337,0.31964403057392254,1.259653647443532,0.538048339753111,1.396534190120459,11.584084989213144,15.861463724229427,14.085339575565632
avocado.none,full,boot9,C06M17,C06,M17,H3K27me3,109214154,0.6054671933125527,0.38572126667065876,0.2650123390252909,1.758813034694184,0.6596853266384959,2.1603270070093843,25.137096798007274,22.233638952205485,24.316211278162427
avocado005.none,full,boot9,C06M17,C06,M17,H3K27me3,109214154,4.935546168901579,0.37942857158578214,0.31187223145622595,18.38380343173122,5.449662331785787,19.590900505495007,160.06638262845436,127.76195259368495,342.28775358505436
candi.none,common,all23,C06M17,C06,M17,H3K27me3,121240975,0.5026441028384049,0.2578336854773853,0.2858408300764817,1.4134692648235132,0.5599068952410281,1.3249237475715714,16.58097394125519,27.129042245595162,5.872159848588549
candi.tcfloor,common,all23,C06M17,C06,M17,H3K27me3,121240975,0.41900399230531915,0.45649356497076293,0.3301389219392429,0.9572236308497616,0.45628457423321817,0.9207537258587624,8.69131021264828,18.380568691182646,7.99792311272549
avg.none,common,all23,C06M17,C06,M17,H3K27me3,121240975,0.4901043887723307,0.4582419069922685,0.32805506529559986,1.2610183045006769,0.546567109900112,1.4215078596438646,11.72747082465899,15.956932072173588,14.403880367310256
avocado.none,common,all23,C06M17,C06,M17,H3K27me3,121240975,0.597748110553014,0.3887026054168979,0.2735857220547298,1.6830840310343549,0.6544446590747756,2.0579416948728464,24.093274795598436,22.260018812930067,23.191876058673515
candi.none,common,boot0,C06M17,C06,M17,H3K27me3,109249991,0.49075684715521517,0.25236569597749103,0.2735168548064167,1.3916450626092767,0.5483073247051888,1.3026432745280065,16.803958800748312,26.57337291368503,5.786920566579056
candi.tcfloor,common,boot0,C06M17,C06,M17,H3K27me3,109249991,0.408578441740655,0.4563614846614478,0.31783092760330767,0.9340544034501789,0.44569337524884495,0.8961126449127533,8.708933983285657,17.9182660327835,7.90002914762492
avg.none,common,boot0,C06M17,C06,M17,H3K27me3,109249991,0.47755899787891865,0.4594327748165545,0.31650809197257074,1.239906630592488,0.5337040054316943,1.390477859037347,11.810318715551842,15.668273164571223,14.159697619979273
avocado.none,common,boot0,C06M17,C06,M17,H3K27me3,109249991,0.5668942895003403,0.38946820921733294,0.27124542013987796,1.637536225657419,0.6174650591825275,2.0473352496798727,22.437942952564203,21.82370485802523,21.015241457513067
candi.none,common,boot1,C06M17,C06,M17,H3K27me3,109208574,0.4975518018518936,0.2609665395128101,0.29244056368347604,1.3886759598876117,0.5568725771555977,1.3123429077674877,16.031090714782167,26.749295593237605,5.7865191074529445
candi.tcfloor,common,boot1,C06M17,C06,M17,H3K27me3,109208574,0.4157652115375146,0.455652041301577,0.33567325970014433,0.9454597459663138,0.4556490632399818,0.9104394165050868,8.331663260983468,18.226286898540227,7.806275848336842
avg.none,common,boot1,C06M17,C06,M17,H3K27me3,109208574,0.4844026639690682,0.45665920190180725,0.3326646979475366,1.250097734245491,0.5427946832439042,1.4142038473026268,11.637195523911798,15.857456658746065,13.982350829195251
avocado.none,common,boot1,C06M17,C06,M17,H3K27me3,109208574,0.6069123293628175,0.386623795134968,0.2742922918523137,1.7309630488590146,0.6686710447124588,2.150013585902547,25.235654712618437,22.498740600802417,24.247273117690643
candi.none,common,boot2,C06M17,C06,M17,H3K27me3,109027430,0.5123717836937841,0.2576547180005476,0.28645092198218924,1.4409759618310773,0.571651779614964,1.3635048125585185,17.045981510597496,27.732091553710607,5.990576305433297
candi.tcfloor,common,boot2,C06M17,C06,M17,H3K27me3,109027430,0.4252063445092204,0.4596867679880178,0.3311589608268859,0.9713929596566617,0.46350324943783655,0.9415886401203314,8.897269433809486,18.623035190683296,8.199552188917393
avg.none,common,boot2,C06M17,C06,M17,H3K27me3,109027430,0.4999815680900036,0.4619116078734665,0.32940959621817234,1.2873062081612434,0.5578505779517288,1.459556256377441,11.948836035457086,16.12750925805657,14.850071832270356
avocado.none,common,boot2,C06M17,C06,M17,H3K27me3,109027430,0.6047598329737891,0.39364959022493873,0.2766736546767994,1.681996033536218,0.6559804544128347,2.0755320785115865,24.121543562310226,22.488017405149204,23.268827379197777
candi.none,common,boot3,C06M17,C06,M17,H3K27me3,109057846,0.5191651328224379,0.25810239750841674,0.2881301025033604,1.4336868342865328,0.5726195247417657,1.330265205445248,17.25049448524067,27.93200252950228,6.0020721663840675
candi.tcfloor,common,boot3,C06M17,C06,M17,H3K27me3,109057846,0.43173651681413433,0.4579841543346152,0.3339070270447279,0.969186846078464,0.4656893337120987,0.9226911841919369,9.020779277880495,18.878100053219224,8.210980891001427
avg.none,common,boot3,C06M17,C06,M17,H3K27me3,109057846,0.5047211910682531,0.46010616683236666,0.33288767437990346,1.2725940966422538,0.5588915837448241,1.4029301668882308,11.912122707237899,16.27182250465452,14.717461086527617
avocado.none,common,boot3,C06M17,C06,M17,H3K27me3,109057846,0.6045249513326568,0.39378565196267085,0.27552524853683175,1.6462782874905455,0.6602806620781518,1.5004286839896865,22.34913527433035,22.0430287544015,22.621303362087794
candi.none,common,boot4,C06M17,C06,M17,H3K27me3,108648504,0.5061589400504654,0.25954760023195167,0.2927312244471027,1.412712320768366,0.5662138994550115,1.336557907720537,16.35795118758942,27.329588119871115,5.882612858412349
candi.tcfloor,common,boot4,C06M17,C06,M17,H3K27me3,108648504,0.4217251007281095,0.457722080308963,0.3373878077767315,0.9572614705162846,0.46103404807366605,0.9304066420700617,8.589179215644595,18.557971881799194,8.031236049543496
avg.none,common,boot4,C06M17,C06,M17,H3K27me3,108648504,0.4913311307821465,0.45948019483403746,0.33556083474511034,1.2423482119984148,0.5480422813199989,1.4404183946447688,11.630387440183837,16.069213269138952,14.304339987411778
avocado.none,common,boot4,C06M17,C06,M17,H3K27me3,108648504,0.5677269636633274,0.39309562503587303,0.2757485963551522,1.574468344346763,0.6266053347412935,2.0591869472253492,21.21499891070951,21.516989640596993,20.320939798125906
candi.none,common,boot5,C06M17,C06,M17,H3K27me3,109056922,0.498203338521797,0.26082800795812516,0.2930622087084276,1.4064293805336814,0.5620696760894932,1.3414841707498608,16.533627460795763,26.951803436762546,5.855596045407661
candi.tcfloor,common,boot5,C06M17,C06,M17,H3K27me3,109056922,0.4155724271618494,0.4574925440941048,0.3368726013836629,0.9555903602362985,0.45770198632682413,0.9381920769858972,8.731781653469747,18.309256608707788,7.979444810523159
avg.none,common,boot5,C06M17,C06,M17,H3K27me3,109056922,0.4856000390861494,0.45864478125456437,0.33448145301827936,1.2573835827683133,0.5485061919269563,1.4405181707547887,11.65395789483735,15.867012110747115,14.319857778557875
avocado.none,common,boot5,C06M17,C06,M17,H3K27me3,109056922,0.5972023662506651,0.38377054828934215,0.27681522963589805,1.6900294074570983,0.6614753989288518,2.163087820540628,24.214836527545565,22.124070611444548,23.330221803837244
candi.none,common,boot6,C06M17,C06,M17,H3K27me3,109061592,0.501768867337545,0.2617409535145233,0.2925597660189708,1.388051075346091,0.5602869319332139,1.3091557768107271,16.49242877047421,27.00137566007516,5.842022429923423
candi.tcfloor,common,boot6,C06M17,C06,M17,H3K27me3,109061592,0.41856567974812914,0.45748616685504534,0.3369096238901177,0.9478416458841489,0.4579412242207991,0.9207139238034533,8.693092751030331,18.36624461217689,7.979991664712483
avg.none,common,boot6,C06M17,C06,M17,H3K27me3,109061592,0.4893825347643401,0.45833440308299267,0.3347219625750335,1.24487700104451,0.548508488530338,1.4311955403301428,11.789148985172982,15.902220715712875,14.418095566695223
avocado.none,common,boot6,C06M17,C06,M17,H3K27me3,109061592,0.6034937311782647,0.3889633490946389,0.2852791640940026,1.6008021177446587,0.6658897147526849,2.1546672772258417,24.961868176129947,22.28517682103786,23.851897496324273
candi.none,common,boot7,C06M17,C06,M17,H3K27me3,109047905,0.4957757938190929,0.2511662252949523,0.27081011473611005,1.4056140968853106,0.5510625054977368,1.3060493872538668,15.693331636521322,26.576265915118555,5.713067894395738
candi.tcfloor,common,boot7,C06M17,C06,M17,H3K27me3,109047905,0.41538192004365243,0.44949667645833563,0.3153251954250513,0.9526871657613867,0.45051638106481734,0.9155148727403288,8.325505435613268,18.068583410147312,7.831218131029666
avg.none,common,boot7,C06M17,C06,M17,H3K27me3,109047905,0.4869166446204558,0.4518373157990869,0.3136479427753386,1.2609470967035292,0.5407903711535413,1.4180920476851686,11.03408905604257,15.749430161054795,14.280209016207579
avocado.none,common,boot7,C06M17,C06,M17,H3K27me3,109047905,0.6038260711191799,0.3824189663239421,0.26142630550438595,1.7422221573097223,0.6588862917525321,2.1660683049045395,25.4918875988134,22.556334472040668,24.115244354728176
candi.none,common,boot8,C06M17,C06,M17,H3K27me3,109595876,0.5090274967172687,0.2600440483833942,0.28965177594150865,1.4522200774462777,0.562678708371944,1.3225546547646618,17.32875190022945,27.738979416317925,6.05649025451909
candi.tcfloor,common,boot8,C06M17,C06,M17,H3K27me3,109595876,0.4220753372985237,0.4616898443320836,0.3334614291270513,0.9784341905464492,0.4562655452709882,0.9152487493608057,9.04105555308008,18.623161794372717,8.24711989900234
avg.none,common,boot8,C06M17,C06,M17,H3K27me3,109595876,0.4965190111817128,0.46319404564386457,0.33029288723428635,1.2938291574143495,0.54838982769134,1.421081081101386,12.23330411949667,16.141081407014983,14.898083307007452
avocado.none,common,boot8,C06M17,C06,M17,H3K27me3,109595876,0.6165010129907142,0.3912950194013837,0.2740590373595459,1.7723797845452205,0.669072876315017,2.125875772327857,25.722248839847065,22.955934761878773,24.789307435319643
candi.none,common,boot9,C06M17,C06,M17,H3K27me3,109214135,0.4956827643960826,0.25538853286031366,0.27834051705084967,1.4129375780162035,0.5472022360191385,1.323971562668418,16.19973398272661,26.553889877239452,5.7881915661258585
candi.tcfloor,common,boot9,C06M17,C06,M17,H3K27me3,109214135,0.41545731770745054,0.4507668414986031,0.3221350490201887,0.9592073088156698,0.4488325032679764,0.9163923773713263,8.540089324121364,18.140078570639083,7.7703604808692885
avg.none,common,boot9,C06M17,C06,M17,H3K27me3,109214135,0.48464332516226744,0.45227264013576085,0.31964367502466146,1.259653647443532,0.538048339753111,1.396534190120459,11.584084989213144,15.861463724229427,14.085339575565632
avocado.none,common,boot9,C06M17,C06,M17,H3K27me3,109214135,0.6054672981239543,0.3857212425183674,0.26501196478330086,1.758813034694184,0.6596853266384959,2.1603270070093843,25.137096798007274,22.233638952205485,24.316211278162427
avg.none,full,all23,C06M18,C06,M18,H3K36me3,121240998,0.5454100590484047,0.6074212454432406,0.3754337199820172,0.7257304443792453,0.9018202820097015,0.5366946367775823,10.109691657720141,22.500854166175653,11.357448217541599
avocado.none,full,all23,C06M18,C06,M18,H3K36me3,121240998,1.0734979530755009,0.5223992449009043,0.266569810647057,1.6258860901577836,1.881240534810321,0.9433665500551636,21.588144590678397,33.03388361159144,58.073352438126044
avocado005.none,full,all23,C06M18,C06,M18,H3K36me3,121240998,6.043280960043036,0.40047215444072864,0.2244690341692723,9.147830388438562,11.152199779411003,3.110349705287171,132.27402352358993,221.84938083805022,537.9634632934133
avg.none,full,boot0,C06M18,C06,M18,H3K36me3,109250012,0.533955269042866,0.6027449085469923,0.3644339571239657,0.7251732946452731,0.8812259924274319,0.5332011080586747,9.76531749552878,22.15778965964702,11.193591614030469
avocado.none,full,boot0,C06M18,C06,M18,H3K36me3,109250012,0.9189017679913696,0.5191742104736353,0.27231193315650476,1.4723443274476053,1.6041372702684091,0.8999997834576715,19.334048135841655,30.150294144766793,45.063876075908354
avocado005.none,full,boot0,C06M18,C06,M18,H3K36me3,109250012,5.778137017558109,0.39884578389953507,0.22261319547563968,8.543769263033594,10.69225066999663,3.0730003707990834,129.3153402896415,213.92634548482948,514.8926716896315
avg.none,full,boot1,C06M18,C06,M18,H3K36me3,109208595,0.5261196523081518,0.6051057359322598,0.3746630517636207,0.7126455101540828,0.8758458297568502,0.5298736210386685,10.155709278483092,21.83456597961534,10.997971771127373
avocado.none,full,boot1,C06M18,C06,M18,H3K36me3,109208595,1.0366476660291715,0.5175574323224629,0.25974522190409083,1.627904886943396,1.8302718820444779,0.9417020288981939,22.023233441555213,32.35850440543327,56.399834270307615
avocado005.none,full,boot1,C06M18,C06,M18,H3K36me3,109208595,5.699575885971016,0.3967169300850032,0.21822439089422696,9.176955219597726,10.627286003681743,3.0913422970795015,131.19893845592006,212.96072371205298,504.9376755765244
avg.none,full,boot2,C06M18,C06,M18,H3K36me3,109027451,0.5493724307804029,0.6082331756037995,0.37622093535117546,0.7177103835270369,0.9124212095979478,0.5385660375952707,10.298548534862714,22.612182188172344,11.445388348606254
avocado.none,full,boot2,C06M18,C06,M18,H3K36me3,109027451,1.079946028660485,0.5200639271938072,0.26733899265246486,1.6253015513525524,1.9018706360399493,0.9093018410593652,22.20323306460653,33.73568599222081,58.62188167621859
avocado005.none,full,boot2,C06M18,C06,M18,H3K36me3,109027451,6.14725337265682,0.4017985207127639,0.22471955992244058,8.908230101394953,11.416499749024581,3.2022722152219005,136.32894638981932,223.8681367372949,545.6062867921397
avg.none,full,boot3,C06M18,C06,M18,H3K36me3,109057867,0.5636925165463947,0.6113258843990347,0.381826229441062,0.7382400447285564,0.92019994278924,0.5445380912905619,10.338155899750715,22.97560547622868,11.625297253577955
avocado.none,full,boot3,C06M18,C06,M18,H3K36me3,109057867,1.1463477669812894,0.5259957001454347,0.2704772177185465,1.7021318431406163,1.9806530385409469,0.9791677298898545,22.552033839896346,34.10747329862152,62.75956218511998
avocado005.none,full,boot3,C06M18,C06,M18,H3K36me3,109057867,6.4216342499560355,0.40298551472342664,0.230918821926243,9.52328561580847,11.662386069125564,3.190643598029181,137.49191341210087,230.26188877788388,567.0822962969194
avg.none,full,boot4,C06M18,C06,M18,H3K36me3,108648525,0.5410782210435335,0.6080275651203362,0.3803602897466213,0.7291914838031747,0.9005558312263012,0.534721450882951,10.19780221313909,22.251391331740734,11.321049144092008
avocado.none,full,boot4,C06M18,C06,M18,H3K36me3,108648525,1.1047621938965824,0.5210686563634656,0.26522558485144515,1.7031264197210216,1.9554650103715545,0.9716889312810837,22.743343636294444,33.87266494131643,61.20859742643801
avocado005.none,full,boot4,C06M18,C06,M18,H3K36me3,108648525,6.092129125707987,0.4014144986641952,0.22313178709626916,9.409400601204496,11.331326659005747,3.085550199991047,118.88834592399436,223.8109657408563,538.577661166102
avg.none,full,boot5,C06M18,C06,M18,H3K36me3,109056943,0.550799982445042,0.6099650982421745,0.38236395694739095,0.7333753796139185,0.9128460437331827,0.5380665613283139,10.250246206760165,22.725959418513916,11.506196900269732
avocado.none,full,boot5,C06M18,C06,M18,H3K36me3,109056943,1.1056830034253966,0.526229979505315,0.26836020750208683,1.6564322663987026,1.9427799474970202,0.8932467238696317,21.925320296821987,33.44892131072386,60.58127110177324
avocado005.none,full,boot5,C06M18,C06,M18,H3K36me3,109056943,6.172684414445268,0.4038798951832753,0.22434522233515017,9.46675707965447,11.362076709062352,3.142256647478176,133.64113749586306,224.82106821781258,544.8321859563649
avg.none,full,boot6,C06M18,C06,M18,H3K36me3,109061613,0.5516844781790198,0.6103502888916384,0.3820811872363136,0.7474214396243634,0.9204673356818478,0.5445021617422245,10.229804616550382,22.72412085309356,11.483088635565457
avocado.none,full,boot6,C06M18,C06,M18,H3K36me3,109061613,1.1285844991248681,0.5270504030716754,0.27209558499203607,1.7278161829513352,1.9978007747978876,0.9955681841556427,22.451981860049433,33.799856537982876,62.33935896579316
avocado005.none,full,boot6,C06M18,C06,M18,H3K36me3,109061613,6.23037212568254,0.4021882030118761,0.2261597827041519,9.705128962493951,11.573292978560387,3.0905361909387303,136.31568341039485,227.64105354112988,549.9760297932131
avg.none,full,boot7,C06M18,C06,M18,H3K36me3,109047925,0.541143915766477,0.6064461235526204,0.36374641148706766,0.7183197207330086,0.8881570910935734,0.5317021339665456,10.09295406256817,22.19499891894391,11.326768960824644
avocado.none,full,boot7,C06M18,C06,M18,H3K36me3,109047925,1.045368449984463,0.5225189445711539,0.2603841991582226,1.469547424839844,1.8137297482520298,0.933124628406606,19.606841859568856,32.68093157499361,55.95297203172838
avocado005.none,full,boot7,C06M18,C06,M18,H3K36me3,109047925,5.947717501170761,0.398731376113256,0.22449510082118443,8.570221296185075,10.938971144198433,3.0874238705279824,133.25361785338126,220.27565218549992,531.9623255723376
avg.none,full,boot8,C06M18,C06,M18,H3K36me3,109595897,0.5610278194781025,0.6082858552393365,0.38266031991671967,0.7365705827385912,0.9207412832231574,0.541259031146192,10.058638558891325,23.11513805603493,11.489097125865415
avocado.none,full,boot8,C06M18,C06,M18,H3K36me3,109595897,1.14003481282755,0.5258224417921132,0.2751704521563523,1.7198198517308765,1.981513586573114,0.9766666192921342,22.037799900709473,34.0385090802575,62.591819829719704
avocado005.none,full,boot8,C06M18,C06,M18,H3K36me3,109595897,6.259915990880208,0.40098295727718936,0.22986097375175285,9.380354831806534,11.418000899750341,3.220212779752533,133.40975068602864,225.62143117151652,556.5550492179595
avg.none,full,boot9,C06M18,C06,M18,H3K36me3,109214154,0.5351950244098338,0.6029811145909258,0.365388320895007,0.6966596810271595,0.8850479468870374,0.5297831863082909,9.68934149650895,22.388795957349032,11.146892209523218
avocado.none,full,boot9,C06M18,C06,M18,H3K36me3,109214154,1.0288773014801453,0.5200668115688621,0.2546265536213323,1.54468022859089,1.8025375597665174,0.9293907326033002,20.89536765558221,31.908879648608636,54.80052725918071
avocado005.none,full,boot9,C06M18,C06,M18,H3K36me3,109214154,5.683976551639743,0.39653948299233926,0.22040110684060316,8.749589849933628,10.48732278662508,2.9095072109912,131.46536364868072,213.80775078683232,503.71061339509157
candi.none,common,all23,C06M18,C06,M18,H3K36me3,121240975,0.8148768250666858,0.25115779042711284,0.28282440220976185,1.1558032044056732,1.3887888001677344,0.6908201251442833,19.764095305893957,48.319374133143626,5.665685373209991
candi.tcfloor,common,all23,C06M18,C06,M18,H3K36me3,121240975,0.5363691127840883,0.6091746828792157,0.38890074339201336,0.7146468693072143,0.8859163659694373,0.5298586363210128,10.27086547916275,24.077565908879635,10.403289934236021
avg.none,common,all23,C06M18,C06,M18,H3K36me3,121240975,0.5454101625153337,0.6074212275822007,0.3754333638488176,0.7257304443792453,0.9018202820097015,0.5366946367775823,10.109691657720141,22.500854166175653,11.357448217541599
avocado.none,common,all23,C06M18,C06,M18,H3K36me3,121240975,1.0734981563372048,0.5223992309653847,0.2665693950378276,1.6258860901577836,1.881240534810321,0.9433665500551636,21.588144590678397,33.03388361159144,58.073352438126044
candi.none,common,boot0,C06M18,C06,M18,H3K36me3,109249991,0.7907391364961935,0.24841529892120645,0.27237602795340693,1.1559889872704054,1.3456743335751546,0.6901126841931761,19.327920131851055,47.02683736501705,5.656562869719828
candi.tcfloor,common,boot0,C06M18,C06,M18,H3K36me3,109249991,0.5251961541235408,0.6044093152991381,0.37794094767048464,0.7144313769052356,0.8656767687772042,0.5272308239478526,9.917581943641322,23.665232919670533,10.256421339981523
avg.none,common,boot0,C06M18,C06,M18,H3K36me3,109249991,0.5339553716795853,0.6027448900287675,0.36443359000543823,0.7251732946452731,0.8812259924274319,0.5332011080586747,9.76531749552878,22.15778965964702,11.19359889816233
avocado.none,common,boot0,C06M18,C06,M18,H3K36me3,109249991,0.918901944221818,0.5191741954775546,0.2723115152893968,1.4723443274476053,1.6041372702684091,0.8999997834576715,19.334048135841655,30.150294144766793,45.06394419866517
candi.none,common,boot1,C06M18,C06,M18,H3K36me3,109208574,0.7834709870155978,0.2497559721980883,0.2859430182695888,1.1306119066963687,1.3450894519765406,0.6767800135504874,20.062529422366467,46.63442454787441,5.3999339880724495
candi.tcfloor,common,boot1,C06M18,C06,M18,H3K36me3,109208574,0.5178964971118699,0.6070771276276489,0.3886309081057287,0.702554544476267,0.8615585258214699,0.5226973097555624,10.350354261479652,23.36623962893625,10.146277515844368
avg.none,common,boot1,C06M18,C06,M18,H3K36me3,109208574,0.5261197534770646,0.6051057176566745,0.3746626902535439,0.7126455101540828,0.8758458297568502,0.5298736210386685,10.155709278483092,21.83456597961534,10.997971771127373
avocado.none,common,boot1,C06M18,C06,M18,H3K36me3,109208574,1.0366478649421482,0.5175574179512776,0.2597447963637005,1.627904886943396,1.8302718820444779,0.9417020288981939,22.023233441555213,32.35850440543327,56.399834270307615
candi.none,common,boot2,C06M18,C06,M18,H3K36me3,109027430,0.8213079048785752,0.251976197246732,0.28325392776378544,1.1374342278870153,1.4058677400794453,0.6954898248386646,20.12674699581746,48.69283568597291,5.730671021507534
candi.tcfloor,common,boot2,C06M18,C06,M18,H3K36me3,109027430,0.5399046967722767,0.6100093715821232,0.38963483789298553,0.7045881679602187,0.8955163129288045,0.5316654215452041,10.44770726300937,24.191546408343687,10.457280053380007
avg.none,common,boot2,C06M18,C06,M18,H3K36me3,109027430,0.5493725365961691,0.6082331575611811,0.3762205742081743,0.7177103835270369,0.9124212095979478,0.5385660375952707,10.298548534862716,22.612182188172344,11.445388348606254
avocado.none,common,boot2,C06M18,C06,M18,H3K36me3,109027430,1.0799462363320576,0.5200639132391509,0.2673385711549309,1.6253015513525524,1.9018706360399493,0.9093018410593652,22.20323306460653,33.73568599222081,58.62188167621859
candi.none,common,boot3,C06M18,C06,M18,H3K36me3,109057846,0.8483313581694997,0.2531426312003748,0.2857715011924275,1.1874616639023972,1.4266324618603352,0.7046320519611942,20.382339188351704,49.93569973780268,5.80831838850964
candi.tcfloor,common,boot3,C06M18,C06,M18,H3K36me3,109057846,0.5540016667220686,0.6130000653372581,0.39476439569616667,0.7273357137383785,0.903338622408321,0.5377621107334761,10.507248026987812,24.625888298107583,10.615770716713564
avg.none,common,boot3,C06M18,C06,M18,H3K36me3,109057846,0.5636926250901014,0.611325866478064,0.38182587164843745,0.7382400447285564,0.92019994278924,0.5445380912905619,10.338155899750717,22.97560547622868,11.625297253577955
avocado.none,common,boot3,C06M18,C06,M18,H3K36me3,109057846,1.1463479872914277,0.525995686176374,0.27047679832683236,1.7021318431406163,1.9806530385409469,0.9791677298898545,22.552033839896346,34.10747329862152,62.75956218511998
candi.none,common,boot4,C06M18,C06,M18,H3K36me3,108648504,0.8075246862930662,0.2531520515532023,0.2886091808335144,1.1672913068307045,1.385664559579647,0.6802486133278113,19.517820046584198,47.94332852930757,5.668769087559217
candi.tcfloor,common,boot4,C06M18,C06,M18,H3K36me3,108648504,0.5316539882108552,0.6098487123243732,0.3938767622549394,0.7172815615067545,0.8839165075313451,0.527084237177792,10.3643914346581,23.806517622071226,10.348515633426851
avg.none,common,boot4,C06M18,C06,M18,H3K36me3,108648504,0.5410783256252095,0.6080275470459079,0.380359929672436,0.7291914838031747,0.9005558312263012,0.534721450882951,10.197802213139092,22.251391331740734,11.321049144092008
avocado.none,common,boot4,C06M18,C06,M18,H3K36me3,108648504,1.1047624070230948,0.5210686424408612,0.26522516081221453,1.7031264197210216,1.9554650103715545,0.9716889312810837,22.743343636294444,33.87266494131643,61.20859742643801
candi.none,common,boot5,C06M18,C06,M18,H3K36me3,109056922,0.8254970858500287,0.2549284053773799,0.29070916476820546,1.1718767902124032,1.4088619751348166,0.6937592113548268,20.02810556716051,49.027932477524914,5.758055913701732
candi.tcfloor,common,boot5,C06M18,C06,M18,H3K36me3,109056922,0.5412819836310842,0.6117871640690724,0.39583854242322253,0.7219660215469877,0.8961751519716676,0.5309814559974199,10.405083181062079,24.326269595025714,10.517512847165868
avg.none,common,boot5,C06M18,C06,M18,H3K36me3,109056922,0.5508000885070822,0.609965080502162,0.38236359937209247,0.7333753796139185,0.9128460437331827,0.5380665613283139,10.250246206760165,22.725959418513916,11.506196900269732
avocado.none,common,boot5,C06M18,C06,M18,H3K36me3,109056922,1.1056832160200276,0.5262299657305004,0.2683597864201365,1.6564322663987026,1.9427799474970202,0.8932467238696317,21.925320296821987,33.44892131072386,60.58127110177324
candi.none,common,boot6,C06M18,C06,M18,H3K36me3,109061592,0.8283655305147355,0.2530557638582572,0.2889981662530107,1.2012293412343005,1.4240490955222334,0.7048551379185548,20.057212131398174,49.10559849733914,5.656724939241807
candi.tcfloor,common,boot6,C06M18,C06,M18,H3K36me3,109061592,0.5424062642015983,0.6120858745682403,0.39537739578492176,0.7363760745847309,0.9040125105891469,0.5375001766951977,10.386985629975364,24.340569820524657,10.512266307889071
avg.none,common,boot6,C06M18,C06,M18,H3K36me3,109061592,0.5516845844068295,0.6103502711110573,0.38208082954291533,0.7474214396243634,0.9204673356818478,0.5445021617422245,10.229804616550382,22.72413516070769,11.483088635565457
avocado.none,common,boot6,C06M18,C06,M18,H3K36me3,109061592,1.1285847161309857,0.5270503894627282,0.2720951665249541,1.7278161829513352,1.9978007747978876,0.9955681841556427,22.451981860049433,33.799880240138904,62.33939066948303
candi.none,common,boot7,C06M18,C06,M18,H3K36me3,109047905,0.8077188213633095,0.2487111891454482,0.2704166856698508,1.1311108168673847,1.3676493591276928,0.6769864080310765,19.21361069170007,47.81132756822059,5.679438867289879
candi.tcfloor,common,boot7,C06M18,C06,M18,H3K36me3,109047905,0.5323383536699926,0.6080267090328345,0.377193592416205,0.7088812727833128,0.8725486853462465,0.5248925911704355,10.2486148701795,23.7512478581545,10.38439099142594
avg.none,common,boot7,C06M18,C06,M18,H3K36me3,109047905,0.5411440150153193,0.6064461059987276,0.3637460608682189,0.7183197207330086,0.8881570910935734,0.5317021339665456,10.092954062568172,22.19499891894391,11.326768960824644
avocado.none,common,boot7,C06M18,C06,M18,H3K36me3,109047905,1.0453686413100265,0.5225189307256285,0.26038379373226533,1.469547424839844,1.8137297482520298,0.933124628406606,19.606841859568856,32.68093157499361,55.95297203172838
candi.none,common,boot8,C06M18,C06,M18,H3K36me3,109595876,0.8404409190413379,0.25134016058895337,0.28770722631387885,1.1674415437964512,1.4203627813657889,0.6996858040629538,19.649019022556107,49.54972123975062,5.685436760422608
candi.tcfloor,common,boot8,C06M18,C06,M18,H3K36me3,109595876,0.5518175162087238,0.6100472124283703,0.3960080355403088,0.7240485620848328,0.9047690121818573,0.5341443133425426,10.209152340172608,24.7481941116809,10.512973010525156
avg.none,common,boot8,C06M18,C06,M18,H3K36me3,109595876,0.5610279269783538,0.6082858372367442,0.3826599643568342,0.7365705827385912,0.9207412832231574,0.541259031146192,10.058638558891326,23.11513805603493,11.489097125865415
avocado.none,common,boot8,C06M18,C06,M18,H3K36me3,109595876,1.140035030848335,0.5258224279007137,0.2751700374368592,1.7198198517308765,1.981513586573114,0.9766666192921342,22.037799900709473,34.0385090802575,62.591819829719704
candi.none,common,boot9,C06M18,C06,M18,H3K36me3,109214135,0.7953328154585582,0.24649694762469804,0.27379387989582654,1.1036012413096936,1.356740937538125,0.6843665519977611,19.1925396106252,47.38293028963416,5.60507922305902
candi.tcfloor,common,boot9,C06M18,C06,M18,H3K36me3,109214135,0.527158963432744,0.6047130631808203,0.379128550671736,0.6871096140572182,0.8709765978956999,0.5239127900668727,9.85251942871019,23.9257742892438,10.281205733993364
avg.none,common,boot9,C06M18,C06,M18,H3K36me3,109214135,0.5351951175177951,0.6029810978394817,0.3653879891120481,0.6966596810271595,0.8850479468870374,0.5297831863082909,9.68934149650895,22.388795957349032,11.146892209523218
avocado.none,common,boot9,C06M18,C06,M18,H3K36me3,109214135,1.0288774800611307,0.5200667983350349,0.25462616627617546,1.54468022859089,1.8025375597665174,0.9293907326033002,20.89536765558221,31.908879648608636,54.80052725918071
avg.none,full,all23,C07M20,C07,M20,H3K4me1,121240998,1.4286599735181629,0.2325411288967647,0.3397783291115586,3.188509925853033,1.8106524798859445,7.259527126653384,36.84431948961989,71.44016254089141,34.30638342831535
avocado.none,full,all23,C07M20,C07,M20,H3K4me1,121240998,1.1610032074467955,0.26972477351414936,0.21919605353106802,2.044569398572055,1.4209042625213553,4.737026378511288,36.7737941844585,79.8307181198096,17.74350158747019
avocado005.none,full,all23,C07M20,C07,M20,H3K4me1,121240998,1.3074677846564475,0.10327826388858809,0.08545698266801789,2.2338847154833656,1.5802971435056536,5.121536368062713,39.22027870592849,83.90264233515332,10.865174767673473
avg.none,full,boot0,C07M20,C07,M20,H3K4me1,109250012,1.4214704548239272,0.23108586712556597,0.3267585844230185,3.1009215405957122,1.8028320854415631,7.005659439992843,37.8345812205552,72.90377461990548,32.97828073433874
avocado.none,full,boot0,C07M20,C07,M20,H3K4me1,109250012,1.1763981209032381,0.2677096527675359,0.23633800450515904,2.0595784672261748,1.44455765182418,4.735134119845158,37.84531396508356,80.98509920618149,18.12939944117583
avocado005.none,full,boot0,C07M20,C07,M20,H3K4me1,109250012,1.3216274588498256,0.1009973304956941,0.08492452040462964,2.246252222515698,1.6020661367403466,5.092532261226273,40.30793570698711,85.23216272047176,10.864937040759402
avg.none,full,boot1,C07M20,C07,M20,H3K4me1,109208595,1.4078253670881766,0.23375842666456653,0.34787157296943827,3.142179941338541,1.8074978642071242,7.274197107936613,41.18845373716261,71.2789184749013,33.63832958200911
avocado.none,full,boot1,C07M20,C07,M20,H3K4me1,109208595,1.1513044977712599,0.27097537842464403,0.23829713836374625,2.0407235946736204,1.4292457791337458,4.810016816544265,41.21318019452747,79.67955985280052,17.86632405277517
avocado005.none,full,boot1,C07M20,C07,M20,H3K4me1,109208595,1.299829914006886,0.10304820238465658,0.08460861820267708,2.236136770425332,1.59256263098988,5.2061004379868745,43.91557751914056,83.5763601890961,10.830788721080777
avg.none,full,boot2,C07M20,C07,M20,H3K4me1,109027451,1.4501402048151049,0.23286140424250806,0.3407468922898694,3.2289794974209785,1.8493295811929096,7.341212761782927,37.68370255420137,73.0808992082249,34.92471900506606
avocado.none,full,boot2,C07M20,C07,M20,H3K4me1,109027451,1.1780097427964014,0.27081884868504347,0.2157305612601584,2.064581682242527,1.4478357017099097,4.7703264837997565,37.646215656574604,81.90921592961682,18.181241820938336
avocado005.none,full,boot2,C07M20,C07,M20,H3K4me1,109027451,1.3260090892335636,0.10412250624252652,0.08779595707742631,2.2589629778224327,1.6116817441629958,5.180807390911607,40.07652221082733,85.75603293441857,11.142831603324872
avg.none,full,boot3,C07M20,C07,M20,H3K4me1,109057867,1.4832878706791375,0.23479162112257684,0.3445632384590886,3.27327999301381,1.863320376671488,7.484974768356751,38.03380063203969,73.7651628413921,35.92489151599595
avocado.none,full,boot3,C07M20,C07,M20,H3K4me1,109057867,1.1961939394688157,0.27377436195146254,0.21464746809239346,2.0879200674560474,1.450875689649848,4.882469903734791,37.9137313076367,82.44817081636559,18.49381928339651
avocado005.none,full,boot3,C07M20,C07,M20,H3K4me1,109057867,1.348287684538247,0.1048384204406161,0.08988172238226659,2.2834935176887403,1.6152922044448454,5.286059722011674,40.52913793808442,86.95766405676079,11.263202167908004
avg.none,full,boot4,C07M20,C07,M20,H3K4me1,108648525,1.425230022116922,0.23510509312154976,0.34917300270935164,3.2296601779795115,1.8154451385536527,7.393824525617538,38.470835154454065,71.10039406329157,34.860736080944605
avocado.none,full,boot4,C07M20,C07,M20,H3K4me1,108648525,1.1515333274292978,0.2714379572545944,0.22572192508454342,2.0388818982433587,1.417865087561726,4.7987338800606,39.376719201838284,79.57125678443063,17.866293271511637
avocado005.none,full,boot4,C07M20,C07,M20,H3K4me1,108648525,1.2986648398368668,0.10512593766656059,0.08583205685959872,2.229691640915421,1.5786285736932106,5.179817129336974,42.01522602529579,83.71085544111563,10.968809956811704
avg.none,full,boot5,C07M20,C07,M20,H3K4me1,109056943,1.4116076974018292,0.23485658327735212,0.34913536190246336,3.2380813746798305,1.8049538987687785,7.433772575377334,36.77782296790085,70.25912550088533,34.743862628191415
avocado.none,full,boot5,C07M20,C07,M20,H3K4me1,109056943,1.139129929703496,0.27093586265546865,0.2176574564478086,2.0688589809939373,1.4067721348489675,4.794629916800402,36.6125356343288,78.87244719792913,17.987364718301702
avocado005.none,full,boot5,C07M20,C07,M20,H3K4me1,109056943,1.2850982707208696,0.10440977488393254,0.08416522545067529,2.2637749149797535,1.5661716369571854,5.195835208192448,39.042235644814774,82.78661843761093,10.940631965888274
avg.none,full,boot6,C07M20,C07,M20,H3K4me1,109061613,1.4535172810046562,0.23472605530345586,0.3484626776060966,3.256701020540021,1.8514284646061085,7.410904070347791,37.836869155972195,73.1020740636764,34.99423681064321
avocado.none,full,boot6,C07M20,C07,M20,H3K4me1,109061613,1.181626936803442,0.27255364793915016,0.22404276710801574,2.0854197232443807,1.4527699352553125,4.882843190614949,37.82564229036768,81.70443619616228,18.449744465400286
avocado005.none,full,boot6,C07M20,C07,M20,H3K4me1,109061613,1.3305836283100263,0.10425808917084066,0.08590895274507909,2.280731393641077,1.6158152040596367,5.288047029565629,40.395768521999166,85.98739235670023,11.201852585796967
avg.none,full,boot7,C07M20,C07,M20,H3K4me1,109047925,1.408230142527223,0.22843344752069444,0.3221469753388259,3.162973926905429,1.7717502568331023,6.942009697299356,32.77932414577333,69.04488745283324,33.618320772061566
avocado.none,full,boot7,C07M20,C07,M20,H3K4me1,109047925,1.1359879588563224,0.2675048862471901,0.19663068954043358,1.9855561284867573,1.3746140027035714,4.333346717169235,32.33473679946899,77.08679576504635,16.40699730198226
avocado005.none,full,boot7,C07M20,C07,M20,H3K4me1,109047925,1.2792982132630668,0.10224977026358129,0.08763103662875264,2.171388155434485,1.529089964406773,4.67160937387046,34.44287551305377,80.89311750465086,10.64333322141142
avg.none,full,boot8,C07M20,C07,M20,H3K4me1,109595897,1.4299465641904872,0.23076879757122476,0.3378734276171746,3.2072102770102497,1.7929329584933964,7.172757901981083,32.97849131721706,69.4934637595321,34.68567362269594
avocado.none,full,boot8,C07M20,C07,M20,H3K4me1,109595897,1.1523162174275663,0.2665741271172635,0.2103717546995212,2.045602499980569,1.3931688232372819,4.581467317406232,32.266361012206595,77.74518472827559,17.094335053151124
avocado005.none,full,boot8,C07M20,C07,M20,H3K4me1,109595897,1.294644259735198,0.10339843012214202,0.0836687233472051,2.214982371647401,1.5468425344641665,4.939178544578682,34.45461345886614,81.86116612571776,10.772827012957748
avg.none,full,boot9,C07M20,C07,M20,H3K4me1,109214154,1.3954171405928477,0.22901476011803895,0.3302512509536105,3.0325230961425933,1.7470845331729667,7.12710038018994,35.48391418908799,70.36558063957307,32.530586287270445
avocado.none,full,boot9,C07M20,C07,M20,H3K4me1,109214154,1.1475458503614888,0.26521748069478485,0.21247931407010318,1.9634414137974041,1.3919683496462556,4.781116794344802,35.435521567235824,78.29221979374374,16.935740325440666
avocado005.none,full,boot9,C07M20,C07,M20,H3K4me1,109214154,1.290676002935552,0.10026250889921641,0.08055441799697202,2.1478720992627003,1.5455981074971965,5.175188462149799,37.79752650742597,82.25005686050122,10.55899780346527
candi.none,common,all23,C07M20,C07,M20,H3K4me1,121240975,1.0911846239128549,0.3922323157374202,0.3421714712504523,1.8394642065734135,1.3361979260233139,4.540676729253009,36.858849776345906,77.42433802216615,24.476277818657177
candi.tcfloor,common,all23,C07M20,C07,M20,H3K4me1,121240975,1.0549651633286086,0.3809004881069638,0.3594997203713067,1.9739034206121662,1.2986001595955696,4.208440985228693,32.99281717760288,69.60228362302864,21.854069000360415
avg.none,common,all23,C07M20,C07,M20,H3K4me1,121240975,1.4286602445418772,0.23254109941130177,0.33977795254601106,3.188509925853033,1.8106524798859445,7.259527126653384,36.84431948961989,71.44016254089141,34.30638342831535
avocado.none,common,all23,C07M20,C07,M20,H3K4me1,121240975,1.1610034273746,0.26972473773392636,0.21919560958496304,2.044569398572055,1.4209042625213553,4.737026378511288,36.77379418445851,79.8307181198096,17.74350158747019
candi.none,common,boot0,C07M20,C07,M20,H3K4me1,109249991,1.1061163235190419,0.3910961219836872,0.3288234318062701,1.8526786056850142,1.3585768087481638,4.5254713189544775,37.83565652000501,78.64874070819543,25.211296308709134
candi.tcfloor,common,boot0,C07M20,C07,M20,H3K4me1,109249991,1.0680467271820884,0.38006604612555517,0.34637963867228105,1.974839389524524,1.3172355130950926,4.201240846608225,33.99071181594302,70.89143326124555,22.500200178813394
avg.none,common,boot0,C07M20,C07,M20,H3K4me1,109249991,1.4214707280585452,0.23108583672193544,0.32675819551256935,3.1009215405957122,1.8028320854415631,7.005659439992843,37.8345812205552,72.9038232286343,32.97830755381995
avocado.none,common,boot0,C07M20,C07,M20,H3K4me1,109249991,1.1763983467602983,0.26770961612517735,0.23633756463795105,2.0595784672261748,1.44455765182418,4.735134119845158,37.84531396508356,80.98515361389636,18.129411481213356
candi.none,common,boot1,C07M20,C07,M20,H3K4me1,109208574,1.0831319701717466,0.3965108671860106,0.3532936020534504,1.8448036231000238,1.3452570729788855,4.619886609297664,41.32085018559264,77.15471150009003,25.068188650176406
candi.tcfloor,common,boot1,C07M20,C07,M20,H3K4me1,109208574,1.0449060172665665,0.3848833273948241,0.3699771693746179,1.9635565987173151,1.303400588823147,4.277121403187476,37.002502825031755,69.40590089795973,22.301786069521068
avg.none,common,boot1,C07M20,C07,M20,H3K4me1,109208574,1.4078256378025686,0.23375839701814305,0.3478711958113112,3.142179941338541,1.8074978642071242,7.274197107936613,41.18845373716261,71.2789184749013,33.63832958200911
avocado.none,common,boot1,C07M20,C07,M20,H3K4me1,109208574,1.1513047188551475,0.2709753416217326,0.2382966988507669,2.0407235946736204,1.4292457791337458,4.810016816544265,41.21318019452747,79.67955985280052,17.86632405277517
candi.none,common,boot2,C07M20,C07,M20,H3K4me1,109027430,1.1072466315814733,0.3933876637694486,0.3441549061939875,1.8550349980298826,1.364267550247914,4.5850152866876,37.674057193922835,79.09917928591429,25.23988967382178
candi.tcfloor,common,boot2,C07M20,C07,M20,H3K4me1,109027430,1.070657577145779,0.38164195468942286,0.36121461628058266,1.9934415001962549,1.3260955650214976,4.250589148947974,33.727986260135566,71.10747625304109,22.520429179493156
avg.none,common,boot2,C07M20,C07,M20,H3K4me1,109027430,1.450140484129625,0.23286137484666408,0.34074651050125654,3.2289794974209785,1.8493295811929096,7.341212761782927,37.68370255420137,73.0808992082249,34.92471900506606
avocado.none,common,boot2,C07M20,C07,M20,H3K4me1,109027430,1.178009969352307,0.27081881277845243,0.21573010856799596,2.064581682242527,1.4478357017099097,4.7703264837997565,37.646215656574604,81.90921592961682,18.181241820938336
candi.none,common,boot3,C07M20,C07,M20,H3K4me1,109057846,1.1249012488026982,0.3950058642293543,0.3477552445452697,1.8806891123138836,1.3649378643424557,4.690032316194149,38.085344168584335,80.16092368848214,25.357357507136108
candi.tcfloor,common,boot3,C07M20,C07,M20,H3K4me1,109057846,1.0870286994254834,0.3836116954906418,0.36517565476274344,2.016644087813359,1.3265323577858898,4.339210966886434,34.05056158535239,71.92077692066935,22.644931557609876
avg.none,common,boot3,C07M20,C07,M20,H3K4me1,109057846,1.4832881562986178,0.23479159179631928,0.34456285896451516,3.27327999301381,1.863320376671488,7.484974768356751,38.03380063203969,73.7651628413921,35.92489151599595
avocado.none,common,boot3,C07M20,C07,M20,H3K4me1,109057846,1.1961941694550449,0.27377432701074506,0.2146470148906526,2.0879200674560474,1.450875689649848,4.882469903734791,37.9137313076367,82.44817081636559,18.49381928339651
candi.none,common,boot4,C07M20,C07,M20,H3K4me1,108648504,1.082370595119313,0.394034401937342,0.3537187570167543,1.8357822046146814,1.3335723327010713,4.5951268915827805,39.576446379721204,77.24109489864033,24.802497021691757
candi.tcfloor,common,boot4,C07M20,C07,M20,H3K4me1,108648504,1.0465669936260784,0.3829552446558191,0.3704448625353664,1.9759849516889825,1.2962217542896017,4.255986616018943,35.434882218804475,69.31948693744839,22.23092567091267
avg.none,common,boot4,C07M20,C07,M20,H3K4me1,108648504,1.4252302975908528,0.23510506381398366,0.3491726243285983,3.2296601779795115,1.8154451385536527,7.393824525617538,38.470835154454065,71.10039406329157,34.860736080944605
avocado.none,common,boot4,C07M20,C07,M20,H3K4me1,108648504,1.1515335496817942,0.27143792183176113,0.22572147645045276,2.0388818982433587,1.417865087561726,4.7987338800606,39.376719201838284,79.57125678443063,17.866293271511637
candi.none,common,boot5,C07M20,C07,M20,H3K4me1,109056922,1.0707987568684036,0.39230761027560684,0.35287775478453703,1.8666196150980356,1.3230718427685284,4.624784689846255,36.72762781721668,76.37177183395642,24.551110985217527
candi.tcfloor,common,boot5,C07M20,C07,M20,H3K4me1,109056922,1.036174834304332,0.38141533006820316,0.3696887914826953,1.9978026599328464,1.2878458739727858,4.289508166000666,32.84118261931212,68.54345592864574,21.991573153297278
avg.none,common,boot5,C07M20,C07,M20,H3K4me1,109056922,1.4116079692209957,0.2348565540278706,0.34913498493087786,3.2380813746798305,1.8049538987687785,7.433772575377334,36.77782296790085,70.25912550088533,34.743862628191415
avocado.none,common,boot5,C07M20,C07,M20,H3K4me1,109056922,1.1391301487217798,0.270935826821761,0.21765700487451872,2.0688589809939373,1.4067721348489675,4.794629916800402,36.6125356343288,78.87244719792913,17.987364718301702
candi.none,common,boot6,C07M20,C07,M20,H3K4me1,109061592,1.1106061600954316,0.3953254895403801,0.3534025010699048,1.8778207484053162,1.3666488281545546,4.687610352674719,37.94860029048241,79.27793097598789,25.31417444999408
candi.tcfloor,common,boot6,C07M20,C07,M20,H3K4me1,109061592,1.0728269840956255,0.38394371264227856,0.37003653439537804,2.01240730385237,1.327413031657994,4.335393774727608,33.96185383549145,71.21518520255943,22.62780231746102
avg.none,common,boot6,C07M20,C07,M20,H3K4me1,109061592,1.453517560881947,0.234726026060943,0.34846230031505926,3.256701020540021,1.8514284646061085,7.410904070347791,37.836869155972195,73.10212304183716,34.99423681064321
avocado.none,common,boot6,C07M20,C07,M20,H3K4me1,109061592,1.1816271640522078,0.2725536132438851,0.22404231939889188,2.0854197232443807,1.4527699352553125,4.882843190614949,37.82564229036769,81.70449164264608,18.449744465400286
candi.none,common,boot7,C07M20,C07,M20,H3K4me1,109047905,1.066467829366279,0.38837369402512023,0.31824014732190986,1.7836786443237542,1.2897927807353127,4.105120212440713,32.25344085641338,74.59998364733015,22.76832758305663
candi.tcfloor,common,boot7,C07M20,C07,M20,H3K4me1,109047905,1.0334094606782183,0.3764243432470719,0.33717969597029906,1.9280727408583385,1.2573596058878462,3.8068117221861093,28.661550116342376,67.0836972689045,20.157110479835094
avg.none,common,boot7,C07M20,C07,M20,H3K4me1,109047905,1.4082304008045632,0.22843341805367978,0.32214660171755266,3.162973926905429,1.7717502568331023,6.942009697299356,32.77932414577333,69.04488745283324,33.618320772061566
avocado.none,common,boot7,C07M20,C07,M20,H3K4me1,109047905,1.1359881668583904,0.26750485013218434,0.1966302481107175,1.9855561284867573,1.3746140027035714,4.333346717169235,32.33473679946899,77.08679576504635,16.40699730198226
candi.none,common,boot8,C07M20,C07,M20,H3K4me1,109595876,1.0814352266804883,0.3880343083107877,0.3391348985657656,1.8270699078993,1.3079931715029325,4.371922921199893,32.39079118201275,75.67358485431019,22.944818416651646
candi.tcfloor,common,boot8,C07M20,C07,M20,H3K4me1,109595876,1.047051000400744,0.3769034388162173,0.35619070842265566,1.9697814426962486,1.2733399408451733,4.0739463714383755,29.037490008510723,67.9774562124791,20.6124507741508
avg.none,common,boot8,C07M20,C07,M20,H3K4me1,109595876,1.4299468381869087,0.2307687668433998,0.33787304624042475,3.2072102770102497,1.7929329584933964,7.172757901981083,32.97849131721706,69.4934637595321,34.68567362269594
avocado.none,common,boot8,C07M20,C07,M20,H3K4me1,109595876,1.1523164378821076,0.26657408977558117,0.21037130136726165,2.045602499980569,1.3931688232372819,4.581467317406232,32.266361012206595,77.74518472827559,17.094335053151124
candi.none,common,boot9,C07M20,C07,M20,H3K4me1,109214135,1.0787904825883938,0.38803037048357825,0.3290612279103556,1.765916088364562,1.3085401129824414,4.602277656913186,35.51534387129953,75.99894236478731,23.49016016753815
candi.tcfloor,common,boot9,C07M20,C07,M20,H3K4me1,109214135,1.0430005012370342,0.3770945479682372,0.3475834357722359,1.9013715371669753,1.2711099919026443,4.254448775271034,31.886576290670487,68.54550311064963,21.0900921847134
avg.none,common,boot9,C07M20,C07,M20,H3K4me1,109214135,1.395417383353784,0.22901473204578382,0.33025090076264596,3.0325230961425933,1.7470845331729667,7.12710038018994,35.48391418908799,70.36558063957307,32.530586287270445
avocado.none,common,boot9,C07M20,C07,M20,H3K4me1,109214135,1.1475460496833627,0.26521744668563435,0.21247890350117918,1.9634414137974041,1.3919683496462556,4.781116794344802,35.435521567235824,78.29221979374374,16.935740325440666
avg.none,full,all23,C07M29,C07,M29,H3K9me3,121240998,0.34700264997560604,0.24823639779241982,0.32596800922306934,0.33261231058325685,0.34211303963512674,0.2968663756317869,372.29084379362365,11.192190499365383,3.9791779127778475
avocado.none,full,all23,C07M29,C07,M29,H3K9me3,121240998,0.3444507042696877,0.1530272590860147,0.18683563729537342,0.3106858119132579,0.3321558010625074,0.2767501800505637,383.98259880988854,13.231097725965556,1.6717659493855694
avocado005.none,full,all23,C07M29,C07,M29,H3K9me3,121240998,0.6817328803322904,0.04207749876448927,0.09613301607829552,0.6507730416512253,0.6835441868531689,1.040482897988731,383.33492265256524,13.084515834304353,20.752679592841535
avg.none,full,boot0,C07M29,C07,M29,H3K9me3,109250012,0.3573943357874627,0.24523522988308905,0.3126198464886603,0.3445674254737511,0.3517661220721579,0.30889605240777923,398.0047033135314,11.477249300639366,4.111404411402498
avocado.none,full,boot0,C07M29,C07,M29,H3K9me3,109250012,0.3553448148837093,0.15001818651736654,0.18352617852997233,0.321284544892482,0.3419290166222176,0.28684362486062737,410.9954430574769,13.589262011122273,1.6862915692070446
avocado005.none,full,boot0,C07M29,C07,M29,H3K9me3,109250012,0.6861465199247508,0.0409021543563499,0.09072809336186526,0.6597585660958484,0.6864482809877414,1.0271577861323533,410.35759608186936,13.467730781013264,20.213876879534602
avg.none,full,boot1,C07M29,C07,M29,H3K9me3,109208595,0.33514825109604945,0.2439862020855587,0.32980766781927545,0.3180048287635407,0.3249552642316474,0.29344109944958735,423.8091422256164,11.007443038556902,3.595977109800695
avocado.none,full,boot1,C07M29,C07,M29,H3K9me3,109208595,0.3348613868246827,0.1481752758886215,0.18344013886927016,0.29795766297747367,0.32058729808899344,0.272415927990089,437.0703867468574,12.902475332317838,1.6266931705166157
avocado005.none,full,boot1,C07M29,C07,M29,H3K9me3,109208595,0.6683220913937177,0.03989802121097742,0.09768522409737705,0.6410033508292944,0.6620787245109897,1.0196869981519103,436.1483931241613,12.517025011509759,20.212992143546096
avg.none,full,boot2,C07M29,C07,M29,H3K9me3,109027451,0.3498720343267554,0.2503784696594011,0.32758245605602143,0.33340230036361634,0.344997984400278,0.3002629174774022,407.22624606121946,11.349047765521666,4.123587171498156
avocado.none,full,boot2,C07M29,C07,M29,H3K9me3,109027451,0.3463494795923105,0.15772585060540897,0.19892453175037852,0.31447044050749967,0.3333578293607492,0.2801093416729027,420.00726956481526,13.450568318639801,1.719126476919254
avocado005.none,full,boot2,C07M29,C07,M29,H3K9me3,109027451,0.6875547640992297,0.04295490701061537,0.0971362516793197,0.6585572856188885,0.6898995735308061,1.074262906932012,419.273136423237,13.337674249540873,21.05290025134615
avg.none,full,boot3,C07M29,C07,M29,H3K9me3,109057867,0.34707849516284034,0.25191155917846936,0.3286708137369462,0.3326170551996637,0.34165822757824593,0.29894453726052134,409.2500641016108,11.251259216020117,4.109420339191664
avocado.none,full,boot3,C07M29,C07,M29,H3K9me3,109057867,0.34334066752316844,0.15839649429962957,0.1907100036939485,0.3094115918673685,0.3301912630648053,0.27811281056130144,422.0822447160413,13.286907799120764,1.7172606927984833
avocado005.none,full,boot3,C07M29,C07,M29,H3K9me3,109057867,0.6903351184424282,0.043181444584385206,0.09732981257014786,0.6557865581583247,0.6890220803511132,1.0644771908476982,421.3501005090072,13.248026304602138,21.25605951233181
avg.none,full,boot4,C07M29,C07,M29,H3K9me3,108648525,0.3400476938542743,0.24951410031707325,0.3336592668658056,0.3249079296546035,0.3330612741546206,0.29479298746526367,418.3271462970734,11.034368775290224,3.985660511274082
avocado.none,full,boot4,C07M29,C07,M29,H3K9me3,108648525,0.3356541447209832,0.15665912131955986,0.18811000512976112,0.30312599828653464,0.32448000841111585,0.2733376353016059,431.4494356437893,13.050526436416447,1.651028462958208
avocado005.none,full,boot4,C07M29,C07,M29,H3K9me3,108648525,0.6751598167751535,0.04332643385714832,0.099489100367784,0.6448651198718461,0.6820712915641111,1.0087732482413652,430.6535593786587,12.931080411479574,20.658499370178223
avg.none,full,boot5,C07M29,C07,M29,H3K9me3,109056943,0.34326328421923896,0.25021619481406115,0.3359896536252958,0.33300942986674903,0.3420402123792143,0.2973882476234807,412.77402671513676,11.105438638242791,4.083059227579457
avocado.none,full,boot5,C07M29,C07,M29,H3K9me3,109056943,0.33941120185023677,0.1544560019253494,0.19268877956699793,0.30908133921756414,0.3300978150574805,0.2760047589536265,425.7262062223891,13.124085657263274,1.694086121382801
avocado005.none,full,boot5,C07M29,C07,M29,H3K9me3,109056943,0.6742185390623422,0.04445400505115803,0.10040498439540416,0.6566395232177304,0.68104146111519,1.0256158864367586,424.96114463326063,13.06536559979991,20.529819415991884
avg.none,full,boot6,C07M29,C07,M29,H3K9me3,109061613,0.34282142268757004,0.24949556606334955,0.3329561332739915,0.3297853001018956,0.3402299303895864,0.2937997730390256,415.22402669802193,11.18691827549818,4.042681102153401
avocado.none,full,boot6,C07M29,C07,M29,H3K9me3,109061613,0.3395402511013691,0.15405332252788626,0.18876010244553126,0.30607832286761905,0.3289239955961759,0.27631341877948673,428.25885695987273,13.222154851350039,1.6296441270286335
avocado005.none,full,boot6,C07M29,C07,M29,H3K9me3,109061613,0.6769635525658989,0.04307538353784318,0.0992514013844084,0.649178753359329,0.6823162760502327,1.0499421651636234,427.4727713769393,12.978915045154928,20.481871395915494
avg.none,full,boot7,C07M29,C07,M29,H3K9me3,109047925,0.3526088423945054,0.2428082722875748,0.3073681640178792,0.3270310771176286,0.34535201598776355,0.2962180917536646,405.888756547342,11.250752073279122,3.9993669937108174
avocado.none,full,boot7,C07M29,C07,M29,H3K9me3,109047925,0.34945979017429674,0.1513755221691342,0.17415039906942348,0.3063887881395816,0.33446030324848364,0.2752972722634975,418.546374238497,13.260054846850739,1.680120730174169
avocado005.none,full,boot7,C07M29,C07,M29,H3K9me3,109047925,0.6843650556198357,0.03937013383195153,0.08724607866539676,0.6270148335408999,0.683241596784676,1.0534449431803654,417.81024256630485,13.192244325004264,20.354462282221053
avg.none,full,boot8,C07M29,C07,M29,H3K9me3,109595897,0.35460325994514097,0.24881540673778946,0.3318854421540298,0.3421616108533273,0.3484488960883159,0.3007139462039552,399.5063740680746,11.346536298520688,4.143816863572698
avocado.none,full,boot8,C07M29,C07,M29,H3K9me3,109595897,0.3533249066184691,0.14798217104075714,0.1867934791652458,0.31925519947007963,0.33822540542474483,0.2803507049506165,412.04589501401625,13.460095403507767,1.669136910442754
avocado005.none,full,boot8,C07M29,C07,M29,H3K9me3,109595897,0.6917756745849685,0.042749333651718555,0.09963651219125066,0.6553645007062873,0.6919885828727002,1.0523202787779729,411.32334660262006,13.316203531023467,20.976824444855723
avg.none,full,boot9,C07M29,C07,M29,H3K9me3,109214154,0.34712460181718485,0.2494141612030659,0.31770895447080216,0.34075857774984414,0.34821346507623957,0.2838540961172691,21.059129176529495,10.90009553212591,3.591366530744416
avocado.none,full,boot9,C07M29,C07,M29,H3K9me3,109214154,0.34713492665457696,0.15136250907887944,0.18070867404340224,0.320050706049005,0.3389955657309809,0.2683903022512607,21.426961528819064,12.95186363989166,1.6472189001204365
avocado005.none,full,boot9,C07M29,C07,M29,H3K9me3,109214154,0.6824251842033406,0.04060023540698271,0.09183941553026474,0.6594199934801197,0.6868952634887306,1.026571648741093,21.813139313378848,12.821307456194178,20.351829424095794
candi.none,common,all23,C07M29,C07,M29,H3K9me3,121240975,0.3426565328052314,0.12165124189345314,0.23520323696850606,0.3143839341322689,0.3346872378576518,0.2828292196232752,382.6530770473397,13.630108097269414,0.47757431776525383
candi.tcfloor,common,all23,C07M29,C07,M29,H3K9me3,121240975,0.3328983231630036,0.2490400121988975,0.31922099955763666,0.3070036705484289,0.3255908768431215,0.2804404460004865,375.86489903504213,11.713602958105248,2.6676398102856793
avg.none,common,all23,C07M29,C07,M29,H3K9me3,121240975,0.3470027158036889,0.24823630015766496,0.32596762493643394,0.33261231058325685,0.34211303963512674,0.2968663756317869,372.29084379362365,11.192190499365383,3.9791779127778475
avocado.none,common,all23,C07M29,C07,M29,H3K9me3,121240975,0.34445076917634504,0.15302710742841066,0.18683517456430043,0.3106858119132579,0.3321558010625074,0.2767501800505637,383.98259880988854,13.231097725965556,1.6717659493855694
candi.none,common,boot0,C07M29,C07,M29,H3K9me3,109249991,0.3534192217372398,0.11356883624861758,0.21905802848281375,0.3251494451959224,0.34393189989779427,0.2928426207609658,409.4297887277484,13.980378805952189,0.48837206274410083
candi.tcfloor,common,boot0,C07M29,C07,M29,H3K9me3,109249991,0.3429808474600611,0.24456435184348724,0.3046318442549992,0.3172139499155116,0.334260723802618,0.29060664853909357,401.8711031121209,12.01316310581472,2.7522303319066865
avg.none,common,boot0,C07M29,C07,M29,H3K9me3,109249991,0.3573944044856931,0.2452351289798849,0.31261944955027837,0.3445674254737511,0.3517661220721579,0.30889605240777923,398.0047033135314,11.477249300639366,4.111406669640388
avocado.none,common,boot0,C07M29,C07,M29,H3K9me3,109249991,0.3553448828156385,0.15001802949369936,0.18352570786873468,0.321284544892482,0.3419290166222176,0.28684362486062737,410.9954430574769,13.589262011122273,1.6862927278651514
candi.none,common,boot1,C07M29,C07,M29,H3K9me3,109208574,0.33199554328313274,0.125596945087822,0.24389108879962978,0.2997060885668142,0.3215464929679692,0.2781862161353412,435.52050479322486,13.250452400036933,0.4576439417630093
candi.tcfloor,common,boot1,C07M29,C07,M29,H3K9me3,109208574,0.3235342746717802,0.24500524530072557,0.3238454888297323,0.2945322291016898,0.313895601495947,0.2774278332310635,427.88800041021574,11.499851167293794,2.526025747018792
avg.none,common,boot1,C07M29,C07,M29,H3K9me3,109208574,0.3351483155425761,0.24398610006681448,0.32980728039290025,0.3180048287635407,0.3249552642316474,0.29344109944958735,423.8091422256164,11.007443038556902,3.595977109800695
avocado.none,common,boot1,C07M29,C07,M29,H3K9me3,109208574,0.3348614507652686,0.1481751217090614,0.18343966777842274,0.29795766297747367,0.32058729808899344,0.272415927990089,437.0703867468574,12.902475332317838,1.6266931705166157
candi.none,common,boot2,C07M29,C07,M29,H3K9me3,109027430,0.3451308865323792,0.12206957096332954,0.23689900455139282,0.31878113170775196,0.3362326883013219,0.28643668233223235,418.54775252857866,13.859281494030999,0.4871693912719002
candi.tcfloor,common,boot2,C07M29,C07,M29,H3K9me3,109027430,0.3350708698659729,0.2513224390131102,0.3212452705397252,0.30881299330694895,0.3269738300340259,0.28355657454991334,411.13714368374764,11.885611145803011,2.7514361111010546
avg.none,common,boot2,C07M29,C07,M29,H3K9me3,109027430,0.3498721017163355,0.2503783727088064,0.3275820668028753,0.33340230036361634,0.344997984400278,0.3002629174774022,407.22624606121946,11.349047765521666,4.123587171498156
avocado.none,common,boot2,C07M29,C07,M29,H3K9me3,109027430,0.346349545845431,0.15772570048324905,0.19892406897191126,0.31447044050749967,0.3333578293607492,0.2801093416729027,420.00726956481526,13.450568318639801,1.719126476919254
candi.none,common,boot3,C07M29,C07,M29,H3K9me3,109057846,0.34265739955989843,0.12261858005785038,0.23833716180682218,0.3139406353012265,0.3336106126422334,0.2847218533075872,420.6187395249846,13.756640922282859,0.482067218854184
candi.tcfloor,common,boot3,C07M29,C07,M29,H3K9me3,109057846,0.3324716480704829,0.25279052817743963,0.3228764729963557,0.306271341935441,0.3245351983882465,0.2821392676189793,413.1793917692695,11.787409319726903,2.7467212614621257
avg.none,common,boot3,C07M29,C07,M29,H3K9me3,109057846,0.34707856199570625,0.25191146289281935,0.3286704252011746,0.3326170551996637,0.34165822757824593,0.29894453726052134,409.2500641016108,11.251259216020117,4.109420339191664
avocado.none,common,boot3,C07M29,C07,M29,H3K9me3,109057846,0.34334073318768343,0.15839634560521873,0.19070953619442185,0.3094115918673685,0.3301912630648053,0.27811281056130144,422.0822447160413,13.286907799120764,1.7172606927984833
candi.none,common,boot4,C07M29,C07,M29,H3K9me3,108648504,0.3345743951592369,0.1266287750241767,0.24638168826701543,0.3072839894742788,0.32824859150288815,0.2799606568193638,429.9455135918363,13.439053702092716,0.4764232992294854
candi.tcfloor,common,boot4,C07M29,C07,M29,H3K9me3,108648504,0.3257330180832817,0.2514181526009936,0.3281666057591633,0.3001270766505099,0.3185915216089448,0.27788398365402345,422.34964415487264,11.546040362029242,2.6783013148556525
avg.none,common,boot4,C07M29,C07,M29,H3K9me3,108648504,0.34004775957999817,0.2495140027921551,0.3336588796510903,0.3249079296546035,0.3330612741546206,0.29479298746526367,418.3271462970734,11.034368775290224,3.985660511274082
avocado.none,common,boot4,C07M29,C07,M29,H3K9me3,108648504,0.3356542091229336,0.15665896913941235,0.18810953432907784,0.30312599828653464,0.32448000841111585,0.2733376353016059,431.4494356437893,13.050526436416447,1.651028462958208
candi.none,common,boot5,C07M29,C07,M29,H3K9me3,109056922,0.3373749689993378,0.12849180433228274,0.24900862011828837,0.3130691555966095,0.3327220833171558,0.2821684699378713,424.2441598966494,13.536210181722746,0.47727890809697504
candi.tcfloor,common,boot5,C07M29,C07,M29,H3K9me3,109056922,0.32829513087478235,0.25287015452024997,0.33083385487158434,0.3059859238021327,0.32404517573563446,0.2802026809638626,416.7425313961361,11.617840071235507,2.719123332882509
avg.none,common,boot5,C07M29,C07,M29,H3K9me3,109056922,0.34326335031801414,0.2502160981294144,0.33598926922402683,0.33300942986674903,0.3420402123792143,0.2973882476234807,412.77402671513676,11.105438638242791,4.083059227579457
avocado.none,common,boot5,C07M29,C07,M29,H3K9me3,109056922,0.3394112667598182,0.15445585167045622,0.19268831305973605,0.30908133921756414,0.3300978150574805,0.2760047589536265,425.7262062223891,13.124085657263274,1.694086121382801
candi.none,common,boot6,C07M29,C07,M29,H3K9me3,109061592,0.33808106965064244,0.12628637029242537,0.24558206568848343,0.3103252209597729,0.33222668291622093,0.28251939155389894,426.76695057436893,13.602387451182437,0.48243161342331964
candi.tcfloor,common,boot6,C07M29,C07,M29,H3K9me3,109061592,0.32867769919624074,0.2514218150676883,0.32737191638409346,0.3036321685176768,0.32330820377315306,0.279221176088269,419.2215234684934,11.701332134179694,2.720361742420771
avg.none,common,boot6,C07M29,C07,M29,H3K9me3,109061592,0.34282148869843365,0.24949546887631333,0.3329557471686018,0.3297853001018956,0.3402299303895864,0.2937997730390256,415.22402669802193,11.186930526173972,4.042683572429495
avocado.none,common,boot6,C07M29,C07,M29,H3K9me3,109061592,0.3395403160163114,0.15405317063274868,0.18875963392039116,0.30607832286761905,0.3289239955961759,0.27631341877948673,428.25885695987273,13.222168645159602,1.629645167369115
candi.none,common,boot7,C07M29,C07,M29,H3K9me3,109047905,0.3479785569092683,0.10926149101049715,0.20842362280426383,0.30915883975807174,0.337066007193144,0.28181240709464545,417.0841725009766,13.677766501536611,0.47345138410228854
candi.tcfloor,common,boot7,C07M29,C07,M29,H3K9me3,109047905,0.33842270801035695,0.2411310401168281,0.29730598476188763,0.30402029088411003,0.32817290388608844,0.2795877362754073,409.7675430541904,11.76750056424341,2.6596690851546922
avg.none,common,boot7,C07M29,C07,M29,H3K9me3,109047905,0.35260890706495324,0.2428081746899772,0.3073677823885788,0.3270310771176286,0.34535201598776355,0.2962180917536646,405.888756547342,11.250752073279122,3.9993669937108174
avocado.none,common,boot7,C07M29,C07,M29,H3K9me3,109047905,0.34945985384595224,0.1513753718320731,0.17414994468169626,0.3063887881395816,0.33446030324848364,0.2752972722634975,418.546374238497,13.260054846850739,1.680120730174169
candi.none,common,boot8,C07M29,C07,M29,H3K9me3,109595876,0.3497954217036281,0.12508086734183632,0.24129617730088912,0.32252927089058464,0.3395470698006445,0.2855648795354168,410.6081267841107,13.835696341495435,0.4717355987741191
candi.tcfloor,common,boot8,C07M29,C07,M29,H3K9me3,109595876,0.33938451442796974,0.25083985894820976,0.3255167914161394,0.3144480323055514,0.3303653469610958,0.28354408773228423,403.33927399093335,11.873958172016659,2.74373388644715
avg.none,common,boot8,C07M29,C07,M29,H3K9me3,109595876,0.3546033278917529,0.24881530800256568,0.3318850574561098,0.3421616108533273,0.3484488960883159,0.3007139462039552,399.5063740680746,11.346536298520688,4.143816863572698
avocado.none,common,boot8,C07M29,C07,M29,H3K9me3,109595876,0.35332497389247064,0.14798201300756697,0.18679301177495541,0.31925519947007963,0.33822540542474483,0.2803507049506165,412.04589501401625,13.460095403507767,1.669136910442754
candi.none,common,boot9,C07M29,C07,M29,H3K9me3,109214135,0.3454853152770527,0.11544332347385677,0.2214030730984696,0.3240667295183605,0.34144333719059483,0.2737532463358625,21.597373496974782,13.347477913257,0.4808194652367086
candi.tcfloor,common,boot9,C07M29,C07,M29,H3K9me3,109214135,0.33434794319818784,0.24803941189237347,0.3088378155261066,0.31518396622120776,0.33146845338173114,0.26992755209722247,21.19932669345708,11.43088599177801,2.3699562318261216
avg.none,common,boot9,C07M29,C07,M29,H3K9me3,109214135,0.3471246622065057,0.24941406867115787,0.31770859784745764,0.34075857774984414,0.34821346507623957,0.2838540961172691,21.059129176529495,10.90009553212591,3.591366530744416
avocado.none,common,boot9,C07M29,C07,M29,H3K9me3,109214135,0.34713498663700587,0.15136236551172355,0.18070824665306243,0.320050706049005,0.3389955657309809,0.2683903022512607,21.426961528819064,12.95186363989166,1.6472189001204365
avg.none,full,all23,C12M01,C12,M01,ATAC-seq,121240998,219.87515503280864,0.6854363503713241,0.5016378923551649,2609.3984207843064,286.9046822880406,2781.3027278975715,321602.85563412635,21730.76232641169,16148.798864192793
avocado.none,full,all23,C12M01,C12,M01,ATAC-seq,121240998,273.0237869742031,0.5392755003010664,0.43865988736103195,3628.525016098581,361.49943890875716,2994.6293283951054,523627.29538377473,27285.891923380186,24221.160281340566
avocado005.none,full,all23,C12M01,C12,M01,ATAC-seq,121240998,358.2443898191824,0.13793205798812597,0.17436636702239858,3912.217547038165,487.84683195329404,13184.438464676488,541463.6057780283,28748.49379274312,30145.655817238956
avg.none,full,boot0,C12M01,C12,M01,ATAC-seq,109250012,212.12872141309933,0.6914948020320736,0.49695322581423773,2539.9757696583824,275.36574200905613,2734.6181198957997,303107.4670329552,20960.75128177782,15588.313733702358
avocado.none,full,boot0,C12M01,C12,M01,ATAC-seq,109250012,262.34024330709343,0.5771972331609418,0.44812779490772015,3495.305571504855,341.21513932031763,2956.2802434943546,388248.71880077384,26218.49534574452,23318.2735123379
avocado005.none,full,boot0,C12M01,C12,M01,ATAC-seq,109250012,351.0113191764354,0.13261375622559943,0.16823524388143204,3781.3448034250655,470.8499390133286,13776.254358886687,380952.39464945794,27428.148906314305,29946.38367490641
avg.none,full,boot1,C12M01,C12,M01,ATAC-seq,109208595,211.50216419757334,0.6795670291524547,0.5016784704714391,2488.945418517297,280.1577327707717,2839.9589197194177,321051.0273606763,20900.769460557865,15424.714521852216
avocado.none,full,boot1,C12M01,C12,M01,ATAC-seq,109208595,261.03974025728957,0.5339191497855591,0.43830606577731845,3454.7381866892506,351.0031973277595,3040.2427741268907,538494.6103539323,26088.282374899587,23150.69007525718
avocado005.none,full,boot1,C12M01,C12,M01,ATAC-seq,109208595,356.65875643369606,0.12655504727264172,0.17732118390857957,3818.025102035631,493.68349702584254,14572.513933538608,563091.2886221064,27868.35117653658,30190.44713272971
avg.none,full,boot2,C12M01,C12,M01,ATAC-seq,109027451,217.91607457202255,0.6824912731536422,0.5014662630549405,2565.149457871228,283.7568201755614,2741.9883939142665,319278.10217836674,21533.022140355504,15972.953131982098
avocado.none,full,boot2,C12M01,C12,M01,ATAC-seq,109027451,270.05815496480534,0.5360801470320609,0.4380857128467108,3563.428835702442,357.32502595966497,2945.353692847423,534016.8556281679,26989.195646011125,23951.45845392439
avocado005.none,full,boot2,C12M01,C12,M01,ATAC-seq,109027451,364.80228677189564,0.13285840471379953,0.17360852698101573,3887.9612189088393,498.43287382982857,14158.982476548266,556759.362837371,28656.78950513179,30919.340367770506
avg.none,full,boot3,C12M01,C12,M01,ATAC-seq,109057867,228.35215562979104,0.6874748055760791,0.5025011975475525,2621.0099271712434,294.6477062058424,2753.6472350488352,320394.6201470339,22567.882891172423,16786.93862048218
avocado.none,full,boot3,C12M01,C12,M01,ATAC-seq,109057867,284.3394670232003,0.5370893674577303,0.43789176479597963,3653.558870264094,372.51685491779386,2959.261622911367,531652.796455392,28416.297849105984,25169.1344710755
avocado005.none,full,boot3,C12M01,C12,M01,ATAC-seq,109057867,376.87438439562453,0.13745738953472147,0.17348778926385863,3945.569423654053,507.014665114446,13907.09287114669,550958.1850341028,29966.375973351136,31825.868400696072
avg.none,full,boot4,C12M01,C12,M01,ATAC-seq,108648525,218.8918893722968,0.6834927484416992,0.5043117393201917,2600.815739618905,284.66123834777136,2777.7111364613993,320571.23596484907,21632.92022689937,16023.776105123097
avocado.none,full,boot4,C12M01,C12,M01,ATAC-seq,108648525,271.5615267816802,0.532902615384137,0.4408612116116741,3623.5266775681507,358.9017277887163,2979.048385498124,533813.0824077177,27139.56460902907,24078.812167716624
avocado005.none,full,boot4,C12M01,C12,M01,ATAC-seq,108648525,357.14995960173957,0.13503165198531314,0.17760134542265352,3658.169663450514,501.496574982303,14354.66784323724,550056.57947469,27850.334909315363,30117.873200255715
avg.none,full,boot5,C12M01,C12,M01,ATAC-seq,109056943,220.32821287411306,0.6884101885248624,0.5047445879608911,2640.9182823600263,289.20344753693206,2843.3737289903343,324484.23905227927,21776.879201601045,16296.44890044157
avocado.none,full,boot5,C12M01,C12,M01,ATAC-seq,109056943,275.8307577219476,0.5497175642373076,0.44037188715002124,3691.828075161843,367.5474793632822,3064.2209038936494,543680.8099064699,27567.023391101775,24499.406364157374
avocado005.none,full,boot5,C12M01,C12,M01,ATAC-seq,109056943,367.6628385500004,0.1351581035070851,0.17939620927811017,3985.5013227579816,503.69288636812604,14522.090988772401,562122.8158631041,28970.602922054426,31199.522221784857
avg.none,full,boot6,C12M01,C12,M01,ATAC-seq,109061613,220.5358481930088,0.6869213004591739,0.5037266084713583,2578.7227967249464,291.3323695196114,2715.532226123583,318190.3830924172,21797.16826230356,16221.21298288869
avocado.none,full,boot6,C12M01,C12,M01,ATAC-seq,109061613,275.0328315441004,0.5298241238457251,0.4395720372667774,3608.943412812065,369.7164490721789,2937.721475536292,532742.8028659935,27486.357312783555,24437.68588524928
avocado005.none,full,boot6,C12M01,C12,M01,ATAC-seq,109061613,298.43445121309145,0.2237138342779486,0.17851397176753633,3925.8723657427254,392.19661889927704,3720.875609390345,553553.9720690653,29054.99321820067,24197.92470580735
avg.none,full,boot7,C12M01,C12,M01,ATAC-seq,109047925,227.24192107640118,0.6866718899911901,0.4978908449195071,2743.725059153026,297.17990722159396,2878.9859933188595,340387.57177637995,22467.429555736253,16756.763385176007
avocado.none,full,boot7,C12M01,C12,M01,ATAC-seq,109047925,282.38177798204237,0.5361606109469266,0.4336688434544257,3810.568262628907,375.28310891131963,3106.569911992757,562177.7238310209,28221.718532638228,25079.974922030273
avocado005.none,full,boot7,C12M01,C12,M01,ATAC-seq,109047925,375.38900189634626,0.1345453310294921,0.16717406374760702,4107.3941217651945,511.206728781874,14497.496651146848,582427.2910360507,29763.301939321656,31729.392334293494
avg.none,full,boot8,C12M01,C12,M01,ATAC-seq,109595897,225.42762996081757,0.6840976396415975,0.5037682956284747,2656.972077665045,291.09717517736397,2723.529306472793,324907.640193132,22278.489818735794,16466.732623852364
avocado.none,full,boot8,C12M01,C12,M01,ATAC-seq,109595897,278.975878792728,0.5423406976794376,0.4384281218255491,3687.726959533994,365.6783467502029,2932.565660581766,535622.4207214192,27879.925250688706,24640.404935836388
avocado005.none,full,boot8,C12M01,C12,M01,ATAC-seq,109595897,372.7873547638801,0.13460074574836106,0.1751970840128544,3994.4392829851213,504.1835837523463,13863.224155921409,556567.9910387615,29482.764990116164,31369.03186621767
avg.none,full,boot9,C12M01,C12,M01,ATAC-seq,109214154,216.42611905627396,0.6845549248563297,0.49881699801284457,2655.352778762184,281.2636728819512,2809.9672324861576,323238.0259683355,21391.295940432912,15937.793579687737
avocado.none,full,boot9,C12M01,C12,M01,ATAC-seq,109214154,268.6842242322232,0.5298807857865673,0.4330606318222552,3690.747308020052,355.3240977110621,3032.03358026312,532371.53052541,26852.459655601193,23864.116210894426
avocado005.none,full,boot9,C12M01,C12,M01,ATAC-seq,109214154,361.6133241195473,0.13109029406275882,0.17250631000280936,4014.7526382917654,494.5675649853243,14506.548645233304,554097.4210182123,28425.682886817853,30625.21078941634
candi.none,common,all23,C12M01,C12,M01,ATAC-seq,121240975,270.99968113889554,0.3973455914465193,0.3638251541095642,3611.743921743603,358.3057155208468,2999.33296383933,554124.1931747255,26904.144983023576,22798.185193911853
candi.tcfloor,common,all23,C12M01,C12,M01,ATAC-seq,121240975,231.41802186406207,0.6784844245986321,0.48645166061704814,2816.2596974687062,302.8110137162798,2827.170933283552,346284.0239467516,22945.339362136874,17197.20282985808
avg.none,common,all23,C12M01,C12,M01,ATAC-seq,121240975,219.8751967441902,0.6854363502922002,0.501637599247015,2609.3984207843064,286.9046822880406,2781.3027278975715,321602.85563412635,21730.76232641169,16148.798864192793
avocado.none,common,all23,C12M01,C12,M01,ATAC-seq,121240975,273.02383876751566,0.539275499966942,0.43865960264399845,3628.525016098581,361.49943890875716,2994.6293283951054,523627.29538377473,27285.891923380186,24221.160281340566
candi.none,common,boot0,C12M01,C12,M01,ATAC-seq,109249991,258.7901191205412,0.39964613906113877,0.358978676906869,3431.2870272742384,334.74167739056355,2956.6624063960676,388014.17684030154,25692.458398939147,22081.42246858874
candi.tcfloor,common,boot0,C12M01,C12,M01,ATAC-seq,109249991,223.1398163579766,0.6851681009580028,0.4821763029243345,2737.3944123087235,290.20923812501263,2780.561408409997,318828.2659502248,22121.030849910705,16579.26230113587
avg.none,common,boot0,C12M01,C12,M01,ATAC-seq,109249991,212.12876218841757,0.6914948020211773,0.4969529259864016,2539.9757696583824,275.36574200905613,2734.6181198957997,303107.4670329552,20960.77045900272,15588.327978103573
avocado.none,common,boot0,C12M01,C12,M01,ATAC-seq,109249991,262.34029373350376,0.5771972329877657,0.448127504641677,3495.305571504855,341.21513932031763,2956.2802434943546,388248.71880077384,26218.519334707893,23318.294855938522
candi.none,common,boot1,C12M01,C12,M01,ATAC-seq,109208574,260.19877877014716,0.394592217068333,0.36653395189806537,3459.597608686286,349.73435740197976,3050.9895658884725,573925.7502320753,25838.448532607475,21913.61198052895
candi.tcfloor,common,boot1,C12M01,C12,M01,ATAC-seq,109208574,222.4712603075223,0.6724235602079907,0.4863390280366395,2686.9028683738384,295.49983096495316,2884.611223880373,346735.37703652977,22056.207363608293,16414.471665356297
avg.none,common,boot1,C12M01,C12,M01,ATAC-seq,109208574,211.50220486787316,0.6795670290718713,0.5016781726993278,2488.945418517297,280.1577327707717,2839.9589197194177,321051.0273606763,20900.769460557865,15424.714521852216
avocado.none,common,boot1,C12M01,C12,M01,ATAC-seq,109208574,261.0397904526324,0.5339191494396399,0.4383057806198204,3454.7381866892506,351.0031973277595,3040.2427741268907,538494.6103539323,26088.282374899587,23150.69007525718
candi.none,common,boot2,C12M01,C12,M01,ATAC-seq,109027430,268.85570359744213,0.3961851475197776,0.3633159177726592,3562.446510175388,355.40042608712815,2956.104923681487,569330.1124964568,26686.246185283555,22510.930733831512
candi.tcfloor,common,boot2,C12M01,C12,M01,ATAC-seq,109027430,229.3674276414149,0.6753825047670676,0.4863251356723742,2768.9918609356305,299.54359843980427,2786.7478426003336,344823.6093845238,22738.91297839096,17011.666117992383
avg.none,common,boot2,C12M01,C12,M01,ATAC-seq,109027430,217.9161165452908,0.6824912730615996,0.5014659651656521,2565.149457871228,283.7568201755614,2741.9883939142665,319278.10217836674,21533.022140355504,15972.953131982098
avocado.none,common,boot2,C12M01,C12,M01,ATAC-seq,109027430,270.0582069805835,0.5360801466755735,0.4380854294821454,3563.428835702442,357.32502595966497,2945.353692847423,534016.8556281679,26989.195646011125,23951.45845392439
candi.none,common,boot3,C12M01,C12,M01,ATAC-seq,109057846,282.2709004479828,0.3972854480776062,0.36522209241892856,3636.815894501829,369.4182175988713,2965.9253824241678,564448.0656996552,28013.98281309433,23487.168768506188
candi.tcfloor,common,boot3,C12M01,C12,M01,ATAC-seq,109057846,240.4474977860745,0.6805268683636001,0.4871164918562228,2829.070789025267,311.1242103267906,2798.286918479077,345784.61621531413,23840.256136114323,17891.48745484343
avg.none,common,boot3,C12M01,C12,M01,ATAC-seq,109057846,228.35219960090768,0.6874748054824763,0.5025009007173841,2621.0099271712434,294.6477062058424,2753.6472350488352,320394.6201470339,22567.882891172423,16786.93862048218
avocado.none,common,boot3,C12M01,C12,M01,ATAC-seq,109057846,284.3395217744679,0.5370893670954684,0.4378914778406202,3653.558870264094,372.51685491779386,2959.261622911367,531652.796455392,28416.297849105984,25169.1344710755
candi.none,common,boot4,C12M01,C12,M01,ATAC-seq,108648504,269.99899026839756,0.39587124050438643,0.36752291229589695,3615.320259953642,356.4036458018432,2980.6737901761007,568172.3609875633,26799.83472671131,22721.05099336116
candi.tcfloor,common,boot4,C12M01,C12,M01,ATAC-seq,108648504,230.384411865542,0.6764615443187725,0.4887695429445398,2807.943420875633,300.5022380957896,2822.073968786262,346014.8446048764,22842.358200330018,17072.39734937808
avg.none,common,boot4,C12M01,C12,M01,ATAC-seq,108648504,218.89193168056158,0.6834927483494414,0.5043114419513547,2600.815739618905,284.66123834777136,2777.7111364613993,320571.23596484907,21632.92022689937,16023.776105123097
avocado.none,common,boot4,C12M01,C12,M01,ATAC-seq,108648504,271.5615792696189,0.5329026150188241,0.44086090892449564,3623.5266775681507,358.9017277887163,2979.048385498124,533813.0824077177,27139.56460902907,24078.812167716624
candi.none,common,boot5,C12M01,C12,M01,ATAC-seq,109056922,272.8666253520327,0.39715678155545314,0.36752161149515183,3673.519508921827,363.35493442871666,3065.5872847608343,575718.078178629,27088.12496935155,22964.05996815236
candi.tcfloor,common,boot5,C12M01,C12,M01,ATAC-seq,109056922,232.04554117003983,0.681485955294014,0.4891752342258664,2851.519187793906,305.45544878536185,2889.8213829011356,350464.93821960856,23008.75862202136,17364.49916965378
avg.none,common,boot5,C12M01,C12,M01,ATAC-seq,109056922,220.3282553005119,0.6884101884419686,0.5047442918506233,2640.9182823600263,289.20344753693206,2843.3737289903343,324484.23905227927,21776.879201601045,16296.44890044157
avocado.none,common,boot5,C12M01,C12,M01,ATAC-seq,109056922,275.8308108352886,0.5497175639438725,0.4403716010798242,3691.828075161843,367.5474793632822,3064.2209038936494,543680.8099064699,27567.023391101775,24499.406364157374
candi.none,common,boot6,C12M01,C12,M01,ATAC-seq,109061592,272.37300471059837,0.39863337713846686,0.3671797379747058,3580.297495657626,365.85812459452956,2943.8647190180327,565370.6435520352,27036.828772007146,22832.18664550114
candi.tcfloor,common,boot6,C12M01,C12,M01,ATAC-seq,109061592,232.22721611636854,0.6799131020484712,0.48817276644905955,2784.891018859537,307.74291343963296,2763.391724183842,343644.1204183849,23026.547426281548,17285.547233449568
avg.none,common,boot6,C12M01,C12,M01,ATAC-seq,109061592,220.53589065757149,0.6869213003687402,0.5037263119092523,2578.7227967249464,291.3323695196114,2715.532226123583,318190.3830924172,21797.188224649653,16221.226455758617
avocado.none,common,boot6,C12M01,C12,M01,ATAC-seq,109061592,275.03288450150154,0.5298241234774979,0.4395717543284992,3608.943412812065,369.7164490721789,2937.721475536292,532742.8028659935,27486.382501625274,24437.708291269468
candi.none,common,boot7,C12M01,C12,M01,ATAC-seq,109047905,280.1513150916765,0.39900950561346155,0.3561550326264929,3793.7147835681662,371.58486502137885,3109.6696358005483,596416.2687441383,27818.811291761904,23558.46836663782
candi.tcfloor,common,boot7,C12M01,C12,M01,ATAC-seq,109047905,239.1417607670911,0.6796579789402956,0.48327876367479755,2959.302769527398,313.6273084853647,2927.5791520045223,367115.7357513967,23717.63619348975,17838.417295666037
avg.none,common,boot7,C12M01,C12,M01,ATAC-seq,109047905,227.2419627538495,0.6866718899077804,0.49789056030578116,2743.725059153026,297.17990722159396,2878.9859933188595,340387.57177637995,22467.429555736253,16756.763385176007
avocado.none,common,boot7,C12M01,C12,M01,ATAC-seq,109047905,282.3818297718521,0.5361606106117743,0.4336685626126277,3810.568262628907,375.28310891131963,3106.569911992757,562177.7238310209,28221.718532638228,25079.974922030273
candi.none,common,boot8,C12M01,C12,M01,ATAC-seq,109595876,278.4374252025591,0.39552338959242594,0.3635385246681881,3701.277139626727,364.4394603565089,2942.572003391262,570013.9331954748,27642.113503102035,23310.415392559753
candi.tcfloor,common,boot8,C12M01,C12,M01,ATAC-seq,109595876,237.23793066469082,0.6772451722663404,0.48874852519172196,2868.792516589252,307.1951681087923,2769.453013165441,350378.84512880654,23521.606558306048,17538.405511006717
avg.none,common,boot8,C12M01,C12,M01,ATAC-seq,109595876,225.42767315569316,0.6840976395517383,0.5037680016184976,2656.972077665045,291.09717517736397,2723.529306472793,324907.640193132,22278.489818735794,16466.732623852364
avocado.none,common,boot8,C12M01,C12,M01,ATAC-seq,109595876,278.97593224746265,0.5423406973366116,0.438427835463411,3687.726959533994,365.6783467502029,2932.565660581766,535622.4207214192,27879.925250688706,24640.404935836388
candi.none,common,boot9,C12M01,C12,M01,ATAC-seq,109214135,266.05722642329505,0.39972589416375265,0.3616224893471473,3657.323564653267,351.6466404111126,3027.8152713863406,565590.7659365649,26422.671781912515,22563.134705298857
candi.tcfloor,common,boot9,C12M01,C12,M01,ATAC-seq,109214135,227.71712788472726,0.6775238221884085,0.4838928887849405,2865.0722815019153,296.80758232124066,2855.5222402750765,348393.05886647146,22579.342511486164,16953.45189647388
avg.none,common,boot9,C12M01,C12,M01,ATAC-seq,109214135,216.42615670795945,0.6845549247934356,0.49881672772486946,2655.352778762184,281.2636728819512,2809.9672324861576,323238.0259683355,21391.295940432912,15937.793579687737
avocado.none,common,boot9,C12M01,C12,M01,ATAC-seq,109214135,268.68427097469413,0.5298807854700395,0.4330603704486509,3690.747308020052,355.3240977110621,3032.03358026312,532371.53052541,26852.459655601193,23864.116210894426
avg.none,full,all23,C12M02,C12,M02,DNase-seq,121240998,434.3082429561646,0.5521057772340153,0.4698820252108456,8619.144189466933,622.4286815520211,3101.393891152559,173247211.69231313,41299.79867231597,41372.161994571296
avocado.none,full,all23,C12M02,C12,M02,DNase-seq,121240998,511.9054977805624,0.43773772272591066,0.38288443339732936,9580.737555261681,683.6595014268729,3409.681742658128,110426159.90627278,51173.63188210755,49996.59217494856
avocado005.none,full,all23,C12M02,C12,M02,DNase-seq,121240998,448.59053753899957,0.6813900253978635,0.3465476914828688,7694.437721274418,560.3264022485329,3195.7895653429537,12391057.014231108,44759.025591207464,43431.119460175156
avg.none,full,boot0,C12M02,C12,M02,DNase-seq,109250012,382.67432203675935,0.6879490536360634,0.46519498507208795,6531.430705156168,479.00111102648737,3040.6240730892437,1556516.9840555587,36065.641668525255,36262.55759257359
avocado.none,full,boot0,C12M02,C12,M02,DNase-seq,109250012,469.6757750000375,0.7239425542997738,0.39183765520686853,8214.21319804611,587.5883981503293,3311.0053938786104,1886652.591508059,46951.97648911962,45912.33997221032
avocado005.none,full,boot0,C12M02,C12,M02,DNase-seq,109250012,430.63464237541433,0.6780140342537584,0.34052625746131987,7429.005597301669,535.6140091587473,3112.0795397467223,1783210.6894440865,42966.900990913426,41651.5245177173
avg.none,full,boot1,C12M02,C12,M02,DNase-seq,109208595,395.5160789096655,0.5445867647454392,0.47158048424200205,8199.822976737449,580.9044867939563,3068.944727130833,199940237.3525337,38048.82929626882,37574.669268028025
avocado.none,full,boot1,C12M02,C12,M02,DNase-seq,109208595,466.1167586637759,0.4202757499732629,0.3765829486380772,8835.026144237207,637.077117640806,3346.411451009123,127277823.21360105,46595.052785014974,45501.021272046346
avocado005.none,full,boot1,C12M02,C12,M02,DNase-seq,109208595,403.63640802232504,0.6824716817691232,0.34863093142017004,6845.253125034039,509.53639516188923,3127.692325667789,14010019.23933869,40267.181750233,39018.48704055887
avg.none,full,boot2,C12M02,C12,M02,DNase-seq,109027451,443.37795949247266,0.5425390092662494,0.47025115056685035,8913.132218345418,646.5414209813217,3110.323024927507,186597530.98158064,42033.66210221318,42416.48241713311
avocado.none,full,boot2,C12M02,C12,M02,DNase-seq,109027451,519.904057236412,0.42708532231297713,0.3828406699716861,9785.626572215606,700.7474213374962,3404.923019618092,118850920.64903472,51973.1569358623,50913.55885576228
avocado005.none,full,boot2,C12M02,C12,M02,DNase-seq,109027451,452.912056831235,0.6824849627891801,0.34704770143033065,7777.383246712111,568.6103919117601,3175.2493078010502,13168881.50987327,45189.005022404956,43984.99084125291
avg.none,full,boot3,C12M02,C12,M02,DNase-seq,109057867,463.16494299875046,0.5478482341159836,0.47217463602592,8883.823223758625,657.7883795752922,3131.992834901882,180157736.9325309,43991.053863916364,44104.7523876394
avocado.none,full,boot3,C12M02,C12,M02,DNase-seq,109057867,543.3842192770288,0.4357536888480863,0.3868356717494302,9785.00302576565,718.0191811375887,3414.3285432187317,114792279.02314192,54320.257076763824,52999.385841232244
avocado005.none,full,boot3,C12M02,C12,M02,DNase-seq,109057867,476.9609194883355,0.6816762644513727,0.3488431010854855,7845.255966141794,588.2288964936583,3216.2003922723493,12819693.097866787,47588.38255797552,46224.640961019955
avg.none,full,boot4,C12M02,C12,M02,DNase-seq,108648525,448.8113443465601,0.5413157830159437,0.47361160616539416,9027.982907221603,646.8373202939177,2974.0728950775256,184555462.50934747,42688.168414284315,42759.0742027125
avocado.none,full,boot4,C12M02,C12,M02,DNase-seq,108648525,525.8692786917317,0.42481656018820674,0.383978833645174,9937.865529264862,704.2743412705674,3416.225377196318,117583338.57861646,52550.86364230013,51323.04526275638
avocado005.none,full,boot4,C12M02,C12,M02,DNase-seq,108648525,459.62576217549906,0.6779937703565718,0.35123067220807447,7915.224663516281,571.4515200271491,3196.606855287274,13113639.929446798,45843.792887168805,44546.10666637581
avg.none,full,boot5,C12M02,C12,M02,DNase-seq,109056943,449.24857205604474,0.5432042129372858,0.47209421215291114,9008.767787741632,653.4135059619156,3267.220833345579,184338298.95286888,42633.46211525348,42859.82240514505
avocado.none,full,boot5,C12M02,C12,M02,DNase-seq,109056943,527.140888463745,0.42783795126312274,0.3880185208310578,9890.5200143891,711.6402897008822,3584.3925096716966,117454121.62942083,52696.79715526687,51475.43254780794
avocado005.none,full,boot5,C12M02,C12,M02,DNase-seq,109056943,459.6927816305797,0.6813969094714335,0.3501431516880179,7899.340706245717,578.1658365831571,3363.0287924335125,13102254.243826931,45870.09717325302,44530.486413924395
avg.none,full,boot6,C12M02,C12,M02,DNase-seq,109061613,449.7221755382493,0.5443383324133173,0.4738474553117078,8873.764039709202,658.8689126512722,3157.7908707579554,183894491.5251682,42686.67912734354,42849.281162586354
avocado.none,full,boot6,C12M02,C12,M02,DNase-seq,109061613,531.3029909155769,0.42083259418596136,0.38333167910646815,9813.965131696054,722.2529419760813,3511.084586140177,117167998.09486775,53113.186123747306,51848.7055917191
avocado005.none,full,boot6,C12M02,C12,M02,DNase-seq,109061613,461.19687559087754,0.6817407686718608,0.35126022414698316,7750.230487706421,584.4807891008427,3282.4866494334824,13057634.268239534,46017.06664551021,44678.96586335375
avg.none,full,boot7,C12M02,C12,M02,DNase-seq,109047925,448.3850146022276,0.542327922336127,0.4644142113901268,9157.713580665571,648.1449144607564,3244.102342887659,184002241.79617462,42545.97165307726,42779.73188412671
avocado.none,full,boot7,C12M02,C12,M02,DNase-seq,109047925,524.1073316092134,0.4300702461369102,0.37800768177249444,10035.139096322711,704.2775730580606,3552.245188537296,117226977.62378597,52393.61895633241,51207.471501679596
avocado005.none,full,boot7,C12M02,C12,M02,DNase-seq,109047925,458.73178951654586,0.6823848800935297,0.3383236153510136,8036.919888305771,573.6028535267665,3339.812438215228,13058441.570729211,45770.814271125564,44503.630617925395
avg.none,full,boot8,C12M02,C12,M02,DNase-seq,109595897,451.6850968622941,0.5437408284508557,0.4696346690878835,9028.530823640054,645.746739973135,3124.24754363549,182233246.29320684,42890.47735727913,42993.033553913025
avocado.none,full,boot8,C12M02,C12,M02,DNase-seq,109595897,525.2327095897709,0.4391710004653186,0.3804497058190901,9828.957241443648,696.9626709359969,3426.4476097225756,116108251.85817222,52505.44019292863,51228.21615209729
avocado005.none,full,boot8,C12M02,C12,M02,DNase-seq,109595897,462.42633093404044,0.6807936363978526,0.3479811230625343,7880.66229009047,571.6523275813968,3216.2899547372526,12964974.974481467,46139.56983099178,44862.77448718547
avg.none,full,boot9,C12M02,C12,M02,DNase-seq,109214154,410.64753510811295,0.5469478626053267,0.46556436122953976,8498.069212607294,606.2862887323736,2892.3861862243234,195447551.70598546,39412.82398634596,39097.391516779695
avocado.none,full,boot9,C12M02,C12,M02,DNase-seq,109214154,486.48455462799444,0.4183726267102952,0.3773972766301,9627.653491832432,652.9575315472624,3127.4657846220957,124461039.613793,48633.1938324344,47504.83108358876
avocado005.none,full,boot9,C12M02,C12,M02,DNase-seq,109214154,420.19721771425566,0.6852300410092298,0.34091534433880843,7526.644258814089,520.8447926336505,2925.7130346588524,13754399.65633952,41930.887491992915,40757.12555432017
candi.none,common,all23,C12M02,C12,M02,DNase-seq,121240975,546.5481515554357,0.4332077274104708,0.39129400581909946,9638.074409625364,685.1540956915683,3618.4125160928147,21858778.561614353,54260.540306786635,51863.345857591834
candi.tcfloor,common,all23,C12M02,C12,M02,DNase-seq,121240975,420.6512341529079,0.5894030786643076,0.4535933609662306,7951.933508984176,575.0628373018889,3046.7309802840687,112941239.38023977,40437.272551541464,40121.90324123737
avg.none,common,all23,C12M02,C12,M02,DNase-seq,121240975,434.3083253465412,0.5521057770202706,0.4698817093819204,8619.144189466933,622.4286815520211,3101.393891152559,173247211.69231313,41299.79867231597,41372.161994571296
avocado.none,common,all23,C12M02,C12,M02,DNase-seq,121240975,511.9055948909538,0.4377377225403329,0.38288410163479375,9580.737555261681,683.6595014268729,3409.681742658128,110426159.90627278,51173.63188210755,49996.59217494856
candi.none,common,boot0,C12M02,C12,M02,DNase-seq,109249991,523.082148782176,0.43276858921213696,0.38894357146100467,9229.537108174696,650.284634599399,3523.6846041037425,2089497.9235517392,51926.578417585646,49797.66909823914
candi.tcfloor,common,boot0,C12M02,C12,M02,DNase-seq,109249991,382.05521900829706,0.7094423241715349,0.45037282119511285,6540.510611996239,475.9079810961238,2981.3517173494065,1593031.9458254832,36529.023289373654,36326.6784383223
avg.none,common,boot0,C12M02,C12,M02,DNase-seq,109249991,382.674395594301,0.6879490535702298,0.4651946616439027,6531.430705156168,479.00111102648737,3040.6240730892437,1556516.9840555587,36065.674674732894,36262.590713563564
avocado.none,common,boot0,C12M02,C12,M02,DNase-seq,109249991,469.6758652803976,0.7239425542209603,0.3918373278077866,8214.21319804611,587.5883981503293,3311.0053938786104,1886652.591508059,46952.019459645504,45912.381833162755
candi.none,common,boot1,C12M02,C12,M02,DNase-seq,109208574,492.94962005738125,0.4319575010899169,0.3955076982699236,8631.287333207185,625.4606220011349,3544.986758210643,24895960.643631827,48919.00809845236,46717.28125981267
candi.tcfloor,common,boot1,C12M02,C12,M02,DNase-seq,109208574,380.99821387713365,0.5827515727567275,0.4562076146213283,7413.986017058109,531.0611825214213,3006.201939650625,130242110.74978946,36931.943925882035,36256.135149927875
avg.none,common,boot1,C12M02,C12,M02,DNase-seq,109208574,395.5161549644784,0.5445867645291993,0.47158016416727455,8199.822976737449,580.9044867939563,3068.944727130833,199940237.3525337,38048.82929626882,37574.669268028025
avocado.none,common,boot1,C12M02,C12,M02,DNase-seq,109208574,466.1168482940206,0.4202757497878546,0.3765826013542879,8835.026144237207,637.077117640806,3346.411451009123,127277823.21360105,46595.052785014974,45501.021272046346
candi.none,common,boot2,C12M02,C12,M02,DNase-seq,109027430,552.252825968365,0.4340419930204834,0.3912695268179418,9734.140466058498,694.8899836046619,3598.5494956231364,23354372.96065039,54824.34812574231,52451.44350759106
candi.tcfloor,common,boot2,C12M02,C12,M02,DNase-seq,109027430,427.83869669934006,0.5802810996961904,0.45371369789312715,8168.312256172324,593.1122648225904,3048.3390331832416,121582172.06631841,41029.02044268404,40954.75173965883
avg.none,common,boot2,C12M02,C12,M02,DNase-seq,109027430,443.3780448924235,0.5425390090447588,0.4702508302624888,8913.132218345418,646.5414209813217,3110.323024927507,186597530.98158064,42033.66210221318,42416.48241713311
avocado.none,common,boot2,C12M02,C12,M02,DNase-seq,109027430,519.9041573756177,0.4270853221288942,0.3828403381400194,9785.626572215606,700.7474213374962,3404.923019618092,118850920.64903472,51973.1569358623,50913.55885576228
candi.none,common,boot3,C12M02,C12,M02,DNase-seq,109057846,580.8509063215937,0.4335267552122426,0.3898600437101502,9821.496635791058,718.5171281730024,3631.6390358791436,22656577.955864027,57665.70836376421,54930.91703924224
candi.tcfloor,common,boot3,C12M02,C12,M02,DNase-seq,109057846,448.04663485977267,0.5850731330707799,0.4542395516245244,8166.180809887964,606.3106889373413,3072.8717886273644,117423227.77831703,43030.47667368483,42707.34913169442
avg.none,common,boot3,C12M02,C12,M02,DNase-seq,109057846,463.16503218503243,0.5478482338905225,0.47217431809814325,8883.823223758625,657.7883795752922,3131.992834901882,180157736.9325309,43991.053863916364,44104.7523876394
avocado.none,common,boot3,C12M02,C12,M02,DNase-seq,109057846,543.3843239095883,0.4357536886583311,0.3868353404391056,9785.00302576565,718.0191811375887,3414.3285432187317,114792279.02314192,54320.257076763824,52999.385841232244
candi.none,common,boot4,C12M02,C12,M02,DNase-seq,108648504,558.5046231864071,0.4308569149775224,0.39462958397371883,9902.597368454306,696.7995366266821,3610.442066357643,23181984.14022471,55429.02654738581,52967.578996226475
candi.tcfloor,common,boot4,C12M02,C12,M02,DNase-seq,108648504,433.5705037498344,0.5788942241215573,0.45680219645477793,8286.273402787561,594.0847528637936,2956.2016906936346,120283447.45087163,41679.18728732044,41353.916567636756
avg.none,common,boot4,C12M02,C12,M02,DNase-seq,108648504,448.8114310945399,0.5413157827942372,0.47361128662497864,9027.982907221603,646.8373202939177,2974.0728950775256,184555462.50934747,42688.168414284315,42759.0742027125
avocado.none,common,boot4,C12M02,C12,M02,DNase-seq,108648504,525.8693803332619,0.42481655999926643,0.38397848584832606,9937.865529264862,704.2743412705674,3416.225377196318,117583338.57861646,52550.86364230013,51323.04526275638
candi.none,common,boot5,C12M02,C12,M02,DNase-seq,109056922,560.4936601102978,0.43294264916582587,0.39395577442856033,9899.786315448468,708.1835257728637,3812.6298084653513,23164475.794160917,55650.28650625826,53206.300388698866
candi.tcfloor,common,boot5,C12M02,C12,M02,DNase-seq,109056922,433.9905095849527,0.5806057768132186,0.4555201071992921,8271.238409689966,600.9724522695063,3211.782083476308,120143592.8639662,41653.87594297014,41444.49139659115
avg.none,common,boot5,C12M02,C12,M02,DNase-seq,109056922,449.24865856334605,0.5432042127192629,0.4720938925778479,9008.767787741632,653.4135059619156,3267.220833345579,184338298.95286888,42633.46211525348,42859.82240514505
avocado.none,common,boot5,C12M02,C12,M02,DNase-seq,109056922,527.1409899694106,0.4278379510786625,0.38801818643869274,9890.5200143891,711.6402897008822,3584.3925096716966,117454121.62942083,52696.79715526687,51475.43254780794
candi.none,common,boot6,C12M02,C12,M02,DNase-seq,109061592,561.442099832825,0.43407173447174985,0.39303083339779027,9696.151390842424,715.2998839185717,3713.598618009607,23092230.747862253,55742.34065768702,53209.40059111093
candi.tcfloor,common,boot6,C12M02,C12,M02,DNase-seq,109061592,434.37186973509074,0.5818930942168866,0.4563999427226034,8126.445526721009,605.9639494586352,3105.544308737049,119848783.454873,41695.54130355351,41443.97136123912
avg.none,common,boot6,C12M02,C12,M02,DNase-seq,109061592,449.7222621330396,0.5443383321919562,0.4738471371560389,8873.764039709202,658.8689126512722,3157.7908707579554,183894491.5251682,42686.71826106001,42849.32042031575
avocado.none,common,boot6,C12M02,C12,M02,DNase-seq,109061592,531.3030932183203,0.4208325940010263,0.3833313468064019,9813.965131696054,722.2529419760813,3511.084586140177,117167998.09486775,53113.234819044555,51848.753124839
candi.none,common,boot7,C12M02,C12,M02,DNase-seq,109047905,558.5216952159074,0.4352459161416206,0.3848932365712952,10058.13083076936,701.1981876504744,3779.6254411009613,23100326.675935928,55461.68516333374,53019.87810480972
candi.tcfloor,common,boot7,C12M02,C12,M02,DNase-seq,109047905,432.974389766522,0.5800429923704485,0.44826097084160055,8409.988539738993,595.747253005292,3186.990222355218,119916742.03660437,41552.952613780304,41353.309820114424
avg.none,common,boot7,C12M02,C12,M02,DNase-seq,109047905,448.38509683856483,0.5423279221260455,0.4644139031705373,9157.713580665571,648.1449144607564,3244.102342887659,184002241.79617462,42545.97165307726,42779.73188412671
avocado.none,common,boot7,C12M02,C12,M02,DNase-seq,109047905,524.1074277330264,0.4300702459631737,0.37800735817869896,10035.139096322711,704.2775730580606,3552.245188537296,117226977.62378597,52393.61895633241,51207.471501679596
candi.none,common,boot8,C12M02,C12,M02,DNase-seq,109595876,563.7934273415541,0.43332476154336247,0.3907838849605022,9900.961120619353,698.9244152509162,3650.142476949092,22914539.42465493,55978.393864907914,53470.729620004386
candi.tcfloor,common,boot8,C12M02,C12,M02,DNase-seq,109595876,436.5109268447638,0.5811402333586225,0.4532479837697688,8282.159120170543,593.8696067452136,3069.1039585353888,118776228.74927054,41914.78878055977,41603.40972728128
avg.none,common,boot8,C12M02,C12,M02,DNase-seq,109595876,451.68518341105283,0.5437408282282228,0.46963435083892485,9028.530823640054,645.746739973135,3124.24754363549,182233246.29320684,42890.47735727913,42993.033553913025
avocado.none,common,boot8,C12M02,C12,M02,DNase-seq,109595876,525.2328102305954,0.43917100028019307,0.3804493719038052,9828.957241443648,696.9626709359969,3426.4476097225756,116108251.85817222,52505.44019292863,51228.21615209729
candi.none,common,boot9,C12M02,C12,M02,DNase-seq,109214135,513.7150717092096,0.43368914300432954,0.38951513316397135,9459.788588975187,640.704029746229,3315.9080071256626,24405259.336914156,50998.25674186004,48879.82986231213
candi.tcfloor,common,boot9,C12M02,C12,M02,DNase-seq,109214135,396.2861181748141,0.5847257446590597,0.45072116981128135,7797.689442942005,552.7574979492169,2826.688815269349,127337777.85715051,38352.9293112626,37795.521651450515
avg.none,common,boot9,C12M02,C12,M02,DNase-seq,109214135,410.6476065485283,0.546947862411256,0.46556406849865845,8498.069212607294,606.2862887323736,2892.3861862243234,195447551.70598546,39412.82398634596,39097.391516779695
avocado.none,common,boot9,C12M02,C12,M02,DNase-seq,109214135,486.48463926122514,0.4183726265454841,0.37739696927227506,9627.653491832432,652.9575315472624,3127.4657846220957,124461039.613793,48633.1938324344,47504.83108358876
avg.none,full,all23,C19M16,C19,M16,H3K27ac,121240998,16.400792343752304,0.27540078653053734,0.2635723810753587,212.7655522967775,21.702863461479815,144.30692220523264,103831.04902172729,1046.63788396808,1401.5227437664623
avocado.none,full,all23,C19M16,C19,M16,H3K27ac,121240998,11.387625764648101,0.2617586510907548,0.2156203565438574,211.8263111048337,14.705076306903404,65.52100933061608,115601.28963759403,1104.8627757811041,961.6527588250706
avocado005.none,full,all23,C19M16,C19,M16,H3K27ac,121240998,65.96757211981354,0.07567580689517563,0.22611379642672413,430.8201683905669,90.69108984272624,378.2331355277964,115986.91600530999,2346.3934991699293,5457.947533861312
avg.none,full,boot0,C19M16,C19,M16,H3K27ac,109250012,14.960685232584064,0.2815437249719493,0.2482186162722285,165.9063705940533,19.741182598791493,108.91041281084907,33164.390487950026,906.1142015721812,1268.7480857612793
avocado.none,full,boot0,C19M16,C19,M16,H3K27ac,109250012,9.82718898459094,0.27168455427318755,0.19732707881552927,160.76847415297178,12.52427671271802,30.421750541835337,38777.69303872311,948.4489536669432,815.6142522283992
avocado005.none,full,boot0,C19M16,C19,M16,H3K27ac,109250012,64.48850230430011,0.0763626361027746,0.21370386622501486,390.9815732162796,88.28703328160934,307.60196813347426,40703.06040278702,2138.6272012014797,5351.942611873718
avg.none,full,boot1,C19M16,C19,M16,H3K27ac,109208595,16.573155400856624,0.26641398245001585,0.27053559145583145,223.3222613668511,21.95262541775524,151.16657875863154,116235.93772166813,1065.3462638003218,1419.8595337206489
avocado.none,full,boot1,C19M16,C19,M16,H3K27ac,109208595,11.524356002622186,0.25266322175276634,0.22023880845359675,221.56571799707186,14.702275950634263,72.83024707934982,128739.89922639365,1117.4082784971758,976.8730438359504
avocado005.none,full,boot1,C19M16,C19,M16,H3K27ac,109208595,67.12649398539,0.07402897660531597,0.23230572477858394,447.45047503635385,94.2690368588561,400.97066847610114,129018.62815858776,2362.845520081056,5474.448554959414
avg.none,full,boot2,C19M16,C19,M16,H3K27ac,109027451,16.9063771129574,0.27572141054580934,0.26469070733640987,225.00133213037861,22.39022861515766,144.18509209152384,110968.36831465947,1103.530647319576,1449.4841007899802
avocado.none,full,boot2,C19M16,C19,M16,H3K27ac,109027451,12.092457073195833,0.257473850549435,0.21486628579770822,226.94133672007717,15.687263367343817,69.113509366571,123489.08758760433,1175.5563430420207,1028.5679246382385
avocado005.none,full,boot2,C19M16,C19,M16,H3K27ac,109027451,67.43450741188295,0.07493011943949586,0.22683595937923798,454.3407232296693,93.33453844731791,398.65048400974143,123782.9486694498,2454.4305550963213,5502.86142933086
avg.none,full,boot3,C19M16,C19,M16,H3K27ac,109057867,17.57346023003697,0.2743652048836902,0.2673498217382917,222.39930729773766,22.844633382299133,149.279305661509,108608.16992245524,1127.3831651674197,1503.3934454666994
avocado.none,full,boot3,C19M16,C19,M16,H3K27ac,109057867,12.27313979488809,0.26309161648153495,0.21718621707719393,222.04099710527407,15.560317158546944,68.38799127947834,120855.06516709877,1193.6103880268765,1042.9218806841025
avocado005.none,full,boot3,C19M16,C19,M16,H3K27ac,109057867,66.41124392188384,0.0769233321021798,0.22715143812336716,446.52330109257485,90.70511895042108,396.1589621685489,121180.5201650728,2490.8352300627434,5459.085377807549
avg.none,full,boot4,C19M16,C19,M16,H3K27ac,108648525,16.356365596076717,0.2758120918905499,0.2734860259445126,214.40448913671136,21.86344027503581,146.7507053138962,112095.2507450249,1053.2346816321606,1405.5581327277716
avocado.none,full,boot4,C19M16,C19,M16,H3K27ac,108648525,11.475201578987294,0.27178670004234246,0.21861007272668578,214.73773698342464,15.113768124126159,68.77115332382799,124996.78734424654,1114.225366514764,973.2492696979562
avocado005.none,full,boot4,C19M16,C19,M16,H3K27ac,108648525,63.07666569378077,0.07596223500664746,0.23439744474273067,429.885414731966,86.91509902123643,328.921234940362,124946.73071787007,2264.6891239768793,5145.224621680269
avg.none,full,boot5,C19M16,C19,M16,H3K27ac,109056943,16.862811149171122,0.2696942190109594,0.27420599008910346,223.32297885099015,22.422507717257844,150.70170157845936,114060.4343112958,1088.6466592713261,1447.1954557379838
avocado.none,full,boot5,C19M16,C19,M16,H3K27ac,109056943,11.803795945353496,0.25915397934837925,0.22285693253690883,222.38003287216907,15.221347678875867,69.36528416942993,126735.18642457812,1145.7672612593908,1006.9884388060866
avocado005.none,full,boot5,C19M16,C19,M16,H3K27ac,109056943,65.26068814518298,0.0746528698201528,0.23511634786105373,415.50426935824714,90.23770749434351,396.35721135077824,126796.93238108109,2402.611276935033,5342.080946991094
avg.none,full,boot6,C19M16,C19,M16,H3K27ac,109061613,17.09371698644613,0.27480953223257426,0.27220727286233753,223.9239420244473,22.41394461556353,152.01013899365662,109543.14378478371,1096.905827814676,1464.43531401323
avocado.none,full,boot6,C19M16,C19,M16,H3K27ac,109061613,11.948156386023316,0.25966939632534713,0.22591677234024873,223.91077201465887,15.244147399512956,70.95918539194666,121880.90367405371,1159.9050976651552,1010.2956516825712
avocado005.none,full,boot6,C19M16,C19,M16,H3K27ac,109061613,67.30463055749951,0.07679376646300545,0.23331784295060023,456.08157105374903,92.9174640725444,382.36404025892614,122249.74100929295,2462.732021114741,5486.755725462847
avg.none,full,boot7,C19M16,C19,M16,H3K27ac,109047925,14.216652438011256,0.29983572621275223,0.2436747176708445,183.04457047595858,19.206033630315417,142.8927054082259,100486.3926912054,888.7632585165766,1192.4163475212151
avocado.none,full,boot7,C19M16,C19,M16,H3K27ac,109047925,9.808004063696151,0.28003641711210864,0.21081629397593554,182.4310254793298,13.124624518259543,68.03695370868967,111850.73897353136,946.4999902215962,802.941872533368
avocado005.none,full,boot7,C19M16,C19,M16,H3K27ac,109047925,65.1946694231973,0.08106157646772964,0.20909704239166868,414.5184485547418,89.60961645789958,389.9440256686642,112243.87586349192,2208.7993769287737,5427.241614490504
avg.none,full,boot8,C19M16,C19,M16,H3K27ac,109595897,16.945756734272024,0.2706867823244164,0.26928785560858337,220.0251216055756,22.414172839561058,144.7476104006738,112967.61954434229,1075.9977060204103,1457.529426823755
avocado.none,full,boot8,C19M16,C19,M16,H3K27ac,109595897,11.658777944544855,0.25024788885798765,0.22499261822480804,217.64225206521223,15.160500101847893,65.44885855881158,125356.62087294305,1131.3811008317334,989.8711621781212
avocado005.none,full,boot8,C19M16,C19,M16,H3K27ac,109595897,67.35759861920377,0.07295333906727515,0.23085883273983948,403.73189441026824,92.65369034644331,384.76108252685026,125646.67787906277,2326.71110805421,5506.953625689325
avg.none,full,boot9,C19M16,C19,M16,H3K27ac,109214154,16.518140147671115,0.2692357536853817,0.2514015136961343,225.41871134903346,21.780188880627,152.19546305020788,112743.55217435822,1059.2234414088684,1407.9086668773923
avocado.none,full,boot9,C19M16,C19,M16,H3K27ac,109214154,11.466654765166878,0.2591355502403765,0.20499578856942866,224.82824939472385,14.718798462873186,71.67825250604227,125231.24076271387,1115.2564840120804,965.1119753663179
avocado005.none,full,boot9,C19M16,C19,M16,H3K27ac,109214154,66.00425105760702,0.07404646634503095,0.2176836274741753,448.6765705436291,87.97779206305644,395.6784563972869,125357.34221656613,2350.6634484928827,5402.175746516168
candi.none,common,all23,C19M16,C19,M16,H3K27ac,121240975,13.14213563313102,0.26586006326763606,0.3109452284672305,219.8555975245177,16.989844414440103,80.08277822223387,114793.48328319153,1033.650280063083,1154.5959396274823
candi.tcfloor,common,all23,C19M16,C19,M16,H3K27ac,121240975,11.819627563034283,0.3240333165516292,0.3142604199244782,204.83034277961346,15.159863507067119,77.42520365586098,111038.46617963024,968.8744359799902,1062.1621211874124
avg.none,common,all23,C19M16,C19,M16,H3K27ac,121240975,16.40079545506202,0.27540078345548846,0.2635719612124236,212.7655522967775,21.702863461479815,144.30692220523264,103831.04902172729,1046.63788396808,1401.5227437664623
avocado.none,common,all23,C19M16,C19,M16,H3K27ac,121240975,11.387627924491861,0.26175864661593895,0.21561991391897592,211.8263111048337,14.705076306903404,65.52100933061608,115601.28963759403,1104.8627757811041,961.6527588250706
candi.none,common,boot0,C19M16,C19,M16,H3K27ac,109249991,11.67249475037002,0.27820930771327934,0.2989495996069721,170.70170007995517,14.948944087642111,45.48866633565728,37436.55326547952,883.7569034072806,1047.213521245658
candi.tcfloor,common,boot0,C19M16,C19,M16,H3K27ac,109249991,10.362050612860074,0.33639810902664147,0.30089486520811004,156.44233679573037,13.151037474893748,42.897558096694226,35793.89867653592,822.6461410131944,931.5728458193609
avg.none,common,boot0,C19M16,C19,M16,H3K27ac,109249991,14.960688108322422,0.2815437216430874,0.24821818208659308,165.9063705940533,19.741182598791493,108.91041281084907,33164.390487950026,906.1150236855918,1268.7491934988404
avocado.none,common,boot0,C19M16,C19,M16,H3K27ac,109249991,9.827190873125737,0.2716845493427736,0.19732662022821648,160.76847415297178,12.52427671271802,30.421750541835337,38777.69303872311,948.4498147033302,815.6149973837017
candi.none,common,boot1,C19M16,C19,M16,H3K27ac,109208574,13.262900918955504,0.2624618081018081,0.31696429735697446,229.34304592387335,17.034826921012773,87.10869184160993,128025.65742710113,1047.0287363673162,1166.7447746240825
candi.tcfloor,common,boot1,C19M16,C19,M16,H3K27ac,109208574,11.97400037289418,0.3174881309084545,0.32053339302833195,214.73096121716796,15.245269870234338,84.09715021051838,124018.50832282967,985.1166873794706,1077.4813710533751
avg.none,common,boot1,C19M16,C19,M16,H3K27ac,109208574,16.57315858775167,0.26641397934988215,0.27053516983165143,223.3222613668511,21.95262541775524,151.16657875863154,116235.93772166813,1065.3462638003218,1419.8595337206489
avocado.none,common,boot1,C19M16,C19,M16,H3K27ac,109208574,11.524358218192477,0.25266321715870066,0.2202383629842802,221.56571799707186,14.702275950634263,72.83024707934982,128739.89922639365,1117.4082784971758,976.8730438359504
candi.none,common,boot2,C19M16,C19,M16,H3K27ac,109027430,13.761134756873393,0.26300156870891933,0.31289078842027274,233.56945888654087,17.81295988480141,83.55472675486793,122663.8956168977,1098.5110679386758,1210.083211499991
candi.tcfloor,common,boot2,C19M16,C19,M16,H3K27ac,109027430,12.42769332320795,0.32175084152922706,0.3159805666300745,218.20125371598408,15.971340910055048,80.5119109026919,118672.3973069379,1031.6285591216194,1120.762049542906
avg.none,common,boot2,C19M16,C19,M16,H3K27ac,109027430,16.906380369329852,0.27572140753164914,0.264690281653559,225.00133213037861,22.39022861515766,144.18509209152384,110968.36831465947,1103.530647319576,1449.4841007899802
avocado.none,common,boot2,C19M16,C19,M16,H3K27ac,109027430,12.092459402026643,0.25747384612932955,0.21486583259529446,226.94133672007717,15.687263367343817,69.113509366571,123489.08758760433,1175.5563430420207,1028.5679246382385
candi.none,common,boot3,C19M16,C19,M16,H3K27ac,109057846,13.98500011204142,0.2642521010004693,0.3137450238742867,229.4152327463458,17.783118454924058,83.12645784690817,120059.14150357836,1116.6384208359812,1227.312880491671
candi.tcfloor,common,boot3,C19M16,C19,M16,H3K27ac,109057846,12.667696274761457,0.3225262292965139,0.31753527993743647,214.26843060435115,15.957178597748902,80.51024285800955,116141.77524975169,1048.3898197928193,1139.464225461537
avg.none,common,boot3,C19M16,C19,M16,H3K27ac,109057846,17.573463613953656,0.27436520186191893,0.26734939770621313,222.39930729773766,22.844633382299133,149.279305661509,108608.16992245524,1127.3831651674197,1503.3934454666994
avocado.none,common,boot3,C19M16,C19,M16,H3K27ac,109057846,12.27314215769323,0.26309161222953464,0.21718576898918843,222.04099710527407,15.560317158546944,68.38799127947834,120855.06516709877,1193.6103880268765,1042.9218806841025
candi.none,common,boot4,C19M16,C19,M16,H3K27ac,108648504,13.23037085296978,0.26345042612029906,0.3192751895180714,222.88981667719978,17.370260674032824,83.00122799659614,123786.07944122398,1045.1572051702328,1162.51150077462
candi.tcfloor,common,boot4,C19M16,C19,M16,H3K27ac,108648504,11.896011047400062,0.322448832978539,0.3232413076591996,207.5793033030824,15.513006184931367,80.34306153820084,119801.62891954886,979.3776225838193,1070.6352368993403
avg.none,common,boot4,C19M16,C19,M16,H3K27ac,108648504,16.356368757497858,0.27581208879406544,0.27348560382094594,214.40448913671136,21.86344027503581,146.7507053138962,112095.2507450249,1053.2346816321606,1405.5581327277716
avocado.none,common,boot4,C19M16,C19,M16,H3K27ac,108648504,11.475203796503953,0.271786695841713,0.2186096239425848,214.73773698342464,15.113768124126159,68.77115332382799,124996.78734424654,1114.225366514764,973.2492696979562
candi.none,common,boot5,C19M16,C19,M16,H3K27ac,109056922,13.534622229177087,0.26086425783668266,0.31971712626586213,230.1386374555316,17.506920568799465,83.79287511694558,125950.68393625521,1075.2409560197448,1191.1927457023378
candi.tcfloor,common,boot5,C19M16,C19,M16,H3K27ac,109056922,12.228372314174136,0.31843389512268194,0.32392183597039004,215.48545120919886,15.697800503222686,81.32534255294804,121895.89810502746,1010.9281318234791,1102.693501248151
avg.none,common,boot5,C19M16,C19,M16,H3K27ac,109056922,16.862814396273897,0.2696942159550417,0.2742055699652497,223.32297885099015,22.422507717257844,150.70170157845936,114060.4343112958,1088.6466592713261,1447.1954557379838
avocado.none,common,boot5,C19M16,C19,M16,H3K27ac,109056922,11.803798217815999,0.25915397495898934,0.22285648781127035,222.38003287216907,15.221347678875867,69.36528416942993,126735.18642457812,1145.7672612593908,1006.9884388060866
candi.none,common,boot6,C19M16,C19,M16,H3K27ac,109061592,13.678510866088311,0.26507515316963787,0.3176665409583398,231.1976326027721,17.502984083016493,85.26284170064703,121149.2297537798,1084.7012511344685,1199.3915980961021
candi.tcfloor,common,boot6,C19M16,C19,M16,H3K27ac,109061592,12.353839836734217,0.3230185436546175,0.32156562344196776,215.9569447713543,15.6531032765557,82.95819167576076,117182.12353986662,1018.5058955196562,1110.6386003745718
avg.none,common,boot6,C19M16,C19,M16,H3K27ac,109061592,17.093720277871185,0.27480952919220275,0.27220685163084535,223.9239420244473,22.41394461556353,152.01013899365662,109543.14378478371,1096.9068258431207,1464.436549950719
avocado.none,common,boot6,C19M16,C19,M16,H3K27ac,109061592,11.948158686170823,0.259669391953755,0.22591632978089224,223.91077201465887,15.244147399512956,70.95918539194666,121880.90367405371,1159.90615315785,1010.2965777978806
candi.none,common,boot7,C19M16,C19,M16,H3K27ac,109047905,11.599331406405634,0.2792165840057507,0.294134863461825,191.4716072255141,15.435805901576575,82.50251760939933,111684.62371536561,883.0886988094672,1001.0594649592315
candi.tcfloor,common,boot7,C19M16,C19,M16,H3K27ac,109047905,10.233219210803025,0.3436476467981521,0.2964258408599522,176.12513400027612,13.556180242765269,79.93187446140797,107877.60032276271,818.2412099778948,907.868073737291
avg.none,common,boot7,C19M16,C19,M16,H3K27ac,109047905,14.21665504542539,0.2998357230248614,0.24367430093019896,183.04457047595858,19.206033630315417,142.8927054082259,100486.3926912054,888.7632585165766,1192.4163475212151
avocado.none,common,boot7,C19M16,C19,M16,H3K27ac,109047905,9.808005862088384,0.28003641248089456,0.21081586396645255,182.4310254793298,13.124624518259543,68.03695370868967,111850.73897353136,946.4999902215962,802.941872533368
candi.none,common,boot8,C19M16,C19,M16,H3K27ac,109595876,13.436044713033645,0.2610180411078158,0.3153243134763195,226.14289222637277,17.427017027901254,80.21483387484042,124629.06278357322,1059.931700640906,1177.4721663586747
candi.tcfloor,common,boot8,C19M16,C19,M16,H3K27ac,109595876,12.126531949315844,0.31846036559523494,0.3191502114633384,211.1742633872576,15.616656868269288,77.68366425595698,120653.91293707237,994.8272150228607,1090.5035357489357
avg.none,common,boot8,C19M16,C19,M16,H3K27ac,109595876,16.945759981300146,0.27068677922507195,0.2692874347785226,220.0251216055756,22.414172839561058,144.7476104006738,112967.61954434229,1075.9977060204103,1457.529426823755
avocado.none,common,boot8,C19M16,C19,M16,H3K27ac,109595876,11.658780178052847,0.25024788421269895,0.22499217587002637,217.64225206521223,15.160500101847893,65.44885855881158,125356.62087294305,1131.3811008317334,989.8711621781212
candi.none,common,boot9,C19M16,C19,M16,H3K27ac,109214135,13.262094322713198,0.2647335463931397,0.3001191220519627,232.7402207069842,17.08209255816711,86.56636430088726,124389.60194798953,1041.501977599495,1159.6728129294168
candi.tcfloor,common,boot9,C19M16,C19,M16,H3K27ac,109214135,11.927843002663526,0.320512835087999,0.3026594736844939,217.40996631756045,15.243153806720976,83.77912480244079,120415.91744338718,978.142570555343,1069.849201772828
avg.none,common,boot9,C19M16,C19,M16,H3K27ac,109214135,16.518143021334517,0.2692357508472749,0.2514011224033365,225.41871134903346,21.780188880627,152.19546305020788,112743.55217435822,1059.2234414088684,1407.9086668773923
avocado.none,common,boot9,C19M16,C19,M16,H3K27ac,109214135,11.466656759656805,0.2591355460709126,0.20499537769314752,224.82824939472385,14.718798462873186,71.67825250604227,125231.24076271387,1115.2564840120804,965.1119753663179
avg.none,full,all23,C19M17,C19,M17,H3K27me3,121240998,0.6754970001953104,0.20868478943062727,0.28521110114803194,1.9229285825949312,0.7616631403505295,2.0724555412677255,22.056213845102718,17.987783265181598,23.86069802793926
avocado.none,full,all23,C19M17,C19,M17,H3K27me3,121240998,0.5486391960623616,0.131302730753477,0.23674147919666308,1.1769438921047828,0.59221921678824,1.1966517733344066,12.986261625812501,22.13422106411338,10.824669114853668
avocado005.none,full,all23,C19M17,C19,M17,H3K27me3,121240998,0.8965284922530486,0.11065302052377846,0.19385201778314995,2.687358830120305,1.05336181120851,2.688395641352618,22.094427695186038,22.172874697143634,40.57115179685532
avg.none,full,boot0,C19M17,C19,M17,H3K27me3,109250012,0.6717565473710523,0.20241091183276705,0.26871902793224783,1.9448513010580133,0.7586452162771686,2.078624131528155,22.6503681132704,17.99623001980049,23.735772189164848
avocado.none,full,boot0,C19M17,C19,M17,H3K27me3,109250012,0.5367082599270318,0.12406726913409521,0.22043636266792932,1.1448838748574073,0.576834760393307,1.1592145940270508,12.43718758338416,21.985162510830822,9.623494052353287
avocado005.none,full,boot0,C19M17,C19,M17,H3K27me3,109250012,0.9014661859295944,0.10603391760078887,0.1837305648389141,2.714002366155886,1.0695886292194228,2.7777528471053983,22.73798629816868,21.946474884599187,41.12297922813836
avg.none,full,boot1,C19M17,C19,M17,H3K27me3,109208595,0.668203141363311,0.20973135130691314,0.2925753973865919,1.905842278552272,0.7570344348072197,2.076224086853518,22.075100208783052,18.052593649053648,23.144849069573937
avocado.none,full,boot1,C19M17,C19,M17,H3K27me3,109208595,0.5417554705391938,0.12941238196756957,0.2455213728943163,1.1356508475100195,0.5830958961664395,1.1679414394244978,13.10950518351538,22.274431967692113,9.816906293711275
avocado005.none,full,boot1,C19M17,C19,M17,H3K27me3,109208595,0.9003686485957827,0.10993553821060366,0.19785698922005282,2.7062530578238118,1.0653531223947992,2.721278156522945,22.818926929590063,22.349212276660758,40.70102892354999
avg.none,full,boot2,C19M17,C19,M17,H3K27me3,109027451,0.6866990537233303,0.21256589128883707,0.2863819912332668,1.9707744683767483,0.7738855915895844,2.124199864095828,22.538952298577968,18.028169989550715,24.767047989387084
avocado.none,full,boot2,C19M17,C19,M17,H3K27me3,109027451,0.5544863714228374,0.1343206303512452,0.23653108061696954,1.2173764863421803,0.5996144115341129,1.2246150327085537,13.420645308673807,22.379160881007518,11.451521466883715
avocado005.none,full,boot2,C19M17,C19,M17,H3K27me3,109027451,0.9139520665386562,0.11243180343587286,0.19522737069060786,2.748343895505363,1.084209284896529,2.8252908066736597,22.856991087594995,22.406149843022924,41.79765410334323
avg.none,full,boot3,C19M17,C19,M17,H3K27me3,109057867,0.689582534824839,0.2125768946289537,0.28934829329596723,1.9383187330760894,0.7741635926094096,2.04904985336229,22.426142179229984,18.206502330326316,24.447649515545553
avocado.none,full,boot3,C19M17,C19,M17,H3K27me3,109057867,0.5424417730398727,0.14129748951453805,0.2360591952371444,1.1504491830536379,0.5815508950481726,1.1419698843841177,12.779148778411926,22.56957398172189,9.575424923547153
avocado005.none,full,boot3,C19M17,C19,M17,H3K27me3,109057867,0.8936667542356815,0.11472909467809653,0.19717589462071017,2.7417627287754827,1.036133429629633,2.6332119291905944,22.4392093556103,22.598232906765872,39.55359361959475
avg.none,full,boot4,C19M17,C19,M17,H3K27me3,108648525,0.6704973702187964,0.21370220721494568,0.2943704158120667,1.8816065980812238,0.7544463954654093,2.0899059088494925,21.86034822544886,17.976154567965875,23.659238417904646
avocado.none,full,boot4,C19M17,C19,M17,H3K27me3,108648525,0.5534033696367283,0.13360685144806794,0.2425507733394372,1.2165850134548215,0.601077239882454,1.2282921717009974,13.817907342244801,22.18495289510973,11.595863845097952
avocado005.none,full,boot4,C19M17,C19,M17,H3K27me3,108648525,0.8900746580259381,0.11249689755853494,0.1992509052250651,2.5916171677102304,1.0473673494329496,2.5734936372408663,21.817267991958154,22.200318011835105,40.03101506497607
avg.none,full,boot5,C19M17,C19,M17,H3K27me3,109056943,0.665912248604029,0.21475214825181002,0.2958423510070789,1.89731101514158,0.7617600561009137,2.054535704875503,21.520330897861342,17.931852535751922,23.442889365179735
avocado.none,full,boot5,C19M17,C19,M17,H3K27me3,109056943,0.5509920999083786,0.13493612477212844,0.24625772246914854,1.1981511135967573,0.6007466734327053,1.2284779397106873,13.409201140520066,22.082242151726113,11.535373867514302
avocado005.none,full,boot5,C19M17,C19,M17,H3K27me3,109056943,0.8918675880653218,0.11220076453031831,0.19983632341729043,2.6553302662714144,1.060735072193366,2.7453397740582757,22.141946926621483,22.282596970441194,40.64099986230436
avg.none,full,boot6,C19M17,C19,M17,H3K27me3,109061613,0.6730397446984634,0.21192943286647745,0.29393052827729893,1.8710871193830922,0.7603985910193701,2.0777186185887486,22.07182039029251,18.073145252835502,23.71079912785649
avocado.none,full,boot6,C19M17,C19,M17,H3K27me3,109061613,0.5504628467905887,0.1318840128086887,0.2439468936344116,1.157179516584395,0.5980701245978933,1.218632600742681,13.28208464362738,22.393011158016368,11.021356578172862
avocado005.none,full,boot6,C19M17,C19,M17,H3K27me3,109061613,0.8610430070726559,0.11594189689564409,0.1990367481141913,2.529723598787605,0.9986254322321448,2.7414753102025426,21.887277638427623,22.360685613163117,37.00709515903546
avg.none,full,boot7,C19M17,C19,M17,H3K27me3,109047925,0.6684489170522845,0.1983897079831765,0.26430426612361924,1.9213528029060443,0.7487572064519821,2.0468032459849117,20.723069532103366,17.384409526859237,23.566064685140855
avocado.none,full,boot7,C19M17,C19,M17,H3K27me3,109047925,0.544376422517634,0.12705485807534686,0.2182821835058336,1.158412400445242,0.5829391613094349,1.1879308099071189,11.3476846548301,21.113846085492266,11.098645342691094
avocado005.none,full,boot7,C19M17,C19,M17,H3K27me3,109047925,0.8901239233783191,0.10652662209868051,0.18144577400876502,2.7043466428695067,1.0397399725331404,2.7218770533980807,19.68064409144839,21.280596941837143,40.519687538510865
avg.none,full,boot8,C19M17,C19,M17,H3K27me3,109595897,0.6861515449497185,0.20781451097865955,0.2900021080950027,1.974810573696478,0.769549496002139,2.0938404655755596,23.021994233298965,17.98496262887205,24.875173576100497
avocado.none,full,boot8,C19M17,C19,M17,H3K27me3,109595897,0.5517349090328848,0.13207996613574696,0.24158612135408072,1.1929562837024883,0.5937227837152582,1.1947332219262043,13.347857136446576,22.10375589464602,11.40825398065473
avocado005.none,full,boot8,C19M17,C19,M17,H3K27me3,109595897,0.9175922248531295,0.10985994220959082,0.19701826961788968,2.7771680662284175,1.0686704110105585,2.7098199614252927,22.974403151510153,22.18822383083295,42.311201083244235
avg.none,full,boot9,C19M17,C19,M17,H3K27me3,109214154,0.6746279710556573,0.20272309066747987,0.2758205152234122,1.9228981015333102,0.7576476224434717,2.032342803553152,21.594652034914816,18.222474735100217,23.241334798664568
avocado.none,full,boot9,C19M17,C19,M17,H3K27me3,109214154,0.5600484312333295,0.1257092852966055,0.23598934528485838,1.1975168533441258,0.6049454807651811,1.2165108905132356,12.877755971125925,22.22679473747128,11.133950798562328
avocado005.none,full,boot9,C19M17,C19,M17,H3K27me3,109214154,0.9049810600550952,0.10664991038452769,0.18743203424366398,2.7054591230808693,1.0632337955229232,2.433276376976904,21.483509689689853,22.101878013548664,40.658525008118595
candi.none,common,all23,C19M17,C19,M17,H3K27me3,121240975,0.47291751520725256,0.18929145771370662,0.279930717055234,0.8906212183047215,0.4989859719013206,0.9502967081616318,10.978006773568692,22.904002549786682,4.130589164569039
candi.tcfloor,common,all23,C19M17,C19,M17,H3K27me3,121240975,0.47633135239329977,0.2375547959257799,0.3096167945698505,0.9335888280698472,0.5087691869249897,0.9844778138918502,9.802597410181281,19.23053423119757,7.487687591795393
avg.none,common,all23,C19M17,C19,M17,H3K27me3,121240975,0.6754971283403621,0.20868474062021758,0.2852106938091716,1.9229285825949312,0.7616631403505295,2.0724555412677255,22.056213845102718,17.987783265181598,23.86069802793926
avocado.none,common,all23,C19M17,C19,M17,H3K27me3,121240975,0.548639299819938,0.13130266521074624,0.23674104618851846,1.1769438921047828,0.59221921678824,1.1966517733344066,12.986261625812501,22.13422106411338,10.824669114853668
candi.none,common,boot0,C19M17,C19,M17,H3K27me3,109249991,0.4703730095082192,0.18303251731329845,0.26493592049590986,0.890054809185026,0.49668395723009207,0.9489373530826656,10.97265154384698,22.683308764006664,4.066771903822602
candi.tcfloor,common,boot0,C19M17,C19,M17,H3K27me3,109249991,0.4747252074715852,0.23055644841972114,0.2934167594558304,0.9390344933626178,0.5072891753051745,0.9859072269538398,9.898966502409467,19.137207382866965,7.4118649554639955
avg.none,common,boot0,C19M17,C19,M17,H3K27me3,109249991,0.6717566764958911,0.2024108615378375,0.26871860577141365,1.9448513010580133,0.7586452162771686,2.078624131528155,22.6503681132704,17.99623001980049,23.735789302008257
avocado.none,common,boot0,C19M17,C19,M17,H3K27me3,109249991,0.5367083627449597,0.12406719667805467,0.22043591459899353,1.1448838748574073,0.576834760393307,1.1592145940270508,12.43718758338416,21.985162510830822,9.623502407362258
candi.none,common,boot1,C19M17,C19,M17,H3K27me3,109208574,0.4730535672230069,0.19369667535972435,0.2888946057926236,0.9061309648600085,0.5031397662356202,0.9664349537390112,11.351859906542215,22.945398000834437,4.107550009971673
candi.tcfloor,common,boot1,C19M17,C19,M17,H3K27me3,109208574,0.4754394679836945,0.23999191148909116,0.3177948234930033,0.9430417353725589,0.5118968834927924,0.9953621772122392,10.005024209455625,19.318521074982552,7.352607563178226
avg.none,common,boot1,C19M17,C19,M17,H3K27me3,109208574,0.6682032698538265,0.20973130172458812,0.29257498869142934,1.905842278552272,0.7570344348072197,2.076224086853518,22.075100208783052,18.052593649053648,23.144849069573937
avocado.none,common,boot1,C19M17,C19,M17,H3K27me3,109208574,0.5417555744095093,0.12941231154910382,0.2455209389343959,1.1356508475100195,0.5830958961664395,1.1679414394244978,13.10950518351538,22.274431967692113,9.816906293711275
candi.none,common,boot2,C19M17,C19,M17,H3K27me3,109027430,0.4755672156952005,0.19026653135431074,0.2805862650838055,0.9091427587895812,0.5013369711420416,0.9634975985015725,11.236898360327615,23.172885635271026,4.315703551072763
candi.tcfloor,common,boot2,C19M17,C19,M17,H3K27me3,109027430,0.4790388993341474,0.24073584072742865,0.3103375892538119,0.9512974980329966,0.5111143988600669,0.9972037892425061,10.004179149747998,19.322483454410158,7.75594161772481
avg.none,common,boot2,C19M17,C19,M17,H3K27me3,109027430,0.6866991859898629,0.21256584256732186,0.28638157830569305,1.9707744683767483,0.7738855915895844,2.124199864095828,22.538952298577968,18.028169989550715,24.767047989387084
avocado.none,common,boot2,C19M17,C19,M17,H3K27me3,109027430,0.5544864779329657,0.1343205653396799,0.23653064034127705,1.2173764863421803,0.5996144115341129,1.2246150327085537,13.420645308673807,22.379160881007518,11.451521466883715
candi.none,common,boot3,C19M17,C19,M17,H3K27me3,109057846,0.48179633831867985,0.18940241237799063,0.2814709290812174,0.8986196274187898,0.504569994394763,0.9544518762808577,11.536153820956294,23.433590654045116,4.282349934462122
candi.tcfloor,common,boot3,C19M17,C19,M17,H3K27me3,109057846,0.4845546325936943,0.24052226035116436,0.3124147649326274,0.9402841052267608,0.514314019600055,0.9840692281183014,10.154191449317477,19.567444182045318,7.715138179746723
avg.none,common,boot3,C19M17,C19,M17,H3K27me3,109057846,0.6895826676097212,0.2125768454464823,0.2893478821960202,1.9383187330760894,0.7741635926094096,2.04904985336229,22.426142179229984,18.206502330326316,24.447649515545553
avocado.none,common,boot3,C19M17,C19,M17,H3K27me3,109057846,0.5424418771348848,0.1412974190889301,0.23605875538937868,1.1504491830536379,0.5815508950481726,1.1419698843841177,12.779148778411926,22.56957398172189,9.575424923547153
candi.none,common,boot4,C19M17,C19,M17,H3K27me3,108648504,0.471438837358202,0.19305611291905378,0.2893580006801417,0.9044465070269628,0.4989957376373581,0.9579187464637944,11.476381574646023,23.0328280975046,4.245218930358941
candi.tcfloor,common,boot4,C19M17,C19,M17,H3K27me3,108648504,0.4737141873374494,0.2430183205106481,0.3189782668128101,0.9329180202585524,0.5065478695325637,0.9908912656334418,10.076125565748761,19.27467258634387,7.548712092242106
avg.none,common,boot4,C19M17,C19,M17,H3K27me3,108648504,0.6704974998151024,0.21370215817519553,0.2943700060176547,1.8816065980812238,0.7544463954654093,2.0899059088494925,21.86034822544886,17.976154567965875,23.659238417904646
avocado.none,common,boot4,C19M17,C19,M17,H3K27me3,108648504,0.5534034762457724,0.13360678787882355,0.24255033541036758,1.2165850134548215,0.601077239882454,1.2282921717009974,13.817907342244801,22.18495289510973,11.595863845097952
candi.none,common,boot5,C19M17,C19,M17,H3K27me3,109056922,0.47041075348047984,0.1936895878330676,0.2906746604876149,0.8914424248446241,0.5001911387195895,0.9650976812328872,11.278552503678288,22.949280784497883,4.1922018234154175
candi.tcfloor,common,boot5,C19M17,C19,M17,H3K27me3,109056922,0.47205633102988487,0.24422759735308905,0.3205161135719565,0.9273650205968884,0.5089664294104504,0.9870702538491295,9.854707211921458,19.206615912295803,7.491395515345807
avg.none,common,boot5,C19M17,C19,M17,H3K27me3,109056922,0.665912376832086,0.21475209951921084,0.29584194359781685,1.89731101514158,0.7617600561009137,2.054535704875503,21.520330897861342,17.931852535751922,23.442889365179735
avocado.none,common,boot5,C19M17,C19,M17,H3K27me3,109056922,0.5509922056718161,0.13493606169898484,0.24625728859458873,1.1981511135967573,0.6007466734327053,1.2284779397106873,13.409201140520066,22.082242151726113,11.535373867514302
candi.none,common,boot6,C19M17,C19,M17,H3K27me3,109061592,0.4739774648133894,0.19309570739270673,0.2888143287301205,0.8987714930977736,0.5054352703355798,0.9584856945097068,11.325632911257824,23.114304043350142,4.210881934830047
candi.tcfloor,common,boot6,C19M17,C19,M17,H3K27me3,109061592,0.47644092317753584,0.24148568876660642,0.3186745227581898,0.9301357702286641,0.512854827845807,0.995851737489366,10.041526898214673,19.395301786727906,7.561053286343217
avg.none,common,boot6,C19M17,C19,M17,H3K27me3,109061592,0.6730398742934416,0.21192938382294185,0.29393011980804024,1.8710871193830922,0.7603985910193701,2.0777186185887486,22.07182039029251,18.07315670530596,23.710817971389325
avocado.none,common,boot6,C19M17,C19,M17,H3K27me3,109061592,0.5504629524498973,0.13188394751899915,0.24394645832582557,1.157179516584395,0.5980701245978933,1.218632600742681,13.28208464362738,22.393025069710255,11.021376268575837
candi.none,common,boot7,C19M17,C19,M17,H3K27me3,109047905,0.46275079009573694,0.18007157745668578,0.25904349123165593,0.8400775247010528,0.4823448521949946,0.9139526020184776,8.624389858065571,21.835038151487982,3.7932300597287343
candi.tcfloor,common,boot7,C19M17,C19,M17,H3K27me3,109047905,0.46909649902005807,0.22599216033730327,0.2883360074784983,0.9034421262552951,0.4954014763118525,0.9595261756889598,8.310317417973653,18.442400544668953,7.144558230539538
avg.none,common,boot7,C19M17,C19,M17,H3K27me3,109047905,0.6684490396495809,0.19838965894452174,0.26430386092248237,1.9213528029060443,0.7487572064519821,2.0468032459849117,20.723069532103366,17.384409526859237,23.566064685140855
avocado.none,common,boot7,C19M17,C19,M17,H3K27me3,109047905,0.5443765220046601,0.12705479451218218,0.21828175480887183,1.158412400445242,0.5829391613094349,1.1879308099071189,11.3476846548301,21.113846085492266,11.098645342691094
candi.none,common,boot8,C19M17,C19,M17,H3K27me3,109595876,0.4713210031706418,0.19007272485143806,0.28443246173580966,0.8750214705699164,0.4941787513128826,0.929229437896688,11.123453500167821,22.921389170345687,4.048985645888186
candi.tcfloor,common,boot8,C19M17,C19,M17,H3K27me3,109595876,0.47660712642951825,0.23697956132952033,0.3145501200317015,0.9318546214353384,0.5068889242829615,0.9776570998813722,10.003283776550088,19.211770594636295,7.593473634118043
avg.none,common,boot8,C19M17,C19,M17,H3K27me3,109595876,0.6861516764253084,0.20781446251629448,0.29000169938260084,1.974810573696478,0.769549496002139,2.0938404655755596,23.021994233298965,17.98496262887205,24.875173576100497
avocado.none,common,boot8,C19M17,C19,M17,H3K27me3,109595876,0.5517350144041651,0.13207990143739623,0.24158568672515676,1.1929562837024883,0.5937227837152582,1.1947332219262043,13.347857136446576,22.10375589464602,11.40825398065473
candi.none,common,boot9,C19M17,C19,M17,H3K27me3,109214135,0.47848457016960294,0.1857880796057924,0.27033978770172895,0.8923321348062296,0.5031986527577099,0.9456457727307643,10.792637204008082,22.922675356069437,4.044505162362134
candi.tcfloor,common,boot9,C19M17,C19,M17,H3K27me3,109214135,0.48162559671453326,0.23155707414047544,0.30039130628730604,0.9365749293257419,0.5125035370072014,0.9712603347957036,9.63337586390205,19.402155644082406,7.2813086522076285
avg.none,common,boot9,C19M17,C19,M17,H3K27me3,109214135,0.67462808842079,0.20272304470581293,0.27582013685697343,1.9228981015333102,0.7576476224434717,2.032342803553152,21.594652034914816,18.222474735100217,23.241334798664568
avocado.none,common,boot9,C19M17,C19,M17,H3K27me3,109214135,0.5600485284728446,0.12570922664481912,0.23598894806259207,1.1975168533441258,0.6049454807651811,1.2165108905132356,12.877755971125925,22.22679473747128,11.133950798562328
avg.none,full,all23,C19M18,C19,M18,H3K36me3,121240998,0.6389956962772279,0.5383875847084304,0.37705757610355833,1.5845620786582566,1.0566820297175417,0.5307904624859503,45.48474212283931,27.182116146055193,16.447826758913873
avocado.none,full,all23,C19M18,C19,M18,H3K36me3,121240998,0.6821398100597218,0.47480534455697626,0.3164104585467284,1.828164109802339,1.1319328348965514,0.5267389357932214,50.433834289861416,38.48016317075523,15.050213049109676
avocado005.none,full,all23,C19M18,C19,M18,H3K36me3,121240998,0.950157079130981,0.21557278355684364,0.1716880649834137,2.4068054245249666,1.5510079734182753,0.8259939558030341,57.953482405570234,45.420034150540054,16.93441292909954
avg.none,full,boot0,C19M18,C19,M18,H3K36me3,109250012,0.6286278945559859,0.5325117136975471,0.36184190951426376,1.588752156306113,1.0354303673618943,0.5341525573736184,47.87428958201114,26.779956194018038,16.106427708324517
avocado.none,full,boot0,C19M18,C19,M18,H3K36me3,109250012,0.6717320995549922,0.466791650054999,0.30693603105367434,1.8334725980798028,1.110616350941406,0.5292180732147567,52.792411235294,37.80854410738199,14.726876414904766
avocado005.none,full,boot0,C19M18,C19,M18,H3K36me3,109250012,0.9325911104778786,0.2113025541707838,0.1659297870584987,2.4209965187935505,1.5165905682719618,0.8214859634081534,60.439280630010394,44.31974069879385,16.712564510831488
avg.none,full,boot1,C19M18,C19,M18,H3K36me3,109208595,0.624858959955956,0.5370836556077451,0.38054221167491303,1.5748308633450965,1.0420146710348912,0.5281310515002022,49.70795353679347,27.160926397725223,15.98499642227784
avocado.none,full,boot1,C19M18,C19,M18,H3K36me3,109208595,0.6730087568237055,0.46972561759490145,0.31658435353769715,1.8085325473743716,1.1285875413082207,0.52842940338157,54.948435234131026,38.09423825570714,14.726752272239466
avocado005.none,full,boot1,C19M18,C19,M18,H3K36me3,109208595,0.9268274214170779,0.21577459500172053,0.1725352031305416,2.356219819821209,1.526519078742062,0.8217178980891514,62.699481456522975,44.7360913437718,16.055929413831546
avg.none,full,boot2,C19M18,C19,M18,H3K36me3,109027451,0.6398510392706506,0.5416288280883835,0.3783304348275557,1.5666335128762812,1.0550225731645861,0.5296813693095812,21.9907325461429,26.949313943731177,16.662947765307653
avocado.none,full,boot2,C19M18,C19,M18,H3K36me3,109027451,0.6867342032720358,0.4782821086252803,0.31277418337728946,1.8299467610527558,1.1378849162529074,0.5253519087401961,27.412725046752374,39.06549497106829,15.492527692826807
avocado005.none,full,boot2,C19M18,C19,M18,H3K36me3,109027451,0.954831489726813,0.21713042893892665,0.17210351612099367,2.3871471158946034,1.5582046242509064,0.8244011754426797,34.90340164917523,45.50353983574821,17.245515607628203
avg.none,full,boot3,C19M18,C19,M18,H3K36me3,109057867,0.6624804690790669,0.5432604908675545,0.38349564578552703,1.6364119733677753,1.0874930518325538,0.5402975278631909,47.84464635127662,28.241510925874273,17.022196954055246
avocado.none,full,boot3,C19M18,C19,M18,H3K36me3,109057867,0.7078999376566201,0.47908689913576963,0.32325343529789835,1.889177361223333,1.1656633258296853,0.5355264752177588,53.018680655453046,40.08177621190272,15.502796941626078
avocado005.none,full,boot3,C19M18,C19,M18,H3K36me3,109057867,0.9864350080081382,0.2180156593646757,0.17390693441843302,2.48141846615658,1.5976807093360577,0.8420926193068697,60.87452464736585,47.54253436987049,17.49560898496207
avg.none,full,boot4,C19M18,C19,M18,H3K36me3,108648525,0.6385266020805447,0.5382139466192108,0.3851980712611155,1.6550128834288307,1.0640128900216823,0.5292188777489275,51.5687994449928,27.250531382311678,16.53432337653217
avocado.none,full,boot4,C19M18,C19,M18,H3K36me3,108648525,0.681945581284303,0.4741058615546247,0.32130733730578215,1.9130736883532296,1.1399201031274404,0.5250172168389803,56.62312881477351,38.646733118154025,15.113508190094715
avocado005.none,full,boot4,C19M18,C19,M18,H3K36me3,108648525,0.9489102535620217,0.21504188921114767,0.17421077939771748,2.519551157625705,1.5607613937786604,0.8247229212354831,64.40244241790191,45.495747325467015,16.952483830928966
avg.none,full,boot5,C19M18,C19,M18,H3K36me3,109056943,0.6485601413665655,0.5408434129093133,0.3874890919434682,1.6395434518609289,1.0764831737951295,0.5434582278143327,47.84442209366603,27.667838604448736,16.63462530377074
avocado.none,full,boot5,C19M18,C19,M18,H3K36me3,109056943,0.6908716589204807,0.47834807353524716,0.3221030842265342,1.8863307383788075,1.1496332579840411,0.5414782444092001,52.63594237405222,38.959375293813736,15.095319874474447
avocado005.none,full,boot5,C19M18,C19,M18,H3K36me3,109056943,0.963346824826675,0.21816746456559766,0.1754321509681933,2.4939155936242985,1.5795979929825357,0.853810441155631,60.50134904094309,46.33849467477037,17.129663536555263
avg.none,full,boot6,C19M18,C19,M18,H3K36me3,109061613,0.6512551433544407,0.5412144174409087,0.38585759661981983,1.6724322604197674,1.0901129171004689,0.5375492110301248,47.30099126587437,27.851164958534753,16.696801202488135
avocado.none,full,boot6,C19M18,C19,M18,H3K36me3,109061613,0.697419453479774,0.476993339626165,0.3243987432109069,1.931960058014118,1.1716561196684607,0.5330504857788179,52.168378830697094,39.53062068315419,15.51307757186674
avocado005.none,full,boot6,C19M18,C19,M18,H3K36me3,109061613,0.9660105855974456,0.2185536003582966,0.17509020882286977,2.5441210278652524,1.5958834294034576,0.8403003340290093,59.93758707359202,46.64819414599994,17.106139616935266
avg.none,full,boot7,C19M18,C19,M18,H3K36me3,109047925,0.6319789071923442,0.53573678485202,0.359018290932965,1.465617335061577,1.0336909178148201,0.5150264717184219,46.79890703570428,26.538325615343464,16.212825056493134
avocado.none,full,boot7,C19M18,C19,M18,H3K36me3,109047925,0.6710665090120143,0.47406140005239555,0.29834866622291006,1.7028473821222456,1.1002732656578116,0.5123498370028026,51.71938016198362,37.465024211762206,14.701847542392029
avocado005.none,full,boot7,C19M18,C19,M18,H3K36me3,109047925,0.9388928450910673,0.21375288496553183,0.16489624810465614,2.207120373317302,1.516510872129904,0.783727979381706,57.32291755578316,44.40954863467019,16.93132765592206
avg.none,full,boot8,C19M18,C19,M18,H3K36me3,109595897,0.6379355723636208,0.5410430323882454,0.3840283608262695,1.4743995633401739,1.0488606605551145,0.5266681730884225,46.080252906559856,26.601287560563915,16.41369244571152
avocado.none,full,boot8,C19M18,C19,M18,H3K36me3,109595897,0.6754129113018255,0.48078013756370314,0.32472867778555753,1.6891184248390807,1.1137381627114855,0.5190560636806911,50.69065867430256,37.81055850445947,14.84705374562569
avocado005.none,full,boot8,C19M18,C19,M18,H3K36me3,109595897,0.9535055408672618,0.21614765276858114,0.17517378242553566,2.268740596199233,1.543119063896011,0.8248506123812037,58.22636948600806,45.021109356044136,17.28912487288674
avg.none,full,boot9,C19M18,C19,M18,H3K36me3,109214154,0.6259414741746916,0.531585058915419,0.36404691435128644,1.5682554498759684,1.0335029961496658,0.5235352429993312,48.62150970334921,26.76540939648151,16.15407004256113
avocado.none,full,boot9,C19M18,C19,M18,H3K36me3,109214154,0.6653942224564912,0.4697685404587334,0.3140646097575446,1.7919356099411448,1.10156247763492,0.5179736108839539,53.12082209810931,37.30169504595527,14.822150693225042
avocado005.none,full,boot9,C19M18,C19,M18,H3K36me3,109214154,0.9302900197839696,0.21150781605857163,0.16743268346177323,2.382407681683045,1.5148447582197662,0.8223217609331572,60.95837792718628,44.130504231771766,16.862072252578113
candi.none,common,all23,C19M18,C19,M18,H3K36me3,121240975,0.841513733784808,0.1882017215456372,0.29310123320195014,2.334380957995508,1.4083328157989756,0.6299931711904979,60.196617921130134,52.091710684318734,4.758664545896862
candi.tcfloor,common,all23,C19M18,C19,M18,H3K36me3,121240975,0.6207965750408773,0.5441973948027332,0.3964360110574077,1.605559234282236,1.024066372958088,0.5189088765694564,46.18375456263386,28.529415897281826,15.137972980468266
avg.none,common,all23,C19M18,C19,M18,H3K36me3,121240975,0.6389958174978054,0.5383875632743376,0.37705722106122413,1.5845620786582566,1.0566820297175417,0.5307904624859503,45.48474212283931,27.182116146055193,16.447826758913873
avocado.none,common,all23,C19M18,C19,M18,H3K36me3,121240975,0.6821399388105062,0.4748053177963636,0.31641007692115997,1.828164109802339,1.1319328348965514,0.5267389357932214,50.433834289861416,38.48016317075523,15.050213049109676
candi.none,common,boot0,C19M18,C19,M18,H3K36me3,109249991,0.8223503865511697,0.1839523915735864,0.27892018987520517,2.3531039424435582,1.3707867262072895,0.6341894677805131,62.71817403614392,50.72991086332667,4.746390238954921
candi.tcfloor,common,boot0,C19M18,C19,M18,H3K36me3,109249991,0.6110947963139138,0.5382697132553815,0.38113044088301246,1.6114723246666292,1.0037589392944182,0.522677465802836,48.5904659545656,28.053407581880894,14.827089186805113
avg.none,common,boot0,C19M18,C19,M18,H3K36me3,109249991,0.6286280153906483,0.5325116913099923,0.3618415410672994,1.588752156306113,1.0354303673618943,0.5341525573736184,47.87428958201114,26.779956194018038,16.106439889091046
avocado.none,common,boot0,C19M18,C19,M18,H3K36me3,109249991,0.6717322279607869,0.46679162190743695,0.3069356402303071,1.8334725980798028,1.110616350941406,0.5292180732147567,52.792411235294,37.80854410738199,14.72688988772598
candi.none,common,boot1,C19M18,C19,M18,H3K36me3,109208574,0.8258027468247918,0.18929992828911685,0.29968406191411395,2.302601486777651,1.3967665017428028,0.6308036454541729,65.071084929551,51.194607532965165,4.33342966639396
candi.tcfloor,common,boot1,C19M18,C19,M18,H3K36me3,109208574,0.608728838399383,0.5430624251248571,0.4002577243819829,1.5961636721934787,1.0135596875496011,0.5173137140202885,50.48926275847211,28.46732117676164,14.819310576651837
avg.none,common,boot1,C19M18,C19,M18,H3K36me3,109208574,0.6248590801117064,0.5370836337771172,0.3805418537533327,1.5748308633450965,1.0420146710348912,0.5281310515002022,49.70795353679347,27.160926397725223,15.98499642227784
avocado.none,common,boot1,C19M18,C19,M18,H3K36me3,109208574,0.673008885555227,0.4697255901736402,0.31658396788664384,1.8085325473743716,1.1285875413082207,0.52842940338157,54.948435234131026,38.09423825570714,14.726752272239466
candi.none,common,boot2,C19M18,C19,M18,H3K36me3,109027430,0.8457548513534481,0.18997571816320996,0.29523238033893107,2.310934189715169,1.4143013720782789,0.6275166541984443,37.22317310061344,52.32295324825009,4.936474242356802
candi.tcfloor,common,boot2,C19M18,C19,M18,H3K36me3,109027430,0.6211985550782209,0.5474760065608066,0.39808323602813933,1.5857198975206195,1.0213007487948218,0.517131230212179,22.740354901388145,28.328680732841363,15.316423812294977
avg.none,common,boot2,C19M18,C19,M18,H3K36me3,109027430,0.6398511625136898,0.5416288066226608,0.3783300750594945,1.5666335128762812,1.0550225731645861,0.5296813693095812,21.9907325461429,26.949313943731177,16.662947765307653
avocado.none,common,boot2,C19M18,C19,M18,H3K36me3,109027430,0.6867343348261431,0.4782820821226087,0.3127737947228699,1.8299467610527558,1.1378849162529074,0.5253519087401961,27.412725046752374,39.06549497106829,15.492527692826807
candi.none,common,boot3,C19M18,C19,M18,H3K36me3,109057846,0.8773272578725959,0.1913149143093949,0.29793464288684746,2.4144221526650416,1.45696496626966,0.6430911436057676,63.22672010132128,54.575077657857655,5.084367306478273
candi.tcfloor,common,boot3,C19M18,C19,M18,H3K36me3,109057846,0.6432827755295838,0.5488834724013609,0.4028409034078459,1.6584647360965534,1.053616922100722,0.5281173989468296,48.584106865139766,29.697225870701924,15.63959242171407
avg.none,common,boot3,C19M18,C19,M18,H3K36me3,109057846,0.6624805966452197,0.5432604696668119,0.38349528910137193,1.6364119733677753,1.0874930518325538,0.5402975278631909,47.84464635127662,28.241510925874273,17.022196954055246
avocado.none,common,boot3,C19M18,C19,M18,H3K36me3,109057846,0.7079000735364834,0.47908687227439734,0.32325304432587953,1.889177361223333,1.1656633258296853,0.5355264752177588,53.018680655453046,40.08177621190272,15.502796941626078
candi.none,common,boot4,C19M18,C19,M18,H3K36me3,108648504,0.839150670201012,0.19101104781288325,0.30253828506519287,2.44795025640906,1.414276573155522,0.6288306541305692,66.63537065343836,52.111804472606025,4.876314011393278
candi.tcfloor,common,boot4,C19M18,C19,M18,H3K36me3,108648504,0.6199899589195529,0.5442029555609962,0.404841695553916,1.6789975703194278,1.0306532914555353,0.5178583774400454,52.35160910920759,28.586973749983798,15.215249815250578
avg.none,common,boot4,C19M18,C19,M18,H3K36me3,108648504,0.6385267254974178,0.5382139249664823,0.38519771417203075,1.6550128834288307,1.0640128900216823,0.5292188777489275,51.5687994449928,27.250531382311678,16.53432337653217
avocado.none,common,boot4,C19M18,C19,M18,H3K36me3,108648504,0.6819457123730631,0.4741058346048068,0.3213069528664036,1.9130736883532296,1.1399201031274404,0.5250172168389803,56.62312881477351,38.646733118154025,15.113508190094715
candi.none,common,boot5,C19M18,C19,M18,H3K36me3,109056922,0.8558766995021674,0.19130820083284078,0.3033412938075014,2.422273442574634,1.4373183058684034,0.6521128413671536,62.79167673044978,53.13852928384144,4.913717661325196
candi.tcfloor,common,boot5,C19M18,C19,M18,H3K36me3,109056922,0.6295923240865019,0.5468075141397502,0.4069483333792651,1.6627299114390943,1.0427679269122754,0.5316058998755206,48.54867776016384,29.050699017996713,15.276936132679364
avg.none,common,boot5,C19M18,C19,M18,H3K36me3,109056922,0.648560266253301,0.5408433915842699,0.38748873751847696,1.6395434518609289,1.0764831737951295,0.5434582278143327,47.84442209366604,27.667838604448736,16.63462530377074
avocado.none,common,boot5,C19M18,C19,M18,H3K36me3,109056922,0.6908717912454516,0.4783480470695562,0.3221027008646893,1.8863307383788075,1.1496332579840411,0.5414782444092001,52.63594237405222,38.959375293813736,15.095319874474447
candi.none,common,boot6,C19M18,C19,M18,H3K36me3,109061592,0.8608691874487759,0.19106787683337115,0.3014917031114218,2.4715428826928445,1.458477536957428,0.6423947117023265,62.36740766844038,53.51841443207537,4.839394260098167
candi.tcfloor,common,boot6,C19M18,C19,M18,H3K36me3,109061592,0.6326134839348497,0.5470800177200601,0.4051894214053818,1.6964635601918536,1.056673079687262,0.5253293556026728,48.012939373665375,29.257191807806056,15.367707058583676
avg.none,common,boot6,C19M18,C19,M18,H3K36me3,109061592,0.6512552687547558,0.5412143961069035,0.38585724128823046,1.6724322604197674,1.0901129171004689,0.5375492110301248,47.30099126587437,27.851164958534753,16.696801202488135
avocado.none,common,boot6,C19M18,C19,M18,H3K36me3,109061592,0.6974195870558322,0.4769933130585547,0.3243983612719951,1.931960058014118,1.1716561196684607,0.5330504857788179,52.168378830697094,39.53062068315419,15.513091175103842
candi.none,common,boot7,C19M18,C19,M18,H3K36me3,109047905,0.8296097301001965,0.18146554399454443,0.2732120510617461,2.126506510519956,1.372767248435301,0.5918881397059642,58.953232454658234,50.975945636241164,4.557544052166167
candi.tcfloor,common,boot7,C19M18,C19,M18,H3K36me3,109047905,0.6137657204913807,0.5412354326436309,0.3782365482140747,1.4798282858953438,1.000743911363001,0.5012734408017616,47.2429142017342,27.846184126349744,14.873769598176029
avg.none,common,boot7,C19M18,C19,M18,H3K36me3,109047905,0.6319790231008354,0.535736763579588,0.35901793785466507,1.465617335061577,1.0336909178148201,0.5150264717184219,46.79890703570428,26.538325615343464,16.212825056493134
avocado.none,common,boot7,C19M18,C19,M18,H3K36me3,109047905,0.671066631382154,0.47406137361511846,0.29834828806288816,1.7028473821222456,1.1002732656578116,0.5123498370028026,51.71938016198362,37.465024211762206,14.701847542392029
candi.none,common,boot8,C19M18,C19,M18,H3K36me3,109595876,0.8396925348301867,0.18891606922767795,0.2975239598561388,2.1848684690983915,1.3953557230090095,0.6268535540074089,60.46301645871042,51.7602533460321,4.687773941720057
candi.tcfloor,common,boot8,C19M18,C19,M18,H3K36me3,109595876,0.6189069422931499,0.5467938889676978,0.40301980004132926,1.4898175021401658,1.0149101134967624,0.5146667865848605,46.74141757681709,27.959540360549724,15.03141309818827
avg.none,common,boot8,C19M18,C19,M18,H3K36me3,109595876,0.6379356946004011,0.5410430108441622,0.38402800619747046,1.4743995633401739,1.0488606605551145,0.5266681730884225,46.080252906559856,26.601287560563915,16.41369244571152
avocado.none,common,boot8,C19M18,C19,M18,H3K36me3,109595876,0.6754130400138487,0.4807801110885399,0.32472829690745697,1.6891184248390807,1.1137381627114855,0.5190560636806911,50.69065867430256,37.81055850445947,14.84705374562569
candi.none,common,boot9,C19M18,C19,M18,H3K36me3,109214135,0.8187909837477098,0.18350301570903607,0.2806097628230237,2.303310808595736,1.3661069001264992,0.621972956181416,63.21832864157889,50.51051247136859,4.606466733314497
candi.tcfloor,common,boot9,C19M18,C19,M18,H3K36me3,109214135,0.608848684269235,0.5373888188602829,0.38306152747481065,1.5922753453538643,1.0025573990510244,0.5129786428943549,49.31883309595244,28.029068441816086,14.890822156650911
avg.none,common,boot9,C19M18,C19,M18,H3K36me3,109214135,0.6259415830698267,0.531585038545292,0.3640465820371499,1.5682554498759684,1.0335029961496658,0.5235352429993312,48.62150970334921,26.76540939648151,16.15407004256113
avocado.none,common,boot9,C19M18,C19,M18,H3K36me3,109214135,0.6653943377754388,0.46976851486015536,0.3140642600980031,1.7919356099411448,1.10156247763492,0.5179736108839539,53.12082209810931,37.30169504595527,14.822150693225042
avg.none,full,all23,C19M20,C19,M20,H3K4me1,121240998,1.0316180309972383,0.17147654777128374,0.24353264254537987,2.433241938377694,1.3505875674313148,5.686595061190839,12.523866644590484,32.18726132933995,33.38513709618977
avocado.none,full,all23,C19M20,C19,M20,H3K4me1,121240998,0.6697083244961157,0.25466062116712257,0.2372333134633565,1.1191505152439374,0.8308251684352176,1.9007702108791507,6.099858178741492,32.495297852274554,11.827653610740741
avocado005.none,full,all23,C19M20,C19,M20,H3K4me1,121240998,3.227213793747381,0.13353136051678988,0.18585846627899993,5.188697515115727,4.2590096712263295,7.543871144311822,14.58577323289369,55.12057861335569,224.93975516654356
avg.none,full,boot0,C19M20,C19,M20,H3K4me1,109250012,1.009953015911519,0.16854678359282305,0.23163382614848935,2.3358897464820947,1.3209558111121456,5.3603110535821,12.207192157946237,32.450523430107694,31.715383994503984
avocado.none,full,boot0,C19M20,C19,M20,H3K4me1,109250012,0.6653701413736834,0.2555694269203044,0.23017275511473587,1.0796041357918824,0.8224034123332006,1.7387083872021436,5.692015222991118,32.685432218118066,11.424393107293376
avocado005.none,full,boot0,C19M20,C19,M20,H3K4me1,109250012,3.231367705574252,0.13214073830206588,0.1764268322729208,5.26388225026333,4.261303996163968,7.458706021542068,14.263406765695414,56.12040169080049,227.55145056538245
avg.none,full,boot1,C19M20,C19,M20,H3K4me1,109208595,1.0160134151038829,0.17164587995670563,0.2495191488279683,2.404383516970877,1.3443601283381896,5.614455273133194,13.800741323007866,32.3286595576895,32.471412097013584
avocado.none,full,boot1,C19M20,C19,M20,H3K4me1,109208595,0.6693070597279244,0.25510612000304034,0.2401668776625017,1.1338528162935388,0.837871233665757,1.928299234709914,6.8195980191887555,32.63946210451441,11.839444459297905
avocado005.none,full,boot1,C19M20,C19,M20,H3K4me1,109208595,3.237848878298738,0.13371124701710738,0.19024251967130898,5.412885495259933,4.325299953695225,7.877684259934171,15.956902389483286,56.26201613901157,225.72479619594745
avg.none,full,boot2,C19M20,C19,M20,H3K4me1,109027451,1.0321608416855863,0.17282252120374586,0.24347966364455056,2.4426442550341116,1.3580497088467132,5.726152026139481,12.651403591352853,31.817474587739273,33.93937057527845
avocado.none,full,boot2,C19M20,C19,M20,H3K4me1,109027451,0.6575680895011708,0.256299131828058,0.2380784125546403,1.1082300481226592,0.817676631173608,1.8570454796670148,6.061689505344009,32.37515466191884,11.087212255891593
avocado005.none,full,boot2,C19M20,C19,M20,H3K4me1,109027451,3.224747643549983,0.13302271530607981,0.1856551944418824,5.165938724138102,4.259334582348699,7.432553395250629,14.560607545773152,53.91045961485105,225.88729766764348
avg.none,full,boot3,C19M20,C19,M20,H3K4me1,109057867,1.0605910516454293,0.17426895480066698,0.24528730974635005,2.493632215240934,1.3802052635010933,5.827401727695272,12.854494065238395,32.16269333235359,35.1014695216757
avocado.none,full,boot3,C19M20,C19,M20,H3K4me1,109057867,0.673974078759098,0.2553592481205786,0.23618661982422626,1.1276780221714753,0.8331349740901467,1.9194627368608925,6.163157884917588,32.58908848129284,12.262034913773455
avocado005.none,full,boot3,C19M20,C19,M20,H3K4me1,109057867,3.1935168806319614,0.13518447757787772,0.18762278980775793,5.28790589001142,4.177581321643437,7.70372876793528,14.356765813597079,52.677597793948216,217.64988540973133
avg.none,full,boot4,C19M20,C19,M20,H3K4me1,108648525,1.0361832645831113,0.17275530069624062,0.25100850577792744,2.4768022351454237,1.3650236876649156,5.822828028428579,12.286163099854159,32.0753109313727,33.98384962163498
avocado.none,full,boot4,C19M20,C19,M20,H3K4me1,108648525,0.6621864589955586,0.25556905005891256,0.2419715071027165,1.1209484711229616,0.8264746993937235,1.9225881535698979,5.885056272509309,32.490864709775806,11.375628495368927
avocado005.none,full,boot4,C19M20,C19,M20,H3K4me1,108648525,3.2235746026065444,0.1333478477323707,0.19180251544564728,5.132242341537655,4.275029726927691,7.697595119699725,14.35956997128158,55.08740991587597,225.49594238327572
avg.none,full,boot5,C19M20,C19,M20,H3K4me1,109056943,1.0333325701006177,0.17163489210712704,0.2511853175681165,2.471067684060112,1.357461904323129,5.835895967334322,12.727110921998666,32.097802953171104,33.85712448621282
avocado.none,full,boot5,C19M20,C19,M20,H3K4me1,109056943,0.6704093346997523,0.2541370454754797,0.24002000972907092,1.128245806790782,0.8335446792278471,1.9610011351607903,6.129791935859769,32.27580258403682,12.212070579657894
avocado005.none,full,boot5,C19M20,C19,M20,H3K4me1,109056943,3.181345769767165,0.13468327555420356,0.1918298622978875,4.875661922513957,4.2335054381689545,7.778571976884633,14.549668095118767,56.028943977111176,223.03697550614157
avg.none,full,boot6,C19M20,C19,M20,H3K4me1,109061613,1.0407197979067773,0.17357744485660404,0.2504434361208344,2.4695023781300236,1.3709628258242883,5.776322197218648,12.645200339489552,32.23975980989376,33.973370871039315
avocado.none,full,boot6,C19M20,C19,M20,H3K4me1,109061613,0.6733804672784296,0.25551696336352564,0.2400611479332257,1.127484498550388,0.8398110249464977,1.9279488677513323,6.167713173622779,32.591288372942266,12.128535993590974
avocado005.none,full,boot6,C19M20,C19,M20,H3K4me1,109061613,3.2141125423441355,0.13472830039565306,0.19176213747624102,5.1494639399219055,4.278494227033957,7.280721923860852,14.533533925743285,53.91829367518761,224.40910241102517
avg.none,full,boot7,C19M20,C19,M20,H3K4me1,109047925,1.0313551118536328,0.1671164884936016,0.2279643412291043,2.451117391980705,1.3372765723710276,5.731094108053997,12.490755094397494,31.891060884441806,33.439004809000075
avocado.none,full,boot7,C19M20,C19,M20,H3K4me1,109047925,0.6714795518258457,0.24987075888508367,0.21903336554607877,1.106695550653286,0.8213138956541656,1.9131368451235957,5.917487682249411,32.11712313153286,11.896197605026122
avocado005.none,full,boot7,C19M20,C19,M20,H3K4me1,109047925,3.1781711906161845,0.132329289523624,0.17365237766850297,5.028902235326032,4.126164113063977,7.466763783533935,13.912594442835653,54.36388999789531,221.22438901798583
avg.none,full,boot8,C19M20,C19,M20,H3K4me1,109595897,1.0428583539340188,0.17293084354843,0.2489567994518038,2.4380522193218517,1.357153031781259,5.664363716693531,11.872743792244636,31.96963344658787,33.991475616881814
avocado.none,full,boot8,C19M20,C19,M20,H3K4me1,109595897,0.6716219805085744,0.2569840664603917,0.2514920986493978,1.1244462338547643,0.8316714054140534,1.9106902575522964,6.033487926774185,32.170808094081764,12.154714612680664
avocado005.none,full,boot8,C19M20,C19,M20,H3K4me1,109595897,3.3135713842789016,0.13355556309566669,0.18982415332678998,5.197915109983637,4.345135732306539,7.584185394785889,14.700808240360542,55.971705281014835,234.18675023155564
avg.none,full,boot9,C19M20,C19,M20,H3K4me1,109214154,1.0130607300857344,0.1696685218982199,0.23544975411063415,2.340847944724408,1.3140933873719667,5.498852737543597,11.812489833665403,32.84428816495656,31.317894443523265
avocado.none,full,boot9,C19M20,C19,M20,H3K4me1,109214154,0.6817360253152508,0.2527275158330988,0.23520309845483056,1.1340614658185815,0.844381852015873,1.928643112739946,6.189722562266889,33.02379781009612,11.903754213309787
avocado005.none,full,boot9,C19M20,C19,M20,H3K4me1,109214154,3.273348412231853,0.1326656642117193,0.17954376619387583,5.385583542421719,4.310356150026409,7.156038691277024,14.805576642215575,56.9741400743762,230.2557279261602
candi.none,common,all23,C19M20,C19,M20,H3K4me1,121240975,0.5051170325761166,0.48257057476735193,0.33196611429064055,0.9121684774625523,0.6237905522426502,1.272898928710173,4.608339282917525,27.5166355288901,11.733735453775086
candi.tcfloor,common,all23,C19M20,C19,M20,H3K4me1,121240975,0.5259618471226414,0.45871318678035383,0.32771549262228333,1.1309179434733128,0.6563194873410565,1.514815356879397,4.1938813098722605,22.57574466500368,10.413985599509928
avg.none,common,all23,C19M20,C19,M20,H3K4me1,121240975,1.031618226700174,0.17147650561832695,0.2435322108856661,2.433241938377694,1.3505875674313148,5.686595061190839,12.523866644590484,32.18726132933995,33.38513709618977
avocado.none,common,all23,C19M20,C19,M20,H3K4me1,121240975,0.6697084512263516,0.2546605773425834,0.23723288078687754,1.1191505152439374,0.8308251684352176,1.9007702108791507,6.099858178741492,32.495297852274554,11.827653610740741
candi.none,common,boot0,C19M20,C19,M20,H3K4me1,109249991,0.5069423191183697,0.4816149023023242,0.3217512288550382,0.9050470733595204,0.6247471603871666,1.230340643327696,4.623001338018784,27.5457353380087,11.789769590934375
candi.tcfloor,common,boot0,C19M20,C19,M20,H3K4me1,109249991,0.5263245034993547,0.4584753219629784,0.3172724817079238,1.1188685069112285,0.6550248042016946,1.4688776814667401,4.192005694739691,22.6573189447374,10.447327109893994
avg.none,common,boot0,C19M20,C19,M20,H3K4me1,109249991,1.0099532100443802,0.16854673999196487,0.23163338203869266,2.3358897464820947,1.3209558111121456,5.3603110535821,12.207192157946237,32.45054479378252,31.715401770943302
avocado.none,common,boot0,C19M20,C19,M20,H3K4me1,109249991,0.6653702689684678,0.25556938204452895,0.23017231307158145,1.0796041357918824,0.8224034123332006,1.7387083872021436,5.6920152229911185,32.68545358053825,11.424393107293376
candi.none,common,boot1,C19M20,C19,M20,H3K4me1,109208574,0.5047577872786653,0.48413318878957234,0.3370671110455342,0.9236089232778857,0.6295271082012952,1.2931939140891853,5.037872729068613,27.569356679527967,11.845183463666869
candi.tcfloor,common,boot1,C19M20,C19,M20,H3K4me1,109208574,0.524057606853271,0.46089190076565056,0.3329938197455657,1.1354495133535998,0.6600129285386377,1.5254467039349082,4.579257504135096,22.64700649827006,10.491962156470032
avg.none,common,boot1,C19M20,C19,M20,H3K4me1,109208574,1.016013610475738,0.1716458372558281,0.2495187146765872,2.404383516970877,1.3443601283381896,5.614455273133194,13.800741323007866,32.3286595576895,32.471412097013584
avocado.none,common,boot1,C19M20,C19,M20,H3K4me1,109208574,0.6693071880984984,0.25510607581566497,0.24016644080441793,1.1338528162935388,0.837871233665757,1.928299234709914,6.8195980191887555,32.63946210451441,11.839444459297905
candi.none,common,boot2,C19M20,C19,M20,H3K4me1,109027430,0.5007338729098739,0.48143486116248835,0.33180835597781294,0.9007119062586264,0.6188074822261632,1.2580915852953793,4.56516219535262,27.303096134604157,11.661599354946974
candi.tcfloor,common,boot2,C19M20,C19,M20,H3K4me1,109027430,0.5224950568435173,0.4574223669617944,0.32739613720705185,1.1221943002964734,0.6529923255163037,1.5108287732541261,4.158431025032123,22.375751825245615,10.377005731210362
avg.none,common,boot2,C19M20,C19,M20,H3K4me1,109027430,1.0321610404922321,0.17282247878449625,0.2434792252848102,2.4426442550341116,1.3580497088467132,5.726152026139481,12.651403591352853,31.817474587739273,33.93937057527845
avocado.none,common,boot2,C19M20,C19,M20,H3K4me1,109027430,0.6575682158541659,0.25629908617207336,0.23807797318481566,1.1082300481226592,0.817676631173608,1.8570454796670148,6.061689505344009,32.37515466191884,11.087212255891593
candi.none,common,boot3,C19M20,C19,M20,H3K4me1,109057846,0.5067288767855807,0.48216871154291574,0.3329680856333523,0.9175934178578732,0.6234861149758846,1.2746910977150163,4.637267143628361,27.74966108360731,11.811158762405741
candi.tcfloor,common,boot3,C19M20,C19,M20,H3K4me1,109057846,0.5295171010882344,0.45763931132649804,0.32858395006690055,1.1390829710003412,0.6583960421346922,1.522529690288132,4.21653401323423,22.701197932050295,10.489307198021633
avg.none,common,boot3,C19M20,C19,M20,H3K4me1,109057846,1.0605912558711028,0.17426891262012068,0.24528687254122158,2.493632215240934,1.3802052635010933,5.827401727695272,12.854494065238395,32.16269333235359,35.1014695216757
avocado.none,common,boot3,C19M20,C19,M20,H3K4me1,109057846,0.6739742082204911,0.25535920449926053,0.23618617947222245,1.1276780221714753,0.8331349740901467,1.9194627368608925,6.163157884917588,32.58908848129284,12.262034913773455
candi.none,common,boot4,C19M20,C19,M20,H3K4me1,108648504,0.5026199344890431,0.483397922054375,0.3386511608124228,0.9132469753015824,0.6262541785683144,1.2870282151343648,4.461289873086226,27.475811772074557,11.789004225785497
candi.tcfloor,common,boot4,C19M20,C19,M20,H3K4me1,108648504,0.5238263265759121,0.45933069287028233,0.334476741681182,1.1334530328165793,0.6592224763059371,1.527120800390771,4.165650565333617,22.520452669845458,10.463538623219819
avg.none,common,boot4,C19M20,C19,M20,H3K4me1,108648504,1.036183464860591,0.172755258351669,0.25100807018791027,2.4768022351454237,1.3650236876649156,5.822828028428579,12.286163099854159,32.0753109313727,33.98384962163498
avocado.none,common,boot4,C19M20,C19,M20,H3K4me1,108648504,0.6621865866389511,0.2555690051198341,0.2419710690048126,1.1209484711229616,0.8264746993937235,1.9225881535698979,5.885056272509309,32.490864709775806,11.375628495368927
candi.none,common,boot5,C19M20,C19,M20,H3K4me1,109056922,0.5016331604803702,0.4834765101008288,0.33888923963336465,0.9100135306263919,0.6209550658795496,1.2864445019678896,4.5681631045177475,27.39531902676752,11.729245220546334
candi.tcfloor,common,boot5,C19M20,C19,M20,H3K4me1,109056922,0.522941705888776,0.459184674850633,0.3347882184559948,1.1273615716220338,0.6548710700013435,1.5304699921136253,4.162021711753452,22.47575655363941,10.406349282066431
avg.none,common,boot5,C19M20,C19,M20,H3K4me1,109056922,1.0333327690791287,0.17163484986980407,0.2511848837182942,2.471067684060112,1.357461904323129,5.835895967334322,12.727110921998666,32.097802953171104,33.85712448621282
avocado.none,common,boot5,C19M20,C19,M20,H3K4me1,109056922,0.6704094634560279,0.25413700169282105,0.24001957211196848,1.128245806790782,0.8335446792278471,1.9610011351607903,6.129791935859768,32.27580258403682,12.212070579657894
candi.none,common,boot6,C19M20,C19,M20,H3K4me1,109061592,0.5062187530580758,0.4830073440544629,0.33749856247968946,0.91615452155323,0.6280375252819793,1.2945415718080173,4.646364893452603,27.648153937360146,11.796421055441563
candi.tcfloor,common,boot6,C19M20,C19,M20,H3K4me1,109061592,0.5276846865232218,0.45918447441182864,0.3334088221633909,1.1368586751896241,0.6619128671625121,1.5385985533816386,4.216290156548299,22.656286995589802,10.455737443658936
avg.none,common,boot6,C19M20,C19,M20,H3K4me1,109061592,1.040719998299192,0.1735774026104343,0.25044300190245783,2.4695023781300236,1.3709628258242883,5.776322197218648,12.645200339489552,32.23977838505932,33.973370871039315
avocado.none,common,boot6,C19M20,C19,M20,H3K4me1,109061592,0.6733805966014099,0.2555169198358216,0.24006071058491887,1.127484498550388,0.8398110249464977,1.9279488677513323,6.167713173622779,32.591306693335795,12.128546228027233
candi.none,common,boot7,C19M20,C19,M20,H3K4me1,109047905,0.5035395839250382,0.4808752678368092,0.3194220343978028,0.8993478079892189,0.6122046916033698,1.2639213919196315,4.422159371928319,27.146687737264674,11.42444941192626
candi.tcfloor,common,boot7,C19M20,C19,M20,H3K4me1,109047905,0.5242713772927576,0.45613981954528293,0.314822681735244,1.1229726538034432,0.6445866148670234,1.507252160216306,4.0301752703674625,22.306988592420513,10.165096981704217
avg.none,common,boot7,C19M20,C19,M20,H3K4me1,109047905,1.0313553010099694,0.16711644687847876,0.22796391551156744,2.451117391980705,1.3372765723710276,5.731094108053997,12.490755094397494,31.891060884441806,33.439004809000075
avocado.none,common,boot7,C19M20,C19,M20,H3K4me1,109047905,0.671479674637229,0.24987071550847093,0.21903293728165368,1.106695550653286,0.8213138956541656,1.9131368451235957,5.917487682249411,32.11712313153286,11.896197605026122
candi.none,common,boot8,C19M20,C19,M20,H3K4me1,109595876,0.5048955350049267,0.4823600642768714,0.33658696254766424,0.9108216799933412,0.6216454967547033,1.2618233258840021,4.509718965208255,27.46101516644213,11.635338805672587
candi.tcfloor,common,boot8,C19M20,C19,M20,H3K4me1,109595876,0.526801253705627,0.45848617232075145,0.33250719175142235,1.13201938435475,0.6550608905893751,1.500604393774073,4.0737452971348915,22.493119801976388,10.344791507478618
avg.none,common,boot8,C19M20,C19,M20,H3K4me1,109595876,1.042858553759288,0.17293080094241728,0.24895636653108344,2.4380522193218517,1.357153031781259,5.664363716693531,11.872743792244636,31.96963344658787,33.991475616881814
avocado.none,common,boot8,C19M20,C19,M20,H3K4me1,109595876,0.6716221088576776,0.2569840221535648,0.2514916697066816,1.1244462338547643,0.8316714054140534,1.9106902575522964,6.033487926774185,32.170808094081764,12.154714612680664
candi.none,common,boot9,C19M20,C19,M20,H3K4me1,109214135,0.5130766629357897,0.4831493566918193,0.3244241313825316,0.9256181520937296,0.6324728682167833,1.2795835830042612,4.65195369942704,27.876506130402618,11.861694606328182
candi.tcfloor,common,boot9,C19M20,C19,M20,H3K4me1,109214135,0.5316792898233427,0.46041736780113435,0.32037154780783395,1.1409154830655597,0.6612847143775465,1.5166720983459892,4.188711531348732,22.929615077870746,10.493130209514359
avg.none,common,boot9,C19M20,C19,M20,H3K4me1,109214135,1.0130609063280667,0.16966848232836,0.23544935418192686,2.340847944724408,1.3140933873719667,5.498852737543597,11.812489833665403,32.84428816495656,31.317894443523265
avocado.none,common,boot9,C19M20,C19,M20,H3K4me1,109214135,0.6817361437113317,0.25272747583239064,0.23520270107155158,1.1340614658185815,0.844381852015873,1.928643112739946,6.189722562266889,33.02379781009612,11.903754213309787
avg.none,full,all23,C19M22,C19,M22,H3K4me3,121240998,747.3800545205548,0.8693622107555065,0.2188618589689885,8974.64734459847,1396.183294075164,1939.15653822785,403062.0788956523,74619.89139488355,74244.45781864766
avocado.none,full,all23,C19M22,C19,M22,H3K4me3,121240998,863.0503363440217,0.75121622765147,0.1538292938674759,10328.50247432373,1613.4770210191637,2306.2220711902455,455663.1329994179,86274.99912311407,85517.38245608755
avocado005.none,full,all23,C19M22,C19,M22,H3K4me3,121240998,903.5461347987036,0.7332312241396441,0.20552119196407112,10860.07815919207,1685.4163389887906,2414.5222921974073,485117.5232910134,90314.97118572383,89109.42371337066
avg.none,full,boot0,C19M22,C19,M22,H3K4me3,109250012,731.4971906751875,0.8683424220867009,0.2072818704329808,8868.567060727288,1369.5252265345232,1965.8361261506877,406967.1006165003,73032.33128204086,72695.67573761179
avocado.none,full,boot0,C19M22,C19,M22,H3K4me3,109250012,837.6951481138609,0.7495209073128979,0.1496039253000871,10124.839958929964,1569.9904994873748,2315.557203295014,459107.63633586356,83739.41488783131,83037.02856261915
avocado005.none,full,boot0,C19M22,C19,M22,H3K4me3,109250012,883.3436096119849,0.7334789071011952,0.1944333002345888,10729.123827626618,1651.326400645006,2445.4866602009843,490371.1209237264,88296.5595917539,87203.20231509037
avg.none,full,boot1,C19M22,C19,M22,H3K4me3,109208595,720.9169625975804,0.8686319572008111,0.22276234002960352,8778.066020388758,1358.919945695982,1911.8041191932327,408828.2309587574,71850.68099483816,71624.6075473957
avocado.none,full,boot1,C19M22,C19,M22,H3K4me3,109208595,836.0224845320836,0.7473054688286103,0.1588137420584453,10167.75998624378,1575.165842237682,2285.79529362996,462697.68965935055,83414.83094311661,82885.05904491914
avocado005.none,full,boot1,C19M22,C19,M22,H3K4me3,109208595,870.1004056212998,0.7320961233106039,0.21011121768633848,10605.191254733396,1636.8516527262814,2372.1876041911587,492513.46595029463,86807.6960379044,85958.5193608831
avg.none,full,boot2,C19M22,C19,M22,H3K4me3,109027451,757.1593711203835,0.867991118827701,0.22019587455452358,8998.47203261015,1422.3039255578021,1888.3544496100264,405129.6027776629,75594.5942067091,75184.13795966282
avocado.none,full,boot2,C19M22,C19,M22,H3K4me3,109027451,875.2891520027266,0.7455037813581543,0.15052318125614916,10358.883499210066,1645.9112944197,2261.395558821434,458444.4874264799,87497.81124737312,86715.87877369286
avocado005.none,full,boot2,C19M22,C19,M22,H3K4me3,109027451,915.5699534846309,0.7300690068867439,0.20675800242619063,10888.815423724462,1717.8241698637385,2363.454138118585,488389.6976969365,91516.1612446547,90301.9755727321
avg.none,full,boot3,C19M22,C19,M22,H3K4me3,109057867,789.6872501577795,0.8690253407544246,0.22205679176042195,9036.544387690374,1457.973788835264,1912.9902823877355,408124.6628761697,78842.24816209986,78406.82551989538
avocado.none,full,boot3,C19M22,C19,M22,H3K4me3,109057867,909.5325575123796,0.7488867274031754,0.15221260187922372,10371.532905670543,1680.7450714724157,2262.0834186775937,458952.83887568116,90920.45314116811,90043.91341466465
avocado005.none,full,boot3,C19M22,C19,M22,H3K4me3,109057867,953.697684766665,0.7324744340310224,0.20824469464603332,10924.14776357933,1758.195738944961,2372.970110493026,490281.6063987701,95326.79697226736,94053.01444681008
avg.none,full,boot4,C19M22,C19,M22,H3K4me3,108648525,754.6569076868594,0.8681900481007205,0.2265024252313948,8991.063860975766,1425.2398841484496,1957.2318176719198,347579.8475819617,75347.41686195413,74960.78223096476
avocado.none,full,boot4,C19M22,C19,M22,H3K4me3,108648525,875.9356041219139,0.7507369967179142,0.15629998251138164,10406.710521326018,1655.0631337983573,2339.9389078114164,396740.76000698964,87564.69543045989,86802.86392635974
avocado005.none,full,boot4,C19M22,C19,M22,H3K4me3,108648525,911.3567512833713,0.731386594970025,0.21317309774985002,10869.13305558382,1718.3492637646582,2428.9356033933273,408926.9601417207,91095.79015055594,89982.4608509624
avg.none,full,boot5,C19M22,C19,M22,H3K4me3,109056943,762.5248325213579,0.8690357166102286,0.226836731728468,9038.80408377417,1432.2644975460917,2015.957316882859,412765.10162730824,76121.02086304889,75743.07665754404
avocado.none,full,boot5,C19M22,C19,M22,H3K4me3,109056943,888.1751103177702,0.7615140856568955,0.16362525268624814,10483.582162923462,1669.620314813536,2421.39241064764,468083.8795510676,88774.81315944868,88014.42936733589
avocado005.none,full,boot5,C19M22,C19,M22,H3K4me3,109056943,920.1752506491191,0.7331956199722438,0.2132707160266818,10913.81092306102,1725.972025629725,2507.0308029190633,496723.46238138643,91962.40713288033,90828.94152679847
avg.none,full,boot6,C19M22,C19,M22,H3K4me3,109061613,769.3049643848582,0.86927189209939,0.22571420946358706,9176.009386755337,1444.2617877259618,1977.63365624925,415384.39205770375,76807.96785518182,76477.90242093882
avocado.none,full,boot6,C19M22,C19,M22,H3K4me3,109061613,884.2600075793199,0.7502376626316559,0.15824690861443283,10508.778532026714,1662.0420390735596,2341.9129086766247,468348.4472552362,88394.26123799938,87660.77602732801
avocado005.none,full,boot6,C19M22,C19,M22,H3K4me3,109061613,929.1596032672982,0.7332680672562316,0.21241270172561372,11090.608214339305,1742.0381524892598,2460.9997011624123,499871.834910158,92874.72169152237,91806.1379888402
avg.none,full,boot7,C19M22,C19,M22,H3K4me3,109047925,713.3573038025378,0.8744601285493441,0.2042999793986319,8778.81048193933,1320.5626971790007,1904.3132417278848,389678.69964677794,71210.42686141691,70848.41540355507
avocado.none,full,boot7,C19M22,C19,M22,H3K4me3,109047925,820.9393770861111,0.7691967066445807,0.14759866395571372,10055.745297465885,1519.889569935623,2255.9011422080953,440235.88750622387,82055.8797232653,81319.59813528934
avocado005.none,full,boot7,C19M22,C19,M22,H3K4me3,109047925,867.4850040164242,0.7409262280766438,0.19085855512970776,10684.627830842828,1604.267500441577,2385.251786715121,472938.74130186957,86700.36965251603,85646.77730353325
avg.none,full,boot8,C19M22,C19,M22,H3K4me3,109595897,749.9207688530296,0.8708720616786604,0.22357181565271472,9053.721372909393,1381.5907447340714,1925.5653700041717,404060.4062297805,74869.7798449436,74478.86795439184
avocado.none,full,boot8,C19M22,C19,M22,H3K4me3,109595897,865.9148852072724,0.7518267174611151,0.1577800325172919,10418.396651667896,1596.9043474208743,2289.6815407186336,456837.02576289576,86560.30243956698,85746.8962233098
avocado005.none,full,boot8,C19M22,C19,M22,H3K4me3,109595897,908.9431283462391,0.7344288630235586,0.2093677386186588,10973.929200458475,1671.7163887463014,2402.136687800416,486924.52619104186,90853.20389972201,89631.73471612792
avg.none,full,boot9,C19M22,C19,M22,H3K4me3,109214154,724.8855671384266,0.8680621453685062,0.20898458245625073,9016.008688685239,1349.1554344126973,1934.766787963324,412070.9645076274,72374.4338092257,72031.12876049183
avocado.none,full,boot9,C19M22,C19,M22,H3K4me3,109214154,836.8918418982429,0.7415833741714797,0.14559904030488383,10377.476506913816,1559.6250011028371,2292.6193774078693,465893.33779731585,83659.15559052104,82964.04447072635
avocado005.none,full,boot9,C19M22,C19,M22,H3K4me3,109214154,875.7536226019668,0.7312824244557358,0.19621112484617187,10909.1786931657,1627.4159443534788,2410.2923807780517,496741.6444230459,87536.8757563027,86433.78698226667
candi.none,common,all23,C19M22,C19,M22,H3K4me3,121240975,854.8894573147002,0.6017707011867164,0.17875137021710563,10287.019502439112,1598.7314185268315,2171.9649012648524,464218.6750616496,85120.65461636336,83249.20121664618
candi.tcfloor,common,all23,C19M22,C19,M22,H3K4me3,121240975,730.999770087563,0.8680503327202421,0.21879122337260734,8777.16561591072,1366.9442654704292,1874.2906721114884,396931.26194629824,72972.72277113471,72698.01135103242
avg.none,common,all23,C19M22,C19,M22,H3K4me3,121240975,747.38019630217,0.8693622108045327,0.21886141340449927,8974.64734459847,1396.183294075164,1939.15653822785,403062.0788956523,74619.89139488355,74244.45781864766
avocado.none,common,all23,C19M22,C19,M22,H3K4me3,121240975,863.050500068185,0.7512162274841921,0.15382885060397178,10328.50247432373,1613.4770210191637,2306.2220711902455,455663.1329994179,86274.99912311407,85517.38245608755
candi.none,common,boot0,C19M22,C19,M22,H3K4me3,109249991,834.3228875986376,0.6016955356726231,0.1664634896309365,10156.133260663722,1563.471395860604,2188.122538206388,469718.9634499066,83077.35995683967,81404.88910956129
candi.tcfloor,common,boot0,C19M22,C19,M22,H3K4me3,109249991,715.328297376508,0.8670337908844913,0.2069550642924643,8671.510039937863,1340.614992726233,1900.157941416389,400813.7867523673,71406.88666110023,71169.14320678568
avg.none,common,boot0,C19M22,C19,M22,H3K4me3,109249991,731.4973312833548,0.8683424221397474,0.2072814124212938,8868.567060727288,1369.5252265345232,1965.8361261506877,406967.1006165003,73032.39812538945,72695.73596164679
avocado.none,common,boot0,C19M22,C19,M22,H3K4me3,109249991,837.6953091346513,0.7495209071402601,0.14960347931782547,10124.839958929964,1569.9904994873748,2315.557203295014,459107.63633586356,83739.49153022126,83037.10456497839
candi.none,common,boot1,C19M22,C19,M22,H3K4me3,109208574,820.6174368292459,0.6038589063292306,0.18306542536083611,10031.8730923601,1546.9874601908487,2137.230324953926,471700.781648449,81561.96931581348,80111.5376295322
candi.tcfloor,common,boot1,C19M22,C19,M22,H3K4me3,109208574,704.847927897605,0.8671572406603353,0.22275052729206526,8583.19754997167,1329.8472053635073,1848.2906605868077,402657.8653597702,70238.21093955841,70112.36518152452
avg.none,common,boot1,C19M22,C19,M22,H3K4me3,109208574,720.9171012245733,0.8686319572543035,0.22276189057336288,8778.066020388758,1358.919945695982,1911.8041191932327,408828.2309587574,71850.68099483816,71624.6075473957
avocado.none,common,boot1,C19M22,C19,M22,H3K4me3,109208574,836.0226452923426,0.7473054686677216,0.15881329628395177,10167.75998624378,1575.165842237682,2285.79529362996,462697.68965935055,83414.83094311661,82885.05904491914
candi.none,common,boot2,C19M22,C19,M22,H3K4me3,109027430,867.0437969365905,0.5991775037008967,0.18062538604546266,10334.212735256617,1630.4553913635145,2107.700848049205,467803.5133257841,86326.27408907177,84304.04566577435
candi.tcfloor,common,boot2,C19M22,C19,M22,H3K4me3,109027430,740.7810360698056,0.8666715125195027,0.2202627570184745,8804.734152982086,1392.9066108976592,1823.065211614018,399026.46826798277,73947.26563243648,73640.97973583249
avg.none,common,boot2,C19M22,C19,M22,H3K4me3,109027430,757.1595169584244,0.8679911188749959,0.22019542288406246,8998.47203261015,1422.3039255578021,1888.3544496100264,405129.6027776629,75594.5942067091,75184.13795966282
avocado.none,common,boot2,C19M22,C19,M22,H3K4me3,109027430,875.2893205935414,0.7455037811771371,0.15052270018718666,10358.883499210066,1645.9112944197,2261.395558821434,458444.4874264799,87497.81124737312,86715.87877369286
candi.none,common,boot3,C19M22,C19,M22,H3K4me3,109057846,905.5947003054523,0.6004076681174064,0.18332158393563755,10396.12625364593,1672.8555958831864,2159.9967380977346,472155.3776856371,90156.90626032246,87819.9391429944
candi.tcfloor,common,boot3,C19M22,C19,M22,H3K4me3,109057846,772.8033251938094,0.8678612377099989,0.2221962726577686,8843.697378058401,1428.1262537442924,1851.5917171313054,402203.95223249187,77143.56601050352,76808.65092565354
avg.none,common,boot3,C19M22,C19,M22,H3K4me3,109057846,789.6874022186616,0.8690253407977069,0.22205634128101803,9036.544387690374,1457.973788835264,1912.9902823877355,408124.6628761697,78842.24816209986,78406.82551989538
avocado.none,common,boot3,C19M22,C19,M22,H3K4me3,109057846,909.532732649739,0.7488867272204047,0.1522121525496389,10371.532905670543,1680.7450714724157,2262.0834186775937,458952.83887568116,90920.45314116811,90043.91341466465
candi.none,common,boot4,C19M22,C19,M22,H3K4me3,108648504,862.3807684409314,0.5991897422090319,0.18691913329245885,10292.783837206065,1630.44423239902,2193.979839059182,380739.64341476053,85858.42269063914,83909.36092321922
candi.tcfloor,common,boot4,C19M22,C19,M22,H3K4me3,108648504,738.2356438602878,0.8668534385484032,0.2266084372151614,8794.693979961128,1395.6341629613978,1892.2876198651504,341268.3934519002,73695.8686878144,73414.22524228127
avg.none,common,boot4,C19M22,C19,M22,H3K4me3,108648504,754.6570535498439,0.8681900481486087,0.2265019755732597,8991.063860975766,1425.2398841484496,1957.2318176719198,347579.8475819617,75347.41686195413,74960.78223096476
avocado.none,common,boot4,C19M22,C19,M22,H3K4me3,108648504,875.9357734254277,0.7507369965481437,0.15629953683054612,10406.710521326018,1655.0631337983573,2339.9389078114164,396740.76000698964,87564.69543045989,86802.86392635974
candi.none,common,boot5,C19M22,C19,M22,H3K4me3,109056922,871.8426060927137,0.6021755040770054,0.1866194660271769,10346.836580998592,1639.828599390049,2257.4494184796436,476029.83009875205,86806.19600705685,84915.97046209799
candi.tcfloor,common,boot5,C19M22,C19,M22,H3K4me3,109056922,746.078866158537,0.8679242096831055,0.2268523042058601,8842.116363840827,1402.7794277081139,1949.32661112492,406599.3466781726,74467.77322997202,74193.19159447198
avg.none,common,boot5,C19M22,C19,M22,H3K4me3,109056922,762.5249793531333,0.86903571665832,0.22683628395459798,9038.80408377417,1432.2644975460917,2015.957316882859,412765.10162730824,76121.02086304889,75743.07665754404
avocado.none,common,boot5,C19M22,C19,M22,H3K4me3,109056922,888.1752813440405,0.7615140855134309,0.16362480934322363,10483.582162923462,1669.620314813536,2421.39241064764,468083.8795510676,88774.81315944868,88014.42936733589
candi.none,common,boot6,C19M22,C19,M22,H3K4me3,109061592,880.1682282192266,0.6015207549619388,0.18588274573967048,10531.658769306485,1654.6509232899261,2226.8044860018517,479330.6552966932,87639.4101993364,85634.27703729531
candi.tcfloor,common,boot6,C19M22,C19,M22,H3K4me3,109061592,752.6132705295418,0.8680435270410036,0.2257297128689653,8977.479374052367,1414.3342917342172,1912.3895664369059,409206.2461677952,75129.45742362371,74892.73228721098
avg.none,common,boot6,C19M22,C19,M22,H3K4me3,109061592,769.3051125158726,0.8692718921469708,0.22571376109847394,9176.009386755337,1444.2617877259618,1977.63365624925,415384.39205770375,76808.03827325505,76477.97252553578
avocado.none,common,boot6,C19M22,C19,M22,H3K4me3,109061592,884.2601778444097,0.7502376624526246,0.1582464673828593,10508.778532026714,1662.0420390735596,2341.9129086766247,468348.4472552362,88394.3421791904,87660.85582916753
candi.none,common,boot7,C19M22,C19,M22,H3K4me3,109047905,819.875560555935,0.6051812532095273,0.16415317972113821,10083.900528907967,1521.5912841736506,2134.091140701348,452926.3652123232,81619.49851278024,79833.37061243784
candi.tcfloor,common,boot7,C19M22,C19,M22,H3K4me3,109047905,697.2624362124851,0.8731391410912408,0.20410756220445572,8578.463271635039,1292.1668710668862,1838.959902979723,383660.2273728536,69592.26319149572,69330.1180533386
avg.none,common,boot7,C19M22,C19,M22,H3K4me3,109047905,713.3574346362853,0.8744601285989376,0.20429954077531814,8778.81048193933,1320.5626971790007,1904.3132417278848,389678.69964677794,71210.42686141691,70848.41540355507
avocado.none,common,boot7,C19M22,C19,M22,H3K4me3,109047905,820.9395276504497,0.7691967065038287,0.14759822942236964,10055.745297465885,1519.889569935623,2255.9011422080953,440235.88750622387,82055.8797232653,81319.59813528934
candi.none,common,boot8,C19M22,C19,M22,H3K4me3,109595876,860.9555763870663,0.6010395110667285,0.18242119843304067,10374.316093040501,1586.9488812812974,2157.562959851272,466075.0324432515,85711.97036405232,83808.25316829723
candi.tcfloor,common,boot8,C19M22,C19,M22,H3K4me3,109595876,733.4184088891078,0.8691577890910951,0.22338835986752234,8851.232312538043,1352.516631262191,1860.661553966003,397919.51481942186,73209.91857522394,72902.89998261054
avg.none,common,boot8,C19M22,C19,M22,H3K4me3,109595876,749.9209125476349,0.8708720617311291,0.22357136827990312,9053.721372909393,1381.5907447340714,1925.5653700041717,404060.4062297805,74869.7798449436,74478.86795439184
avocado.none,common,boot8,C19M22,C19,M22,H3K4me3,109595876,865.915051127141,0.7518267172913191,0.15777959091961896,10418.396651667896,1596.9043474208743,2289.6815407186336,456837.02576289576,86560.30243956698,85746.8962233098
candi.none,common,boot9,C19M22,C19,M22,H3K4me3,109214135,826.2153716042442,0.6040984920568749,0.16771443576707892,10307.127335260077,1539.7272477619213,2159.0338601273843,475559.9561329134,82278.78763499958,80621.00024007872
candi.tcfloor,common,boot9,C19M22,C19,M22,H3K4me3,109214135,708.738411593635,0.8669300038101393,0.20864566931319492,8813.834977831704,1320.4766509159467,1868.9072542775482,405857.0562056226,70751.42569988752,70507.17647711343
avg.none,common,boot9,C19M22,C19,M22,H3K4me3,109214135,724.8856932468811,0.8680621454162798,0.20898416883581195,9016.008688685239,1349.1554344126973,1934.766787963324,412070.9645076274,72374.4338092257,72031.12876049183
avocado.none,common,boot9,C19M22,C19,M22,H3K4me3,109214135,836.8919874917926,0.7415833740098164,0.14559863699904063,10377.476506913816,1559.6250011028371,2292.6193774078693,465893.33779731585,83659.15559052104,82964.04447072635
avg.none,full,all23,C19M29,C19,M29,H3K9me3,121240998,0.25906410316600403,0.2037129139671679,0.2750813765877107,0.2813769905893314,0.25945823593631157,0.31425697101482686,1157.3103659510912,6.5439578606103534,3.9030144174509167
avocado.none,full,all23,C19M29,C19,M29,H3K9me3,121240998,0.28001035829493076,0.13337564692244436,0.18795241474289123,0.2723196394612144,0.2667500127320279,0.33436379691571066,1168.7134307545134,7.024861613578073,4.854802509662643
avocado005.none,full,all23,C19M29,C19,M29,H3K9me3,121240998,0.4183186474742438,0.09924662875595021,0.18672272254229277,0.4295630522997254,0.4829671297895477,0.46274225923275597,1153.8783719362027,8.190609873356914,16.029160220458564
avg.none,full,boot0,C19M29,C19,M29,H3K9me3,109250012,0.26355347676598984,0.2005475501349267,0.2651545514334153,0.2873372028130731,0.2636633892153343,0.32787124096846054,896.7117226869227,6.674286778392965,4.0565648568467045
avocado.none,full,boot0,C19M29,C19,M29,H3K9me3,109250012,0.2845044527327106,0.13335969341118958,0.2026878170714988,0.27452460713354904,0.2711996373475548,0.3506082235554489,909.7097913205104,7.1890075853835365,5.05933511766586
avocado005.none,full,boot0,C19M29,C19,M29,H3K9me3,109250012,0.427548258668663,0.09740867154819405,0.17759917291987287,0.43439039912348026,0.4966852383878234,0.48312846173041346,892.2551619203039,8.419486415845924,16.45087829202147
avg.none,full,boot1,C19M29,C19,M29,H3K9me3,109208595,0.25233635021421674,0.20249324350567144,0.2794479564791744,0.27257522941688866,0.2465723668741378,0.32165274358975154,1319.1841264578193,6.65317686083244,3.4246852034469524
avocado.none,full,boot1,C19M29,C19,M29,H3K9me3,109208595,0.28157128201294446,0.12921813974578955,0.18896298550523571,0.2728023344196774,0.2673557340295791,0.3490693016870566,1332.2357514462983,7.138107835914566,5.012666791942266
avocado005.none,full,boot1,C19M29,C19,M29,H3K9me3,109208595,0.37277475073783106,0.10116519313767154,0.1907936209935158,0.39743545036653327,0.3967574320461544,0.4619652650715959,1314.75051462374,7.920539034291573,11.510526463042739
avg.none,full,boot2,C19M29,C19,M29,H3K9me3,109027451,0.2617689282722647,0.20415534260644025,0.2765687240504463,0.2802615861952199,0.2623530856590587,0.32122243765872804,1266.2844423167323,6.700776720034243,4.0785786037139795
avocado.none,full,boot2,C19M29,C19,M29,H3K9me3,109027451,0.2839732932847208,0.1318548388876034,0.18641591698694573,0.27113853496242335,0.2693860680254068,0.34339847690416847,1278.7608001750984,7.207690153677289,5.0692405040280395
avocado005.none,full,boot2,C19M29,C19,M29,H3K9me3,109027451,0.42809557499784795,0.0993615552170994,0.1879818567083516,0.4369930754416826,0.49884635831463053,0.4730338577871928,1262.5032090582401,8.477833587885486,16.73326559325815
avg.none,full,boot3,C19M29,C19,M29,H3K9me3,109057867,0.26125627538450424,0.20456414797967132,0.27675568954555224,0.28284733684165664,0.2607398411627576,0.320056923935802,1274.2721018726452,6.695433880734289,4.050498534454058
avocado.none,full,boot3,C19M29,C19,M29,H3K9me3,109057867,0.28009270496037625,0.13461833714788113,0.18496142405810118,0.2723467754437232,0.26656519072834856,0.3413130278863092,1286.8181328676333,7.171339399644063,4.802399484905495
avocado005.none,full,boot3,C19M29,C19,M29,H3K9me3,109057867,0.42687183367597853,0.09950988476251586,0.18771436221601775,0.4365624634112519,0.4905841729984231,0.4711873072884459,1270.4319648584537,8.418032665820851,16.585156413109697
avg.none,full,boot4,C19M29,C19,M29,H3K9me3,108648525,0.25865924344812063,0.20680145180056023,0.2833185286162229,0.2789862692064127,0.2550473435648276,0.32273385883649114,1301.1449199780723,6.649373999061887,3.9119821715343646
avocado.none,full,boot4,C19M29,C19,M29,H3K9me3,108648525,0.2649584495447126,0.14531250068393678,0.19607007090253417,0.2599065168163595,0.2514487968722263,0.33995567235000246,1313.913113965814,7.12362949144694,3.6234857686508626
avocado005.none,full,boot4,C19M29,C19,M29,H3K9me3,108648525,0.4157544410335915,0.10121003956044264,0.19415427096013352,0.4314881813252251,0.48449945555904744,0.4694869323041558,1297.1010809906936,8.238606337856934,15.545593440597287
avg.none,full,boot5,C19M29,C19,M29,H3K9me3,109056943,0.25999801956941315,0.20687986330642544,0.28433675006867665,0.2851540421447673,0.26279855651622913,0.32375477502765304,1282.968208309292,6.635940492698721,4.0188209271805935
avocado.none,full,boot5,C19M29,C19,M29,H3K9me3,109056943,0.2847605426579684,0.13536406893942013,0.19552339785140954,0.27629459535754114,0.27178232360798127,0.34950594281513814,1295.6279758490846,7.075704030175039,5.173914587047826
avocado005.none,full,boot5,C19M29,C19,M29,H3K9me3,109056943,0.42472087509838996,0.10039504716907234,0.1946271184638085,0.43311329489812794,0.4973526778971338,0.4789568036081375,1278.9762827484806,8.343483247764903,16.692025371252065
avg.none,full,boot6,C19M29,C19,M29,H3K9me3,109061613,0.25852459775833614,0.20509231767081704,0.2809352773644623,0.282167050834763,0.2602858488918876,0.31827231603684797,1291.3239864077966,6.658559610897363,3.9517137239747737
avocado.none,full,boot6,C19M29,C19,M29,H3K9me3,109061613,0.28217708404037833,0.13503709248443113,0.1915863972776963,0.27557509787692447,0.2679533048676086,0.3159915691717404,1303.5563430672378,7.12027370045782,4.970579518699975
avocado005.none,full,boot6,C19M29,C19,M29,H3K9me3,109061613,0.41844336005414157,0.09993816253813712,0.19216537318573532,0.43952388891146155,0.48411122327070377,0.47245912078569846,1287.3948322057074,8.262469799824805,15.966531453296328
avg.none,full,boot7,C19M29,C19,M29,H3K9me3,109047925,0.26227404194301285,0.19926526017905125,0.2589513306699001,0.27328346566160927,0.2604746528603389,0.32119768914635577,1262.5007734651997,6.670648764813718,3.9733422974047574
avocado.none,full,boot7,C19M29,C19,M29,H3K9me3,109047925,0.2863918109591013,0.12396846691671849,0.16441070688329748,0.27409164767516797,0.2691469915888603,0.3421527861482166,1274.9758361583142,7.166303692557436,5.1571349734435525
avocado005.none,full,boot7,C19M29,C19,M29,H3K9me3,109047925,0.4263581849220236,0.09588376216279705,0.17207581702174124,0.40331135106134297,0.4914724043376995,0.44568032754274883,1258.5067607859723,8.362364316182358,16.290775126530004
avg.none,full,boot8,C19M29,C19,M29,H3K9me3,109595897,0.2615226004443988,0.2061502037722271,0.27968171197338326,0.28713912236116845,0.2627571122923893,0.3217936063413987,1242.2795821593538,6.627473069447555,4.109914802866468
avocado.none,full,boot8,C19M29,C19,M29,H3K9me3,109595897,0.2761538239166535,0.13831127717712624,0.1956434037474144,0.270536655268184,0.2640154559079796,0.3407929798324908,1254.4974638658896,7.125954294695245,4.656904225747444
avocado005.none,full,boot8,C19M29,C19,M29,H3K9me3,109595897,0.4283869119078887,0.10091263687258377,0.19129199593479937,0.44092708828855953,0.49640507119643923,0.47545180068229026,1238.5569426674833,8.365767858627114,16.894812906861343
avg.none,full,boot9,C19M29,C19,M29,H3K9me3,109214154,0.2507482287455481,0.20116639115968765,0.26509435086713157,0.2838816887646854,0.2596260785240538,0.24302485344155722,409.1284093779814,5.816791060363912,3.4227231707359014
avocado.none,full,boot9,C19M29,C19,M29,H3K9me3,109214154,0.27548073713957993,0.1292486262460009,0.1736330446133474,0.2760785205029984,0.26851342812222584,0.27020816086183586,409.36062220254377,6.2896230605027466,4.9990644088616865
avocado005.none,full,boot9,C19M29,C19,M29,H3K9me3,109214154,0.4142290427589686,0.09747785793531463,0.17825555183391045,0.4411084843952522,0.49175117451658845,0.39468171066440666,411.17121856445505,7.5012189085896654,16.02704681653491
candi.none,common,all23,C19M29,C19,M29,H3K9me3,121240975,0.2264294104724028,0.17382199604727494,0.20521366433829502,0.22946217958272408,0.21837686599817027,0.27107304026150114,1173.0500564487807,7.8214703653192785,0.2534005498243587
candi.tcfloor,common,all23,C19M29,C19,M29,H3K9me3,121240975,0.228281713705945,0.2270275006518234,0.2828982082943506,0.23907839084364355,0.22413611285765211,0.281809434213483,1163.4722657721823,6.8134504011409,2.0114914141700715
avg.none,common,all23,C19M29,C19,M29,H3K9me3,121240975,0.2590641523117188,0.20371278010784993,0.27508096333842696,0.2813769905893314,0.25945823593631157,0.31425697101482686,1157.3103659510912,6.5439578606103534,3.9030144174509167
avocado.none,common,all23,C19M29,C19,M29,H3K9me3,121240975,0.28001041047220865,0.13337552127515206,0.18795196428626118,0.2723196394612144,0.2667500127320279,0.33436379691571066,1168.7134307545134,7.024861613578073,4.854802509662643
candi.none,common,boot0,C19M29,C19,M29,H3K9me3,109249991,0.22981960930190573,0.16533491191138877,0.19220631091742127,0.23089528475114127,0.22048045471648528,0.2810519402383514,913.8297484122991,7.973014511377205,0.25447907620763427
candi.tcfloor,common,boot0,C19M29,C19,M29,H3K9me3,109249991,0.23188832243249138,0.22207775733587834,0.27212638951568535,0.24196143327748681,0.2267492794353612,0.29292156862297786,903.1747442961343,6.9426979971653004,2.091551748769212
avg.none,common,boot0,C19M29,C19,M29,H3K9me3,109249991,0.2635535274261589,0.20054741286083932,0.2651541270852669,0.2873372028130731,0.2636633892153343,0.32787124096846054,896.7117226869227,6.674289737139118,4.056567696039044
avocado.none,common,boot0,C19M29,C19,M29,H3K9me3,109249991,0.28450450639469715,0.133359569415605,0.20268737098378853,0.27452460713354904,0.2711996373475548,0.3506082235554489,909.7097913205104,7.189010152359493,5.059343186289793
candi.none,common,boot1,C19M29,C19,M29,H3K9me3,109208574,0.22475098654817077,0.1787110571168029,0.21299714328299352,0.2253346763501992,0.21529471453522653,0.2800810753838428,1337.171035625924,7.888004482834517,0.25201307787257377
candi.tcfloor,common,boot1,C19M29,C19,M29,H3K9me3,109208574,0.22545701304354399,0.22743714747655108,0.2877433297487268,0.23411178357361798,0.2188786168339693,0.2904722459989186,1326.2629152117959,6.938225062381674,1.8660521923197486
avg.none,common,boot1,C19M29,C19,M29,H3K9me3,109208574,0.25233639873662816,0.20249310306065438,0.27944754006092654,0.27257522941688866,0.2465723668741378,0.32165274358975154,1319.1841264578193,6.65317686083244,3.4246852034469524
avocado.none,common,boot1,C19M29,C19,M29,H3K9me3,109208574,0.2815713351344737,0.12921801447403497,0.18896253091511828,0.2728023344196774,0.2673557340295791,0.3490693016870566,1332.2357514462983,7.138107835914566,5.012666791942266
candi.none,common,boot2,C19M29,C19,M29,H3K9me3,109027430,0.22780287976800714,0.17356717788635226,0.20575542623960236,0.23001027984035677,0.21837187146681605,0.2770127658049769,1283.5102655259593,8.002506029709066,0.2533177241096716
candi.tcfloor,common,boot2,C19M29,C19,M29,H3K9me3,109027430,0.2299404963597742,0.22729480286605025,0.2842893857328564,0.23849492588082952,0.22491977066332186,0.28809935196842545,1273.0339485998782,6.968336542976234,2.1044136169507652
avg.none,common,boot2,C19M29,C19,M29,H3K9me3,109027430,0.2617689786921223,0.2041552085916961,0.27656830530167126,0.2802615861952199,0.2623530856590587,0.32122243765872804,1266.2844423167323,6.700776720034243,4.0785786037139795
avocado.none,common,boot2,C19M29,C19,M29,H3K9me3,109027430,0.2839733474144447,0.13185471269975316,0.18641545340466342,0.27113853496242335,0.2693860680254068,0.34339847690416847,1278.7608001750984,7.207690153677289,5.0692405040280395
candi.none,common,boot3,C19M29,C19,M29,H3K9me3,109057846,0.22768009363598923,0.17424364993401395,0.20698215461851266,0.22927540943613037,0.21852571149408964,0.2758295288696,1291.5984599246374,7.997721228580531,0.25523119760617335
candi.tcfloor,common,boot3,C19M29,C19,M29,H3K9me3,109057846,0.229668790281649,0.2278171964964281,0.2848481334064698,0.23945353039650039,0.2246126065872467,0.2870683956792448,1281.0630907264579,6.963368302593209,2.0939216091786266
avg.none,common,boot3,C19M29,C19,M29,H3K9me3,109057846,0.26125632569158425,0.204564014386736,0.27675527101015673,0.28284733684165664,0.2607398411627576,0.320056923935802,1274.2721018726452,6.695433880734289,4.050498534454058
avocado.none,common,boot3,C19M29,C19,M29,H3K9me3,109057846,0.280092758089175,0.1346182057328793,0.18496096257501937,0.2723467754437232,0.26656519072834856,0.3413130278863092,1286.8181328676333,7.171339399644063,4.802399484905495
candi.none,common,boot4,C19M29,C19,M29,H3K9me3,108648504,0.22697934733571787,0.1796143992043611,0.21510583400202984,0.22960225105763263,0.21868705232225483,0.2786591529063633,1318.8690512131022,7.93414778168693,0.2554443147947789
candi.tcfloor,common,boot4,C19M29,C19,M29,H3K9me3,108648504,0.22834340529728867,0.23125294355124582,0.2917352487290972,0.23831300358640314,0.22253723719108057,0.289676604263063,1308.097816726962,6.919519537445146,2.048062425688021
avg.none,common,boot4,C19M29,C19,M29,H3K9me3,108648504,0.25865929344277233,0.20680131742858232,0.2833181122628401,0.2789862692064127,0.2550473435648276,0.32273385883649114,1301.1449199780723,6.649373999061887,3.9119821715343646
avocado.none,common,boot4,C19M29,C19,M29,H3K9me3,108648504,0.2649584997268673,0.14531236733821062,0.19606961854562174,0.2599065168163595,0.2514487968722263,0.33995567235000246,1313.913113965814,7.12362949144694,3.6234857686508626
candi.none,common,boot5,C19M29,C19,M29,H3K9me3,109056922,0.22712573002064748,0.1802822004354495,0.21590814058230856,0.2306583867277407,0.2197638470826787,0.27961948535160497,1300.4488320876123,7.920766070632994,0.2550400782369327
candi.tcfloor,common,boot5,C19M29,C19,M29,H3K9me3,109056922,0.22883353553584043,0.2314370585057427,0.2926878439523272,0.24103677720604413,0.2259101602740709,0.29057864450137133,1289.8230973619368,6.900837096309474,2.0821649975687646
avg.none,common,boot5,C19M29,C19,M29,H3K9me3,109056922,0.2599980696346296,0.20687973028729997,0.28433633586628576,0.2851540421447673,0.26279855651622913,0.32375477502765304,1282.968208309292,6.635940492698721,4.0188209271805935
avocado.none,common,boot5,C19M29,C19,M29,H3K9me3,109056922,0.28476059650444396,0.13536394376374522,0.19552294552069777,0.27629459535754114,0.27178232360798127,0.34950594281513814,1295.6279758490846,7.075704030175039,5.173914587047826
candi.none,common,boot6,C19M29,C19,M29,H3K9me3,109061592,0.2265444591431824,0.1785258157224306,0.21332141880250668,0.23000242754069353,0.21869853224221933,0.27941423632407697,1308.9201366621558,7.93045408629509,0.25401274966866283
candi.tcfloor,common,boot6,C19M29,C19,M29,H3K9me3,109061592,0.22818774911798614,0.22948335326141428,0.2893085427729094,0.2396988232228302,0.22459948617836678,0.2883602584165859,1298.2280017360563,6.924704101191305,2.064818332495877
avg.none,common,boot6,C19M29,C19,M29,H3K9me3,109061592,0.2585246475376989,0.20509218343771624,0.28093486123589606,0.282167050834763,0.2602858488918876,0.31827231603684797,1291.3239864077966,6.658559610897363,3.951716976910421
avocado.none,common,boot6,C19M29,C19,M29,H3K9me3,109061592,0.28217713737305855,0.1350369663277428,0.1915859437183921,0.27557509787692447,0.2679533048676086,0.3159915691717404,1303.5563430672378,7.12027370045782,4.970579518699975
candi.none,common,boot7,C19M29,C19,M29,H3K9me3,109047905,0.22886176310376277,0.16108049358761975,0.18574068989877748,0.22864805848641642,0.21795520665675924,0.27856095420556026,1279.7082723386038,7.963584990425625,0.2520293452611705
candi.tcfloor,common,boot7,C19M29,C19,M29,H3K9me3,109047905,0.23100208314761927,0.2199580449705071,0.26574324190470094,0.23604490781111864,0.22422040530250234,0.2888631591309576,1269.2543762053178,6.9391478969893745,2.056093476171498
avg.none,common,boot7,C19M29,C19,M29,H3K9me3,109047905,0.2622740900455494,0.19926512824293077,0.25895092239088213,0.27328346566160927,0.2604746528603389,0.32119768914635577,1262.5007734651997,6.670648764813718,3.9733422974047574
avocado.none,common,boot7,C19M29,C19,M29,H3K9me3,109047905,0.2863918624589228,0.1239683434162793,0.16441025692244862,0.27409164767516797,0.2691469915888603,0.3421527861482166,1274.9758361583142,7.166303692557436,5.1571349734435525
candi.none,common,boot8,C19M29,C19,M29,H3K9me3,109595876,0.2269328176584802,0.17655943925711232,0.21013625521319254,0.23086425743904135,0.21930606471346098,0.27755533165983276,1259.1760946180816,7.93655284270709,0.2536049951804711
candi.tcfloor,common,boot8,C19M29,C19,M29,H3K9me3,109595876,0.22921495383984258,0.22965778047455118,0.28781021149609515,0.2416387527572514,0.22558645580962092,0.28858191345228895,1248.8982552353264,6.895672885318254,2.1185852246114503
avg.none,common,boot8,C19M29,C19,M29,H3K9me3,109595876,0.26152265055554175,0.20615007172795027,0.2796812971816224,0.28713912236116845,0.2627571122923893,0.3217936063413987,1242.2795821593538,6.627473069447555,4.109914802866468
avocado.none,common,boot8,C19M29,C19,M29,H3K9me3,109595876,0.2761538758044903,0.13831114943377507,0.19564295361743392,0.270536655268184,0.2640154559079796,0.3407929798324908,1254.4974638658896,7.125954294695245,4.656904225747444
candi.none,common,boot9,C19M29,C19,M29,H3K9me3,109214135,0.21780531128257147,0.16911298726456842,0.19339946921120324,0.22923202899670111,0.21663006948603514,0.2020399321226479,409.4464160828853,7.074387717954816,0.2480919527797969
candi.tcfloor,common,boot9,C19M29,C19,M29,H3K9me3,109214135,0.22028614195046003,0.22368597110306312,0.2721840841975289,0.23994738806818344,0.2232349653431217,0.21254062600180124,409.3822271346472,6.098660880596969,1.5868163247190092
avg.none,common,boot9,C19M29,C19,M29,H3K9me3,109214135,0.25074827236825636,0.20116626331468535,0.265093966767213,0.2838816887646854,0.2596260785240538,0.24302485344155722,409.12840937798137,5.816791060363912,3.4227231707359014
avocado.none,common,boot9,C19M29,C19,M29,H3K9me3,109214135,0.2754807841362178,0.1292485117844065,0.17363262599504295,0.2760785205029984,0.26851342812222584,0.27020816086183586,409.36062220254377,6.2896230605027466,4.9990644088616865
avg.none,full,all23,C22M16,C22,M16,H3K27ac,121240998,194.6832564690253,0.4487675913923645,0.2695773805780878,2126.656160550237,311.03514540818236,1978.9171845241287,337043.9075431292,18930.93722174467,13642.596048300185
avocado.none,full,all23,C22M16,C22,M16,H3K27ac,121240998,203.99937607219616,0.5185780862370959,0.16022139828298465,2315.882874449321,328.2356107898734,2068.3776120858556,355606.226162327,20361.103208074543,17280.537170146217
avocado005.none,full,all23,C22M16,C22,M16,H3K27ac,121240998,211.37183427678306,0.48447937087622206,0.15524313078980304,2421.362024680651,341.9875734735523,2089.394513592407,360770.52181679814,21072.852386634117,16539.38980883082
avg.none,full,boot0,C22M16,C22,M16,H3K27ac,109250012,189.22444364826882,0.44104851757125096,0.255961434244646,2043.4107542032468,304.2090260888951,1840.0592080145045,300498.13236725994,18388.519417213596,13083.882923208648
avocado.none,full,boot0,C22M16,C22,M16,H3K27ac,109250012,196.77124285801625,0.5173419781187525,0.15665543226977274,2210.4933163302007,318.64040997773503,1903.0594448083255,310928.91874173284,19639.933846991848,16589.678729766543
avocado005.none,full,boot0,C22M16,C22,M16,H3K27ac,109250012,205.01381375359333,0.4805042269720073,0.14923231257647937,2328.4498174339933,333.90119282629007,1933.2634001465144,322279.81623877125,20439.88205778768,15969.620407777256
avg.none,full,boot1,C22M16,C22,M16,H3K27ac,109208595,186.32031698249025,0.43683849226384,0.2744476865958974,2030.279114543096,303.12114205164505,1976.647611352845,342188.41672527074,18093.35310791646,12817.805089666728
avocado.none,full,boot1,C22M16,C22,M16,H3K27ac,109208595,195.034099386277,0.5065957004463265,0.15327496419262807,2210.3272849274636,320.0678475822547,2058.0689112706264,362072.25006236095,19467.775673834738,16473.411442622404
avocado005.none,full,boot1,C22M16,C22,M16,H3K27ac,109208595,201.66289505960984,0.47769485456745125,0.15472289812072623,2311.942323462964,332.6377063732555,2069.1424559888674,365293.035662193,20104.986384727734,15662.699287085006
avg.none,full,boot2,C22M16,C22,M16,H3K27ac,109027451,199.58997919776812,0.45214170607412385,0.2704840492460482,2160.55241069858,321.47138902825515,2015.1379526155388,351142.0754107004,19431.5340279606,13947.541510540197
avocado.none,full,boot2,C22M16,C22,M16,H3K27ac,109027451,211.08917768588236,0.5488868633343278,0.16303990873660557,2378.2555762868847,342.4405446668429,2120.583110063388,371780.29509713524,21069.74708371595,17886.74428528336
avocado005.none,full,boot2,C22M16,C22,M16,H3K27ac,109027451,216.75705814339625,0.4840433940056922,0.15539135818563088,2458.943379089565,353.28714799975563,2135.9568173744924,375620.2601355516,21610.43512428228,16790.26858022476
avg.none,full,boot3,C22M16,C22,M16,H3K27ac,109057867,204.0887698960383,0.4470016256163678,0.2733707815756311,2150.74878451015,321.2313814982375,1996.216295872217,349401.20544559194,19834.122041263257,14223.566727198497
avocado.none,full,boot3,C22M16,C22,M16,H3K27ac,109057867,213.68313909392987,0.5202681194482488,0.1578779395384197,2339.711564817547,338.5118454561744,2084.651728230549,368548.6318670918,21325.095289603443,18020.80079700626
avocado005.none,full,boot3,C22M16,C22,M16,H3K27ac,109057867,221.49813310756244,0.48408501282274496,0.15933197784492917,2447.051133389701,352.978790258091,2105.1408749412,373817.1718838493,22080.09048410526,17168.92993236574
avg.none,full,boot4,C22M16,C22,M16,H3K27ac,108648525,197.9296676293437,0.4494852382494663,0.27796273670246,2161.4543245492155,314.043716619557,2038.9850559902295,357775.52403209225,19265.260583224874,13782.715155394724
avocado.none,full,boot4,C22M16,C22,M16,H3K27ac,108648525,207.85257215832718,0.5105563792240584,0.16028209609517144,2356.869444496203,332.16805820054805,2138.7305717830686,377900.667365756,20746.37738543522,17589.029952996232
avocado005.none,full,boot4,C22M16,C22,M16,H3K27ac,108648525,214.77467129787942,0.4831806746190047,0.15734327629038303,2457.5627985372607,345.02124623593005,2157.111195298149,382374.72944095585,21412.20458302763,16705.914676731078
avg.none,full,boot5,C22M16,C22,M16,H3K27ac,109056943,197.4359884713432,0.44528050439620315,0.27929731669328056,2122.5798930028086,318.4025566529604,2058.520129041558,361207.95655258786,19200.720543684507,13827.742749387917
avocado.none,full,boot5,C22M16,C22,M16,H3K27ac,109056943,205.24550322741985,0.5247661554382034,0.15676131840363294,2288.48722579604,333.1329658954406,2146.696124539629,379632.6590778185,20485.119720751623,17349.51690331733
avocado005.none,full,boot5,C22M16,C22,M16,H3K27ac,109056943,213.9095822165516,0.48424850183920604,0.1576892944316651,2411.3064649791645,349.1021372069138,2171.2604649263976,385949.1170457804,21326.975721298695,16754.117405522786
avg.none,full,boot6,C22M16,C22,M16,H3K27ac,109061613,191.68269837203601,0.4572822085141403,0.27789333585473386,2161.6148968746656,306.95606217693125,1852.7430089611553,290710.8558006906,18611.70451756735,14040.82440493598
avocado.none,full,boot6,C22M16,C22,M16,H3K27ac,109061613,201.24885107554945,0.5247129080185728,0.17002390397507802,2352.421672285246,324.7317337823104,1950.1637898190788,309987.29505618353,20084.161233044808,17097.97464370693
avocado005.none,full,boot6,C22M16,C22,M16,H3K27ac,109061613,208.87708217621193,0.4936777571789185,0.15997697087206977,2460.154995429719,339.11873459238484,1968.845956731089,315091.05653885804,20821.20831407486,16611.42839426632
avg.none,full,boot7,C22M16,C22,M16,H3K27ac,109047925,197.22044410162025,0.46504896448579697,0.25152130197027195,2191.365742938839,315.2573601860173,2056.7825617827207,335724.7479243642,19246.792067433114,13848.395261961212
avocado.none,full,boot7,C22M16,C22,M16,H3K27ac,109047925,206.92050868554315,0.5151003143417336,0.14893567175197764,2383.303933161291,332.58895818427413,2153.1057732091963,353139.4448725169,20653.61453448978,17564.71397242426
avocado005.none,full,boot7,C22M16,C22,M16,H3K27ac,109047925,214.80501567573407,0.48690952204476495,0.14987104582091085,2495.9359848506797,347.4627881583474,2175.4669873316334,358438.8796878782,21417.25688159191,16833.07296120129
avg.none,full,boot8,C22M16,C22,M16,H3K27ac,109595897,196.24915474119757,0.44610235150990635,0.2744033163151615,2142.743661716523,312.14242192696054,1921.250024053184,337516.5429099314,19062.71466511063,13774.952688518306
avocado.none,full,boot8,C22M16,C22,M16,H3K27ac,109595897,205.89553612135015,0.5134788760917635,0.16460197656305073,2343.2217102761037,330.0066622595929,2006.955053227743,357362.2098955953,20549.130371076004,17491.77777715398
avocado005.none,full,boot8,C22M16,C22,M16,H3K27ac,109595897,213.13462697841112,0.4832925101196067,0.15788951558086234,2440.458032515109,343.30610603666383,2031.945357859786,360526.9901810798,21246.862954353837,16355.286617243908
avg.none,full,boot9,C22M16,C22,M16,H3K27ac,109214154,187.12928911104422,0.4482130156042247,0.25976696092636165,2095.7803244922147,293.23154551315207,2035.6204323472166,340977.0362387307,18177.687402208103,13090.532414917185
avocado.none,full,boot9,C22M16,C22,M16,H3K27ac,109214154,196.29675142011916,0.5144034815993245,0.17069857055001128,2289.256064134288,309.82094627860397,2124.2051582554195,360516.54094414844,19593.63105298714,16724.272202988737
avocado005.none,full,boot9,C22M16,C22,M16,H3K27ac,109214154,203.32761067237786,0.4869441098888626,0.150847328849118,2395.4433027785985,322.7476320940967,2148.2284536295283,364739.3138819266,20271.927681910875,15901.076533278192
candi.none,common,all23,C22M16,C22,M16,H3K27ac,121240975,191.87272537486524,0.4885417815509502,0.2890916404759949,2195.2208082457355,308.87444866393514,1873.9128061160482,360555.8203832015,18934.378473743203,17011.648994902484
candi.tcfloor,common,all23,C22M16,C22,M16,H3K27ac,121240975,191.41194341206977,0.5422282742153234,0.29585935591209117,2168.92663176339,307.7115043332375,1892.4946025172364,353454.8569470694,18949.585220625995,16686.41588915096
avg.none,common,all23,C22M16,C22,M16,H3K27ac,121240975,194.68329340138175,0.448767590746902,0.2695769638491285,2126.656160550237,311.03514540818236,1978.9171845241287,337043.9075431292,18930.93722174467,13642.596048300185
avocado.none,common,all23,C22M16,C22,M16,H3K27ac,121240975,203.99941477159004,0.5185780857867522,0.16022092045643255,2315.882874449321,328.2356107898734,2068.3776120858556,355606.226162327,20361.103208074543,17280.537170146217
candi.none,common,boot0,C22M16,C22,M16,H3K27ac,109249991,186.01932378655277,0.48742544383471154,0.27572699854002664,2105.056441677806,301.49740258345275,1722.889138651845,317097.1412925702,18357.870207887227,16536.45357183606
candi.tcfloor,common,boot0,C22M16,C22,M16,H3K27ac,109249991,185.68153761341406,0.5394933295289085,0.28216662871766973,2080.9105558168862,300.502513888301,1745.1945398168737,312237.65656898427,18382.016479337082,16165.483685652784
avg.none,common,boot0,C22M16,C22,M16,H3K27ac,109249991,189.22448002093375,0.44104851689662045,0.25596100422249474,2043.4107542032468,304.2090260888951,1840.0592080145045,300498.13236725994,18388.536183015938,13083.741064736769
avocado.none,common,boot0,C22M16,C22,M16,H3K27ac,109249991,196.77128068110275,0.517341977629996,0.1566549461710708,2210.4933163302007,318.64040997773503,1903.0594448083255,310928.91874173284,19639.95175473793,16589.693912464034
candi.none,common,boot1,C22M16,C22,M16,H3K27ac,109208574,183.320737161867,0.4848344425298597,0.29414410001432706,2095.4604961444693,300.8470248428088,1867.2820507511626,365435.7915510088,18092.76748763897,16276.049544823609
candi.tcfloor,common,boot1,C22M16,C22,M16,H3K27ac,109208574,182.90817012028828,0.5362906090345109,0.3005921661706401,2070.147450276255,299.67688236171716,1886.5547997116835,358400.2036032741,18106.169658757786,15915.325107600253
avg.none,common,boot1,C22M16,C22,M16,H3K27ac,109208574,186.3203528105074,0.43683849157979227,0.2744472668862022,2030.279114543096,303.12114205164505,1976.647611352845,342188.41672527074,18093.35310791646,12817.805089666728
avocado.none,common,boot1,C22M16,C22,M16,H3K27ac,109208574,195.0341368896144,0.5065956999668209,0.15327447569845762,2210.3272849274636,320.0678475822547,2058.0689112706264,362072.25006236095,19467.775673834738,16473.411442622404
candi.none,common,boot2,C22M16,C22,M16,H3K27ac,109027430,196.8192672935448,0.48697166426253585,0.2896457193230903,2231.254052846201,319.2243069878771,1911.0336884088852,375604.73918780696,19418.32745000185,17429.818279381983
candi.tcfloor,common,boot2,C22M16,C22,M16,H3K27ac,109027430,196.3504431480784,0.5417043681461366,0.2966507774317683,2204.290746749793,318.09110817826365,1930.2973846387738,368212.1591742877,19439.387735842112,17141.431222181596
avg.none,common,boot2,C22M16,C22,M16,H3K27ac,109027430,199.59001764120907,0.4521417054391903,0.27048362663892184,2160.55241069858,321.47138902825515,2015.1379526155388,351142.0754107004,19431.5340279606,13947.541510540197
avocado.none,common,boot2,C22M16,C22,M16,H3K27ac,109027430,211.0892183439081,0.5488868632196422,0.1630394251500762,2378.2555762868847,342.4405446668429,2120.583110063388,371780.29509713524,21069.74708371595,17886.74428528336
candi.none,common,boot3,C22M16,C22,M16,H3K27ac,109057846,200.99633665861177,0.48751173841216944,0.2939009872447313,2219.0169372220007,318.71626155286975,1885.1481339517,373715.742265951,19822.601237587907,17717.715009675554
candi.tcfloor,common,boot3,C22M16,C22,M16,H3K27ac,109057846,200.5186692071492,0.5411601018015361,0.3001691749180474,2192.4787938815048,317.54397999398276,1905.0749389101823,366370.1872112719,19843.957949190117,17415.8076525908
avg.none,common,boot3,C22M16,C22,M16,H3K27ac,109057846,204.08880919503716,0.44700162493139606,0.2733703606830073,2150.74878451015,321.2313814982375,1996.216295872217,349401.20544559194,19834.122041263257,14223.566727198497
avocado.none,common,boot3,C22M16,C22,M16,H3K27ac,109057846,213.68318024010526,0.5202681189702998,0.15787745313616006,2339.711564817547,338.5118454561744,2084.651728230549,368548.6318670918,21325.095289603443,18020.80079700626
candi.none,common,boot4,C22M16,C22,M16,H3K27ac,108648504,194.9381493488342,0.4865179966539913,0.2950691400761729,2226.7386114552824,311.26328333481916,1933.100311058774,382110.1656335827,19232.048087590432,17251.316392935387
candi.tcfloor,common,boot4,C22M16,C22,M16,H3K27ac,108648504,194.54470165354257,0.54062633344536,0.3029472306784519,2201.5589118515877,310.3150208590223,1952.2025174852292,374774.01211187895,19259.672548597973,16956.12092354562
avg.none,common,boot4,C22M16,C22,M16,H3K27ac,108648504,197.92970588594977,0.4494852375955828,0.27796231699573665,2161.4543245492155,314.043716619557,2038.9850559902295,357775.52403209225,19265.260583224874,13782.715155394724
avocado.none,common,boot4,C22M16,C22,M16,H3K27ac,108648504,207.85261233256372,0.5105563787426342,0.16028160941778857,2356.869444496203,332.16805820054805,2138.7305717830686,377900.667365756,20746.37738543522,17589.029952996232
candi.none,common,boot5,C22M16,C22,M16,H3K27ac,109056922,194.31723119003357,0.48654973246301647,0.29745545948803315,2188.7507370594185,315.49118867814593,1946.3147169483518,386019.9816403142,19174.162213841486,17260.20675586141
candi.tcfloor,common,boot5,C22M16,C22,M16,H3K27ac,109056922,193.93110334772126,0.5399341191860619,0.3050480976240631,2163.094311459318,314.5085677817679,1966.9502354152621,378529.38617993647,19199.012250151878,16959.13673730402
avg.none,common,boot5,C22M16,C22,M16,H3K27ac,109056922,197.4360264896155,0.4452805037323936,0.27929689923894746,2122.5798930028086,318.4025566529604,2058.520129041558,361207.95655258786,19200.720543684507,13827.742749387917
avocado.none,common,boot5,C22M16,C22,M16,H3K27ac,109056922,205.24554274919188,0.5247661549755916,0.1567608314320258,2288.48722579604,333.1329658954406,2146.696124539629,379632.6590778185,20485.119720751623,17349.51690331733
candi.none,common,boot6,C22M16,C22,M16,H3K27ac,109061592,189.16935801623404,0.499804516648503,0.2993577244979601,2229.584088872083,305.32983989326306,1772.8039526496575,318508.5608632997,18686.187289275604,16745.9222192761
candi.tcfloor,common,boot6,C22M16,C22,M16,H3K27ac,109061592,188.63650783259124,0.5531558959044462,0.30556166943896906,2203.4161476740246,304.0156188689406,1783.0585212614799,309958.6943355382,18678.87084291689,16368.967439237504
avg.none,common,boot6,C22M16,C22,M16,H3K27ac,109061592,191.68273528087437,0.4572822078455801,0.2778929175697589,2161.6148968746656,306.95606217693125,1852.7430089611553,290710.8558006906,18611.72152478063,14040.837171857986
avocado.none,common,boot6,C22M16,C22,M16,H3K27ac,109061592,201.2488898260785,0.5247129075258478,0.17002342459602685,2352.421672285246,324.7317337823104,1950.1637898190788,309987.29505618353,20084.17962818155,17097.990024585448
candi.none,common,boot7,C22M16,C22,M16,H3K27ac,109047905,194.94915482293132,0.48903236197289546,0.27026927970750786,2262.206790851427,313.88931787584823,1952.8335908726908,356815.3841859135,19241.11081781047,17335.839106946132
candi.tcfloor,common,boot7,C22M16,C22,M16,H3K27ac,109047905,194.48031014054993,0.5453090665478043,0.27716147618799974,2235.6292421902863,312.72886492139037,1972.4033749774005,350517.3528149643,19262.830696187746,17050.164885453727
avg.none,common,boot7,C22M16,C22,M16,H3K27ac,109047905,197.22048027296054,0.46504896396553325,0.2515208893156726,2191.365742938839,315.2573601860173,2056.7825617827207,335724.7479243642,19246.792067433114,13848.395261961212
avocado.none,common,boot7,C22M16,C22,M16,H3K27ac,109047905,206.92054663574163,0.5151003139046186,0.14893520341457261,2383.303933161291,332.58895818427413,2153.1057732091963,353139.4448725169,20653.61453448978,17564.71397242426
candi.none,common,boot8,C22M16,C22,M16,H3K27ac,109595876,193.4348464944012,0.4883593155541825,0.29560787598249094,2214.6301093802795,310.25842021098225,1820.7282279350122,360763.8553630095,19081.279589840527,17109.727612791226
candi.tcfloor,common,boot8,C22M16,C22,M16,H3K27ac,109595876,192.91285950029098,0.5417491649034526,0.30162693260984613,2187.279399682969,308.95181235628354,1837.818035795681,353725.3297117724,19092.217021683784,16792.690969549996
avg.none,common,boot8,C22M16,C22,M16,H3K27ac,109595876,196.24919234509656,0.4461023508354637,0.27440289816694996,2142.743661716523,312.14242192696054,1921.250024053184,337516.5429099314,19062.71466511063,13774.952688518306
avocado.none,common,boot8,C22M16,C22,M16,H3K27ac,109595876,205.89557557332668,0.5134788756039362,0.1646014966113035,2343.2217102761037,330.0066622595929,2006.955053227743,357362.2098955953,20549.130371076004,17491.77777715398
candi.none,common,boot9,C22M16,C22,M16,H3K27ac,109214135,184.8006891553598,0.48845383825273536,0.27899017508007773,2173.614050379042,291.93858902519975,1929.4672197907287,365312.6771047589,18240.173217936015,16444.034549680167
candi.tcfloor,common,boot9,C22M16,C22,M16,H3K27ac,109214135,184.1934530948391,0.5426969089248747,0.28597441971061677,2144.5395658483185,290.49473271166676,1947.9675020186362,357933.87829442066,18234.81922860135,16087.536152845401
avg.none,common,boot9,C22M16,C22,M16,H3K27ac,109214135,187.1293216659557,0.44821301501372096,0.25976657369806694,2095.7803244922147,293.23154551315207,2035.6204323472166,340977.0362387307,18177.687402208103,13090.532414917185
avocado.none,common,boot9,C22M16,C22,M16,H3K27ac,109214135,196.29678556961608,0.5144034811734639,0.17069813781206555,2289.256064134288,309.82094627860397,2124.2051582554195,360516.54094414844,19593.63105298714,16724.272202988737
avg.none,full,all23,C22M17,C22,M17,H3K27me3,121240998,0.545462713829207,0.30238215258480394,0.30070594618480184,1.4671813596548193,0.6125542694077143,1.573293894925156,16.7899400949891,14.304952624839157,17.925633602321795
avocado.none,full,all23,C22M17,C22,M17,H3K27me3,121240998,0.46654166184080337,0.20998663712763738,0.2356968321704501,1.2307948753019555,0.5144141037737258,1.2524105464348028,10.525830197344321,16.026202783713774,8.986665883950618
avocado005.none,full,all23,C22M17,C22,M17,H3K27me3,121240998,41.68840016001089,0.05380644960325754,0.2450169558049578,565.0874119403877,24.45570329992023,162.84348514681278,1167.671496553708,261.80271389660294,3987.6802387022535
avg.none,full,boot0,C22M17,C22,M17,H3K27me3,109250012,0.5410735155023226,0.29875278655084825,0.2878235341915893,1.4732542383091758,0.6069599900170498,1.5664733212003976,17.229856712992973,14.341542382222958,17.757697240582075
avocado.none,full,boot0,C22M17,C22,M17,H3K27me3,109250012,0.45539482408658444,0.2133935223317207,0.22399624517788808,1.0481114189245515,0.4949076982828582,1.2266049118937596,9.173789122529312,15.40831949833456,7.902840006253101
avocado005.none,full,boot0,C22M17,C22,M17,H3K27me3,109250012,42.963421050473045,0.05083278051536529,0.23452126682651595,618.8350780004071,23.57233231230989,129.54358699434934,1220.439175721928,257.2526102910602,4194.044565457942
avg.none,full,boot1,C22M17,C22,M17,H3K27me3,109208595,0.5388326021542795,0.2984773588523846,0.3062780333270831,1.4605786825093359,0.608025516378164,1.5833865729283234,17.208396449714858,14.20851966196572,17.54444135759352
avocado.none,full,boot1,C22M17,C22,M17,H3K27me3,109208595,0.452622969917306,0.2110613838890709,0.2497018146514805,1.2292101179901143,0.5028617432427298,1.141927268755166,10.527346898880635,16.13342416256411,8.130719510440366
avocado005.none,full,boot1,C22M17,C22,M17,H3K27me3,109208595,43.62860859728649,0.052258375968395596,0.2492146516372814,637.4768795792755,23.173965726308104,179.23190326434425,1293.3034985796462,243.7323295881848,4182.991912371464
avg.none,full,boot2,C22M17,C22,M17,H3K27me3,109027451,0.5560751722679346,0.30598243839454253,0.3023655929657363,1.500365895579998,0.6241301255219253,1.6164934466888634,17.251220439108412,14.50539782734104,18.617274397567385
avocado.none,full,boot2,C22M17,C22,M17,H3K27me3,109027451,0.4741115965042326,0.21139250823128614,0.23917028077924063,1.2766779555743604,0.5245280568009126,1.2937253148909893,11.083254080923044,16.350070198105616,9.540990701761347
avocado005.none,full,boot2,C22M17,C22,M17,H3K27me3,109027451,42.61076946784368,0.054701020530781914,0.246397463560443,618.9689217698033,25.712363819889056,177.44390129126774,1206.2793327598226,274.01528853172385,4082.617254717605
avg.none,full,boot3,C22M17,C22,M17,H3K27me3,109057867,0.5547150788030304,0.30440251124771406,0.30431693196752074,1.4736188934134655,0.6206029753242003,1.558910402882443,17.307631480219683,14.369044352997363,18.431486283947375
avocado.none,full,boot3,C22M17,C22,M17,H3K27me3,109057867,0.46386230630675424,0.2143045054205692,0.23757586866216224,1.188110551130143,0.5067775720639736,1.1445087830039933,10.36024887308396,16.09381428032376,8.5339240994129
avocado005.none,full,boot3,C22M17,C22,M17,H3K27me3,109057867,44.23317292124285,0.05381171562037583,0.24775300181830004,590.699309295934,25.107155196222887,173.00727059597367,1260.2527137760374,259.4490827224688,4329.348329045949
avg.none,full,boot4,C22M17,C22,M17,H3K27me3,108648525,0.547641906353296,0.3045847791587905,0.3084437575900021,1.4427738341241965,0.6138063163435645,1.5899716735065315,16.497686153141938,14.465229205525695,17.712308744229105
avocado.none,full,boot4,C22M17,C22,M17,H3K27me3,108648525,0.4778519945445656,0.2094402183739993,0.23818449797538255,1.2835351386368763,0.5272399338956388,1.3120172748832724,11.450906422946002,16.363304042278962,9.613829479587453
avocado005.none,full,boot4,C22M17,C22,M17,H3K27me3,108648525,44.34887746936499,0.052376348198293926,0.2512733996490939,613.3445876675183,24.55210534381276,152.34063742407736,1242.5860760818625,236.14981347873817,4322.384085924722
avg.none,full,boot5,C22M17,C22,M17,H3K27me3,109056943,0.541266289673427,0.30352791015499836,0.3094893912435027,1.4582885885027348,0.6160255544269853,1.5709231636004373,16.831002458037805,14.276327192452678,17.708309973668367
avocado.none,full,boot5,C22M17,C22,M17,H3K27me3,109056943,0.47115400061013435,0.20741362608847352,0.23770466261586068,1.2656794646000884,0.5249142904997064,1.32277586182013,11.088824712206943,16.208257079376907,9.49813665690198
avocado005.none,full,boot5,C22M17,C22,M17,H3K27me3,109056943,44.01113043318043,0.05252571937797713,0.2518322113580227,611.6539779451601,25.370262147606525,175.55975415073078,1273.331280465321,272.1290234078193,4260.255127263833
avg.none,full,boot6,C22M17,C22,M17,H3K27me3,109061613,0.5429701793932715,0.30364510623935054,0.30735905497477645,1.4371320923784812,0.6118691370972256,1.5654717414293824,16.976964661362732,14.244242365653067,17.839157302807894
avocado.none,full,boot6,C22M17,C22,M17,H3K27me3,109061613,0.4584352563288437,0.21177137376650856,0.24233677188724076,1.178168688133542,0.5094804015455174,1.2448918543217056,10.30280774432802,15.863879460334042,8.435580330296814
avocado005.none,full,boot6,C22M17,C22,M17,H3K27me3,109061613,23.98213003757826,0.07168994979214832,0.25020834829092387,75.73261333069478,25.852656193109908,175.18670594171135,361.2303744187458,275.75751085868154,2294.163225831646
avg.none,full,boot7,C22M17,C22,M17,H3K27me3,109047925,0.543702848376469,0.29782987391300964,0.28340609383154525,1.4709617382850018,0.6069715789649086,1.551208606991023,16.104064868399355,14.3141191437904,17.62715465122683
avocado.none,full,boot7,C22M17,C22,M17,H3K27me3,109047925,0.4725930717570085,0.20637371866076584,0.22502999584556715,1.2712493397904348,0.518627768602497,1.2874621003682079,11.002801181422427,16.11876418322406,9.32990157479835
avocado005.none,full,boot7,C22M17,C22,M17,H3K27me3,109047925,43.60377357074458,0.05080567466031562,0.2307046203207718,622.8275012353112,23.528415858740253,115.0991089323084,1289.3908294018802,257.3935617785282,4211.453113847407
avg.none,full,boot8,C22M17,C22,M17,H3K27me3,109595897,0.55232387908985,0.30712906396130335,0.30437489706675014,1.4972539195271592,0.6159950438484703,1.5768889517805769,17.65183997642717,14.526647433885115,18.638782007618154
avocado.none,full,boot8,C22M17,C22,M17,H3K27me3,109595897,0.4719543947144717,0.20966618025647454,0.23879406448794346,1.2870057290946595,0.519038474005503,1.279342296689019,11.219121977089433,16.369024597475033,9.540497407306855
avocado005.none,full,boot8,C22M17,C22,M17,H3K27me3,109595897,42.95936788968481,0.05430622881882254,0.2498800851603202,624.4164201986644,22.185404877267448,171.89506534985438,1259.2656285616094,279.19104924585895,4137.790106987238
avg.none,full,boot9,C22M17,C22,M17,H3K27me3,109214154,0.5360332560566299,0.29927041077431044,0.2924429760861337,1.4569233530189998,0.6010074747641401,1.5528580741499471,14.76974189118016,14.15089854175225,17.352626309284663
avocado.none,full,boot9,C22M17,C22,M17,H3K27me3,109214154,0.4674924469037295,0.20654709827522322,0.22496009892785396,1.2799128872536634,0.5159071859555292,1.2733799595610606,9.061725815538646,15.816484340575574,9.327840206941607
avocado005.none,full,boot9,C22M17,C22,M17,H3K27me3,109214154,44.538513232283485,0.05109659893211342,0.23787216701765543,644.6041881038119,25.548289849028226,178.2631935066105,1281.0591224518319,271.63639968531265,4350.436309588525
candi.none,common,all23,C22M17,C22,M17,H3K27me3,121240975,0.40787267090335844,0.2129473017840456,0.27414520803358833,0.9252285536305225,0.44524577032218127,0.9352168718073948,8.907736937675493,17.4944530296391,2.912872062418523
candi.tcfloor,common,all23,C22M17,C22,M17,H3K27me3,121240975,0.3836426602682552,0.3204505470037591,0.30726939465436953,0.7428471120402802,0.4131629378354491,0.7362633611645091,6.270499963255376,13.32498708064402,4.556212036584445
avg.none,common,all23,C22M17,C22,M17,H3K27me3,121240975,0.5454628173061249,0.3023821053026111,0.3007055475400731,1.4671813596548193,0.6125542694077143,1.573293894925156,16.7899400949891,14.304952624839157,17.925633602321795
avocado.none,common,all23,C22M17,C22,M17,H3K27me3,121240975,0.46654175006336607,0.20998657537666507,0.23569639828732009,1.2307948753019555,0.5144141037737258,1.2524105464348028,10.525830197344321,16.026202783713774,8.986665883950618
candi.none,common,boot0,C22M17,C22,M17,H3K27me3,109249991,0.4064414456841929,0.20588826341427846,0.26062734027239093,0.9169864028205996,0.4426096718080394,0.926780746944058,9.150610504022266,17.394789854850885,2.866048739320573
candi.tcfloor,common,boot0,C22M17,C22,M17,H3K27me3,109249991,0.38266910913288127,0.31565623464777215,0.29378111772226123,0.7382978503294191,0.41082437360725593,0.7299556643121571,6.447943594939126,13.290067256720496,4.517469590724639
avg.none,common,boot0,C22M17,C22,M17,H3K27me3,109249991,0.541073619507309,0.2987527379412341,0.2878231229094115,1.4732542383091758,0.6069599900170498,1.5664733212003976,17.229856712992973,14.341542382222958,17.7577106369494
avocado.none,common,boot0,C22M17,C22,M17,H3K27me3,109249991,0.45539491143615335,0.21339345794048425,0.22399579879664738,1.0481114189245515,0.4949076982828582,1.2266049118937596,9.173789122529312,15.40831949833456,7.902852291912298
candi.none,common,boot1,C22M17,C22,M17,H3K27me3,109208574,0.40261154145215483,0.21659771746802609,0.28098089785346775,0.9106259753808712,0.44257303478700905,0.9333170669657209,8.423160387026293,17.27694048029905,2.851102603389472
candi.tcfloor,common,boot1,C22M17,C22,M17,H3K27me3,109208574,0.38007605113369286,0.3179888554899343,0.3133076294519721,0.7392490822232239,0.4126589237915548,0.7391670765964146,6.145657198915224,13.260749833608044,4.449778797921888
avg.none,common,boot1,C22M17,C22,M17,H3K27me3,109208574,0.5388327057677984,0.29847731042385633,0.3062776323772159,1.4605786825093359,0.608025516378164,1.5833865729283234,17.208396449714858,14.20851966196572,17.54444135759352
avocado.none,common,boot1,C22M17,C22,M17,H3K27me3,109208574,0.45262305668030445,0.21106131926370228,0.24970138279763887,1.2292101179901143,0.5028617432427298,1.141927268755166,10.527346898880635,16.13342416256411,8.130719510440366
candi.none,common,boot2,C22M17,C22,M17,H3K27me3,109027430,0.4115239485988443,0.213666589317775,0.2750387449430078,0.9377755254505908,0.44928911433552293,0.953493901383845,9.262931229888922,17.819480227107306,2.97556793357913
candi.tcfloor,common,boot2,C22M17,C22,M17,H3K27me3,109027430,0.38643208629632453,0.32361318465048095,0.3086029570976527,0.7504764607794366,0.41579329951501254,0.7460207237765689,6.5106137270461595,13.457914522096647,4.673086389903273
avg.none,common,boot2,C22M17,C22,M17,H3K27me3,109027430,0.5560752793747298,0.305982391164058,0.3023651891612919,1.500365895579998,0.6241301255219253,1.6164934466888634,17.251220439108412,14.50539782734104,18.617274397567385
avocado.none,common,boot2,C22M17,C22,M17,H3K27me3,109027430,0.4741116875113601,0.2113924472108036,0.23916984238840538,1.2766779555743604,0.5245280568009126,1.2937253148909893,11.083254080923044,16.350070198105616,9.540990701761347
candi.none,common,boot3,C22M17,C22,M17,H3K27me3,109057846,0.4101524650424124,0.21374804298307454,0.2763082644040157,0.9138433299261062,0.44616348361505015,0.9035406972878451,9.14271123219685,17.659990567876115,2.946286826921156
candi.tcfloor,common,boot3,C22M17,C22,M17,H3K27me3,109057846,0.3857248006158177,0.3222823556203503,0.31019630717786334,0.7340880650346646,0.41377284071207565,0.7184840624473043,6.488012201343792,13.370515636391351,4.614055615263833
avg.none,common,boot3,C22M17,C22,M17,H3K27me3,109057846,0.5547151856180564,0.3044024634538259,0.3043165293725632,1.4736188934134655,0.6206029753242003,1.558910402882443,17.307631480219683,14.369044352997363,18.431486283947375
avocado.none,common,boot3,C22M17,C22,M17,H3K27me3,109057846,0.46386239535658036,0.21430444190812836,0.2375754293649005,1.188110551130143,0.5067775720639736,1.1445087830039933,10.36024887308396,16.09381428032376,8.5339240994129
candi.none,common,boot4,C22M17,C22,M17,H3K27me3,108648504,0.4137166953757842,0.21554951216478613,0.28105306593967344,0.9371498346700721,0.449832475371095,0.9530911164679554,9.444131047891668,17.805168680359078,2.9845429168751005
candi.tcfloor,common,boot4,C22M17,C22,M17,H3K27me3,108648504,0.3881448534954892,0.32300018070473646,0.31451157050282835,0.7478234027146844,0.4169131521732199,0.7477147086648602,6.546347553472624,13.542205349102913,4.58114511373042
avg.none,common,boot4,C22M17,C22,M17,H3K27me3,108648504,0.5476420122036263,0.30458473108399264,0.30844335590185673,1.4427738341241965,0.6138063163435645,1.5899716735065315,16.497686153141938,14.465229205525695,17.712308744229105
avocado.none,common,boot4,C22M17,C22,M17,H3K27me3,108648504,0.4778520866038469,0.2094401573385139,0.2381840575363577,1.2835351386368763,0.5272399338956388,1.3120172748832724,11.450906422946002,16.363304042278962,9.613829479587453
candi.none,common,boot5,C22M17,C22,M17,H3K27me3,109056922,0.4066109913252492,0.21688447745385814,0.28331007419511356,0.9214620969759638,0.44837151626817295,0.9589302223948996,9.106705088985043,17.533239654067533,2.894723996672592
candi.tcfloor,common,boot5,C22M17,C22,M17,H3K27me3,109056922,0.3821619038626493,0.32269909402538965,0.31637549420166305,0.7404335083816624,0.4156185526380323,0.7486224528110395,6.4994508824127895,13.371177641495372,4.5480070920371
avg.none,common,boot5,C22M17,C22,M17,H3K27me3,109056922,0.5412663938996594,0.3035278624957351,0.30948899160245436,1.4582885885027348,0.6160255544269853,1.5709231636004373,16.831002458037805,14.276327192452678,17.708309973668367
avocado.none,common,boot5,C22M17,C22,M17,H3K27me3,109056922,0.471154091023456,0.20741356498103716,0.23770422336467267,1.2656794646000884,0.5249142904997064,1.32277586182013,11.088824712206943,16.208257079376907,9.49813665690198
candi.none,common,boot6,C22M17,C22,M17,H3K27me3,109061592,0.40640589610387207,0.21746865649687183,0.28183589497927813,0.9240037431793644,0.44635312463771065,0.9317820681529054,9.136463377005912,17.533234344770264,2.937100819763364
candi.tcfloor,common,boot6,C22M17,C22,M17,H3K27me3,109061592,0.3821335708973796,0.3228091968932044,0.31454177097983643,0.7417747247264503,0.41411264098226425,0.7354425870894319,6.5059640342452925,13.358674797739194,4.579811867869985
avg.none,common,boot6,C22M17,C22,M17,H3K27me3,109061592,0.5429702839431277,0.30364505861383684,0.30735865410383656,1.4371320923784812,0.6118691370972256,1.5654717414293824,16.976964661362732,14.244242365653067,17.839182193137823
avocado.none,common,boot6,C22M17,C22,M17,H3K27me3,109061592,0.4584353443221088,0.21177130949431477,0.242336335301545,1.178168688133542,0.5094804015455174,1.2448918543217056,10.30280774432802,15.863879460334042,8.435594123578682
candi.none,common,boot7,C22M17,C22,M17,H3K27me3,109047905,0.4092604557771976,0.20383020331880689,0.2553624404087528,0.9296036640765731,0.4441093165034241,0.9441253597800163,8.944726840969983,17.494693900049523,2.87887721306566
candi.tcfloor,common,boot7,C22M17,C22,M17,H3K27me3,109047905,0.3854398831401936,0.3140338917183982,0.288841405607528,0.7472751994350387,0.4119836743928659,0.7401641852205909,6.449777158265135,13.374646692232394,4.517736073227021
avg.none,common,boot7,C22M17,C22,M17,H3K27me3,109047905,0.5437029480946339,0.29782982715134154,0.2834056990397409,1.4709617382850018,0.6069715789649086,1.551208606991023,16.104064868399355,14.3141191437904,17.62715465122683
avocado.none,common,boot7,C22M17,C22,M17,H3K27me3,109047905,0.4725931581479199,0.2063736578412352,0.2250295700790719,1.2712493397904348,0.518627768602497,1.2874621003682079,11.002801181422424,16.11876418322406,9.32990157479835
candi.none,common,boot8,C22M17,C22,M17,H3K27me3,109595876,0.4077396462894855,0.21697297587549041,0.28172771736525454,0.9410346333854493,0.4430690168403924,0.9301452444990065,9.370365176255266,17.77725822454685,2.9938218101646847
candi.tcfloor,common,boot8,C22M17,C22,M17,H3K27me3,109595876,0.3830171481526443,0.32581129708282225,0.31341046300862646,0.7501108854743943,0.4108874980177508,0.7317862704485383,6.603763962746732,13.434579359774153,4.689001884467645
avg.none,common,boot8,C22M17,C22,M17,H3K27me3,109595876,0.5523239849223127,0.30712901767722245,0.3043744964936613,1.4972539195271592,0.6159950438484703,1.5768889517805769,17.65183997642717,14.526647433885115,18.638782007618154
avocado.none,common,boot8,C22M17,C22,M17,H3K27me3,109595876,0.4719544848344993,0.20966611975361463,0.23879362821268874,1.2870057290946595,0.519038474005503,1.279342296689019,11.219121977089433,16.369024597475033,9.540497407306855
candi.none,common,boot9,C22M17,C22,M17,H3K27me3,109214135,0.40430230898671005,0.20831788711869517,0.26450706537940477,0.9194774808814586,0.44016954885138837,0.9183446559148414,7.071265962733789,17.169373786317994,2.804674396576155
candi.tcfloor,common,boot9,C22M17,C22,M17,H3K27me3,109214135,0.3806590820297004,0.3163070878305782,0.298423369749658,0.7389362697001933,0.4091583430603705,0.7261324207803914,4.4897670571739825,13.138115021878319,4.396927843133359
avg.none,common,boot9,C22M17,C22,M17,H3K27me3,109214135,0.5360333493104186,0.29927036641547605,0.29244260625857676,1.4569233530189998,0.6010074747641401,1.5528580741499471,14.76974189118016,14.15089854175225,17.352626309284663
avocado.none,common,boot9,C22M17,C22,M17,H3K27me3,109214135,0.4674925279404635,0.20654704141810834,0.22495969538940547,1.2799128872536634,0.5159071859555292,1.2733799595610606,9.061725815538644,15.816484340575574,9.327840206941607
avg.none,full,all23,C28M17,C28,M17,H3K27me3,121240998,0.5545829944802255,0.2028395481239384,0.2701953884160433,1.701897849671306,0.6341232819055107,1.8679330823593898,21.073778042351424,12.132361378874347,24.039912100879814
avocado.none,full,all23,C28M17,C28,M17,H3K27me3,121240998,0.3736216410170786,0.1707150343268624,0.22698171196183017,0.7506726299632462,0.39524945102355785,0.7597204807616865,9.979584115568855,13.428822152532812,7.6815379384643245
avocado005.none,full,all23,C28M17,C28,M17,H3K27me3,121240998,0.38589198623278975,0.14885526665987348,0.24601290076090568,0.9814304223927726,0.4035432151676567,0.702783542537265,11.578162770777531,14.22319420614772,7.617531042537879
avg.none,full,boot0,C28M17,C28,M17,H3K27me3,109250012,0.5477357831821761,0.20034048680682964,0.256806832655742,1.7146846908266553,0.6275046725481468,1.8712199497214892,21.64529032707175,12.19373718597686,23.844572193113066
avocado.none,full,boot0,C28M17,C28,M17,H3K27me3,109250012,0.3746606432076066,0.16510025906964929,0.20929998547344172,0.7702503101667241,0.3969751863378646,0.775207129819457,10.364828208062763,13.481491592897944,7.937363261891119
avocado005.none,full,boot0,C28M17,C28,M17,H3K27me3,109250012,0.3847090943649623,0.1447261832301314,0.23605165373430217,1.0106566102605212,0.403521595267657,0.7066252020981,11.884600455905932,14.253194037120583,7.743243839694001
avg.none,full,boot1,C28M17,C28,M17,H3K27me3,109208595,0.5448275065415841,0.20029097881392136,0.27496503812315093,1.6761916623466862,0.6250625943484659,1.872340320738225,21.04937594172649,12.049004868188021,23.43452945217839
avocado.none,full,boot1,C28M17,C28,M17,H3K27me3,109208595,0.3731151901308654,0.17075131078710165,0.23750457800577987,0.7596748303422668,0.3974521241294086,0.7857335199880474,9.17005492016633,13.188149019541697,8.058811480483847
avocado005.none,full,boot1,C28M17,C28,M17,H3K27me3,109208595,0.37996962545334145,0.14877362705862232,0.2508401387915961,0.984255049124516,0.3985658164617862,0.6994236215102241,10.743446625893569,14.03405168267691,7.558794638427341
avg.none,full,boot2,C28M17,C28,M17,H3K27me3,109027451,0.5729639682201506,0.20504343137632888,0.27299489914750635,1.7490657978479032,0.6548124253124638,1.9325594238616253,21.643178557353824,12.43921235207411,24.970619733259323
avocado.none,full,boot2,C28M17,C28,M17,H3K27me3,109027451,0.36471031538415555,0.183267197716233,0.23068649388710322,0.7318123428666043,0.38457839044644065,0.6967161037159526,10.271938632982401,13.929552459002396,6.334158806775003
avocado005.none,full,boot2,C28M17,C28,M17,H3K27me3,109027451,0.3973450733504401,0.14899660377004553,0.24760529846479865,1.0260406646963744,0.4157392697705044,0.7303247921384955,12.259813864337966,14.690981771894323,8.033646695742881
avg.none,full,boot3,C28M17,C28,M17,H3K27me3,109057867,0.5708142871144525,0.20765485367309097,0.2746680783851698,1.7214912490939427,0.6502263617865583,1.8375050003277404,21.456201702697683,12.497406834872287,24.576001176311177
avocado.none,full,boot3,C28M17,C28,M17,H3K27me3,109057867,0.3882864665292606,0.17039251212511633,0.22981295743830585,0.7700930143329351,0.40810181400643597,0.7813648048769579,10.703810614574603,13.93266105370505,8.158499192109327
avocado005.none,full,boot3,C28M17,C28,M17,H3K27me3,109057867,0.39961204569966197,0.15123705272538618,0.24939144774902205,1.0039528114313359,0.4142993040016411,0.7238831828322186,12.182098469845535,14.750643807714791,8.005641255381873
avg.none,full,boot4,C28M17,C28,M17,H3K27me3,108648525,0.5449169555117125,0.20616396148453603,0.276781514008018,1.65836830217875,0.6240725222356549,1.87411923332773,21.184024438716037,11.924998345486472,23.868637442545683
avocado.none,full,boot4,C28M17,C28,M17,H3K27me3,108648525,0.3566221997774434,0.172437792993365,0.23005465368698103,0.7126199213370605,0.37863957173305024,0.7313499975057456,10.126300727069761,13.167472117127192,7.16855179217783
avocado005.none,full,boot4,C28M17,C28,M17,H3K27me3,108648525,0.36492974061317696,0.157544599060027,0.250912980543667,0.7753447518656466,0.382098738621577,0.6745482866950113,11.465483510207791,13.950308637970691,6.625167193078259
avg.none,full,boot5,C28M17,C28,M17,H3K27me3,109056943,0.5496647938017911,0.20671427172005832,0.2796245412153195,1.6829507530641588,0.6374587079536959,1.8744067045897104,20.745371294053474,12.187943486881194,23.708211708557908
avocado.none,full,boot5,C28M17,C28,M17,H3K27me3,109056943,0.37673105537730767,0.1706502733263974,0.2328848199060592,0.7598897903170767,0.40204426208251876,0.7903322342799851,10.527267891438909,13.627306529450184,7.9018843809667345
avocado005.none,full,boot5,C28M17,C28,M17,H3K27me3,109056943,0.3865617241005076,0.1502272882941074,0.2533116304504264,0.991889980640507,0.40773347807174015,0.7316588185029743,11.899054137186388,14.377893043297432,7.774811445586006
avg.none,full,boot6,C28M17,C28,M17,H3K27me3,109061613,0.5422835351188116,0.20671287525012694,0.27655384035422953,1.6417817251632256,0.6189381984487985,1.8201309802284058,19.717990028910084,11.47537648903512,23.59282653547095
avocado.none,full,boot6,C28M17,C28,M17,H3K27me3,109061613,0.3603920510222486,0.1775690726220718,0.22937072210231882,0.6917882099844127,0.38019177618194294,0.7037682956137205,8.180199336203382,12.58511797773226,7.273625051499716
avocado005.none,full,boot6,C28M17,C28,M17,H3K27me3,109061613,0.3747963822068555,0.1520608739868654,0.25076702642479765,0.9729262313981325,0.39291251088424517,0.6680499540313681,10.195385362888326,13.480966958410269,7.718180955710086
avg.none,full,boot7,C28M17,C28,M17,H3K27me3,109047925,0.551178749093361,0.1971423192726696,0.2528002198640424,1.706344788349013,0.6297282038992653,1.8496195770642978,20.580953375271584,12.060926773482047,23.76845150503404
avocado.none,full,boot7,C28M17,C28,M17,H3K27me3,109047925,0.37855432068012446,0.1631360993311759,0.20632704254320652,0.7672301456623756,0.4002893826925458,0.792806735117332,10.17146695369593,13.372007093685612,7.985291138630297
avocado005.none,full,boot7,C28M17,C28,M17,H3K27me3,109047925,0.3874057013391003,0.14255332460990489,0.23266260229766533,1.0094618599431457,0.4052252734729244,0.6939739826696938,11.659163680709533,14.156289274387927,7.7423485853700775
avg.none,full,boot8,C28M17,C28,M17,H3K27me3,109595897,0.5742539094190158,0.2028455134753679,0.27628568510881535,1.766137777266075,0.6485601076006905,1.8838248718136676,22.182070211305643,12.541886284553359,25.059294831665756
avocado.none,full,boot8,C28M17,C28,M17,H3K27me3,109595897,0.38856199049214357,0.17119910425062548,0.23496735271041155,0.7864307858664318,0.4075442855243518,0.7799207326134344,10.634727950376982,13.92331357988067,8.146070074321514
avocado005.none,full,boot8,C28M17,C28,M17,H3K27me3,109595897,0.4002122101000608,0.14804914977152464,0.25027126080159584,1.0394013909643405,0.4144504722599694,0.7105641992195993,12.337354914768786,14.758341497561801,8.045358368216078
avg.none,full,boot9,C28M17,C28,M17,H3K27me3,109214154,0.5470986000431276,0.19503862796632335,0.2596629791923765,1.7009708851316683,0.6241556542093161,1.8636176802906135,20.490084432584723,12.15151949155923,23.548151363951387
avocado.none,full,boot9,C28M17,C28,M17,H3K27me3,109214154,0.37444080451405404,0.1659281892665038,0.22871125491370128,0.7574835109915454,0.39578731966710623,0.7604991443758231,9.62624289624107,13.322346932237547,7.827132617765067
avocado005.none,full,boot9,C28M17,C28,M17,H3K27me3,109214154,0.383246715906252,0.14482769768940387,0.23757656233987368,0.9998947801168087,0.4001628247275414,0.687680888131538,11.112556386035878,14.071964468952471,7.518244453918113
candi.none,common,all23,C28M17,C28,M17,H3K27me3,121240975,0.3142782733008745,0.20397554699537992,0.26749947714107114,0.5893800232706831,0.33221484526295436,0.5605606206088669,9.477007886165435,14.726695221202393,2.5471060969381467
candi.tcfloor,common,all23,C28M17,C28,M17,H3K27me3,121240975,0.3329035366515425,0.23550908059242726,0.2966940387752613,0.663255421198224,0.3572947576386567,0.6631601587238811,8.52038579819771,12.13763371690826,5.974585969537782
avg.none,common,all23,C28M17,C28,M17,H3K27me3,121240975,0.5545830996873048,0.20283949583474578,0.2701949715521772,1.701897849671306,0.6341232819055107,1.8679330823593898,21.073778042351424,12.132361378874347,24.039912100879814
avocado.none,common,all23,C28M17,C28,M17,H3K27me3,121240975,0.373621711434791,0.17071496424855373,0.22698127360340048,0.7506726299632462,0.39524945102355785,0.7597204807616865,9.979584115568855,13.428822152532812,7.6815379384643245
candi.none,common,boot0,C28M17,C28,M17,H3K27me3,109249991,0.3121835606810481,0.20028256958303955,0.25669425590140255,0.5885816405086299,0.330217768860957,0.5544245901871317,9.74164945116746,14.731492995701423,2.5565215412421045
candi.tcfloor,common,boot0,C28M17,C28,M17,H3K27me3,109249991,0.33034368841628176,0.23232068501610784,0.2844478157513278,0.6654252952002954,0.3546332677271401,0.6613720922480956,8.766170763495152,12.17909989215441,5.9607485333409045
avg.none,common,boot0,C28M17,C28,M17,H3K27me3,109249991,0.5477358884677815,0.2003404335241479,0.2568064025770809,1.7146846908266553,0.6275046725481468,1.8712199497214892,21.64529032707175,12.19375204082105,23.844593520565258
avocado.none,common,boot0,C28M17,C28,M17,H3K27me3,109249991,0.3746607148472817,0.16510019014566232,0.20929953132452783,0.7702503101667241,0.3969751863378646,0.775207129819457,10.364828208062763,13.481510005461436,7.937370078870213
candi.none,common,boot1,C28M17,C28,M17,H3K27me3,109208574,0.30858353177807785,0.20822649217929592,0.2766823470874099,0.5771126464689811,0.3279487325251405,0.5588541808450683,8.512810942084126,14.500575173072738,2.463153557037608
candi.tcfloor,common,boot1,C28M17,C28,M17,H3K27me3,109208574,0.3277254266120894,0.23490332517749438,0.3035825137763713,0.6530826698470751,0.3538634088569776,0.6643145364164329,7.942137824387545,12.02458787096008,5.8343164992197645
avg.none,common,boot1,C28M17,C28,M17,H3K27me3,109208574,0.5448276113078787,0.2002909255558238,0.2749646181611953,1.6761916623466862,0.6250625943484659,1.872340320738225,21.049375941726492,12.049004868188021,23.43452945217839
avocado.none,common,boot1,C28M17,C28,M17,H3K27me3,109208574,0.37311526138297324,0.1707512405879034,0.2375041395479365,0.7596748303422668,0.3974521241294086,0.7857335199880474,9.17005492016633,13.188149019541697,8.058811480483847
candi.none,common,boot2,C28M17,C28,M17,H3K27me3,109027430,0.32321949878214423,0.20420761671422444,0.26928489210748446,0.6039042332447523,0.341782107899988,0.5867951502182306,10.022765101210863,15.198827126362868,2.6293637923562083
candi.tcfloor,common,boot2,C28M17,C28,M17,H3K27me3,109027430,0.34207346828925655,0.23710145255678328,0.29944540910315626,0.6781231900591375,0.367051927021984,0.6877230561931478,8.920957553085403,12.473425672336214,6.19835607430117
avg.none,common,boot2,C28M17,C28,M17,H3K27me3,109027430,0.5729640785799319,0.20504337881737975,0.27299447761783624,1.7490657978479032,0.6548124253124638,1.9325594238616253,21.643178557353824,12.43921235207411,24.970619733259323
avocado.none,common,boot2,C28M17,C28,M17,H3K27me3,109027430,0.3647103851338567,0.18326712160511124,0.23068605123044925,0.7318123428666043,0.38457839044644065,0.6967161037159526,10.271938632982401,13.929552459002396,6.334158806775003
candi.none,common,boot3,C28M17,C28,M17,H3K27me3,109057846,0.32517196258422804,0.2043159743835013,0.27017254444543587,0.6017264967047966,0.3415263060635514,0.575706780468377,10.20948717097726,15.347212236162317,2.6845733685682664
candi.tcfloor,common,boot3,C28M17,C28,M17,H3K27me3,109057846,0.3429909209572581,0.23955153476564708,0.30093704153173684,0.6736123134863805,0.36624191250704885,0.6657161195427039,8.978865388242523,12.573809378790862,6.174768679286788
avg.none,common,boot3,C28M17,C28,M17,H3K27me3,109057846,0.5708143970295156,0.2076548010165403,0.27466765792541875,1.7214912490939427,0.6502263617865583,1.8375050003277404,21.456201702697683,12.497406834872287,24.576001176311177
avocado.none,common,boot3,C28M17,C28,M17,H3K27me3,109057846,0.3882865408527088,0.17039244261124903,0.22981251436775324,0.7700930143329351,0.40810181400643597,0.7813648048769579,10.703810614574603,13.93266105370505,8.158499192109327
candi.none,common,boot4,C28M17,C28,M17,H3K27me3,108648504,0.3040727370427234,0.20480882199221895,0.2747444728456762,0.5798447539066244,0.32453117621892175,0.5533961099862058,9.686349094432927,14.437585669620763,2.450396392241191
candi.tcfloor,common,boot4,C28M17,C28,M17,H3K27me3,108648504,0.32335678342688196,0.23854546255867615,0.3032430968091407,0.6486425298380694,0.34945799771878105,0.6574626153343321,8.75881184265587,11.85933541401491,5.894202062507307
avg.none,common,boot4,C28M17,C28,M17,H3K27me3,108648504,0.5449170608353539,0.20616390888749075,0.2767810927679207,1.65836830217875,0.6240725222356549,1.87411923332773,21.184024438716037,11.924998345486472,23.868637442545683
avocado.none,common,boot4,C28M17,C28,M17,H3K27me3,108648504,0.35662226821430365,0.17243772072724012,0.2300542088356502,0.7126199213370605,0.37863957173305024,0.7313499975057456,10.126300727069761,13.167472117127192,7.16855179217783
candi.none,common,boot5,C28M17,C28,M17,H3K27me3,109056922,0.31506601193022965,0.2100369201700539,0.2791812051774655,0.5895895646932935,0.3349691274112669,0.579812505946279,10.04715812045054,14.90707487837705,2.5889289330757155
candi.tcfloor,common,boot5,C28M17,C28,M17,H3K27me3,109056922,0.3323233858344546,0.24111418422764463,0.3075865517576342,0.6590437380229635,0.3595177455900826,0.6772089480093489,8.809719685766897,12.269116141534644,5.985220847623105
avg.none,common,boot5,C28M17,C28,M17,H3K27me3,109056922,0.5496648996452392,0.20671421938237627,0.27962412339067716,1.6829507530641588,0.6374587079536959,1.8744067045897104,20.745371294053474,12.187943486881194,23.708211708557908
avocado.none,common,boot5,C28M17,C28,M17,H3K27me3,109056922,0.37673112743856185,0.17065020454598134,0.23288437853092522,0.7598897903170767,0.40204426208251876,0.7903322342799851,10.527267891438909,13.627306529450184,7.9018843809667345
candi.none,common,boot6,C28M17,C28,M17,H3K27me3,109061592,0.30293680980249177,0.2085521219046232,0.2728684102507062,0.575794071451174,0.31920514309355297,0.5179859639434053,8.220441744042226,13.966749606522123,2.5229579872590553
candi.tcfloor,common,boot6,C28M17,C28,M17,H3K27me3,109061592,0.32184195915666114,0.24022620211346205,0.3024519496098133,0.6430689477132157,0.3443930033706885,0.6237870743589263,7.252540120523915,11.410535474280055,5.662417096657397
avg.none,common,boot6,C28M17,C28,M17,H3K27me3,109061592,0.5422836395364532,0.2067128220939502,0.2765534207708466,1.6417817251632256,0.6189381984487985,1.8201309802284058,19.717990028910084,11.475381538615128,23.59286731834425
avocado.none,common,boot6,C28M17,C28,M17,H3K27me3,109061592,0.36039211999849596,0.1775690021666649,0.2293702786613419,0.6917882099844127,0.38019177618194294,0.7037682956137205,8.180199336203382,12.585124156645511,7.273630102139836
candi.none,common,boot7,C28M17,C28,M17,H3K27me3,109047905,0.31443787544987783,0.19495544779215823,0.24631902535324687,0.5860540408506862,0.33270891256541907,0.5702188883655104,9.302081737058217,14.627096197917652,2.5036436650724823
candi.tcfloor,common,boot7,C28M17,C28,M17,H3K27me3,109047905,0.333052419424239,0.2277895278939359,0.27611180527958495,0.6622830945971441,0.35729561425901873,0.6671775444579394,8.625695954797404,12.100393493854426,5.933772220538649
avg.none,common,boot7,C28M17,C28,M17,H3K27me3,109047905,0.551178850182648,0.19714226744148958,0.2527998074383749,1.706344788349013,0.6297282038992653,1.8496195770642978,20.580953375271584,12.060926773482047,23.76845150503404
avocado.none,common,boot7,C28M17,C28,M17,H3K27me3,109047905,0.3785543896269336,0.16313602945623995,0.2063266071473741,0.7672301456623756,0.4002893826925458,0.792806735117332,10.17146695369593,13.372007093685612,7.985291138630297
candi.none,common,boot8,C28M17,C28,M17,H3K27me3,109595876,0.3249462521856766,0.20398990227435515,0.2689843955429741,0.6109504009096575,0.3403524610935137,0.5702950051359664,10.093104791067276,15.283263864757782,2.6447566950386583
candi.tcfloor,common,boot8,C28M17,C28,M17,H3K27me3,109595876,0.3439129167528948,0.2354517599924654,0.3008098890125818,0.6881387524954479,0.36553322481859735,0.6713369429006698,9.050640974702738,12.577046560279982,6.232080430932466
avg.none,common,boot8,C28M17,C28,M17,H3K27me3,109595876,0.5742540194535585,0.20284546135184717,0.2762852677368287,1.766137777266075,0.6485601076006905,1.8838248718136676,22.182070211305643,12.541886284553359,25.059294831665756
avocado.none,common,boot8,C28M17,C28,M17,H3K27me3,109595876,0.38856206447259023,0.17119903487984314,0.23496691463664188,0.7864307858664318,0.4075442855243518,0.7799207326134344,10.634727950376982,13.92331357988067,8.146070074321514
candi.none,common,boot9,C28M17,C28,M17,H3K27me3,109214135,0.3120911571624489,0.1993377721472948,0.2585934818538064,0.5790614679432385,0.32841559639309376,0.537016467294306,8.895054580349127,14.552472960556416,2.424462971781483
candi.tcfloor,common,boot9,C28M17,C28,M17,H3K27me3,109214135,0.33134110231339925,0.22739499257788195,0.2871429030181786,0.6604791364509581,0.3544913241454331,0.6550909158709086,8.082167909938436,12.128455786223357,5.853365443345495
avg.none,common,boot9,C28M17,C28,M17,H3K27me3,109214135,0.5470986952219559,0.195038578861209,0.2596625914967629,1.7009708851316683,0.6241556542093161,1.8636176802906135,20.490084432584723,12.15151949155923,23.548151363951387
avocado.none,common,boot9,C28M17,C28,M17,H3K27me3,109214135,0.37444086921676906,0.16592812307017807,0.2287108531113159,0.7574835109915454,0.39578731966710623,0.7604991443758231,9.62624289624107,13.322346932237547,7.827132617765067
avg.none,full,all23,C28M18,C28,M18,H3K36me3,121240998,0.8210642334347314,0.5011258624275664,0.4093740167148277,1.6071683586000702,1.4265345363362145,0.9769472769048091,35.562760378217234,42.094856553581366,17.950938819160783
avocado.none,full,all23,C28M18,C28,M18,H3K36me3,121240998,0.8861492723336476,0.42483256407234915,0.3416886833682831,1.8344878113110754,1.543824256191449,1.0815305491399703,40.556545220496126,51.42709299034937,16.504420999558178
avocado005.none,full,all23,C28M18,C28,M18,H3K36me3,121240998,1.1090890368356543,0.39456553401527866,0.35059598768535233,2.1537821657039027,1.971989360697426,1.1436563788411245,45.04732457311751,53.22863470782969,40.173038144539454
avg.none,full,boot0,C28M18,C28,M18,H3K36me3,109250012,0.8088576696409905,0.4953826770897006,0.3961336850594635,1.61400121821586,1.4102313243587068,0.9871589376483761,36.932399666613534,42.02488010794604,18.06664162245274
avocado.none,full,boot0,C28M18,C28,M18,H3K36me3,109250012,0.8716532872849407,0.41762592890866623,0.32736915501951325,1.8486612158591076,1.5234871237530156,1.0967680837528344,42.1291030962259,51.441352147736715,16.421018264040665
avocado005.none,full,boot0,C28M18,C28,M18,H3K36me3,109250012,1.0973896677151427,0.3882435593754186,0.33872540189662664,2.12157181162602,1.9620343335340849,1.15566958103265,45.69483191029852,53.12018971997745,40.4379701018298
avg.none,full,boot1,C28M18,C28,M18,H3K36me3,109208595,0.7939098363859629,0.49361688449433005,0.40946543021711174,1.557896793263945,1.389402542996865,0.9301634716408417,36.941893170605844,41.19616903494684,17.29450906242129
avocado.none,full,boot1,C28M18,C28,M18,H3K36me3,109208595,0.8541971504111957,0.4182846363924481,0.34067668160352604,1.7848190146451601,1.497437337361922,1.0371180605884367,42.07163595298617,49.553536020693855,15.90097209631846
avocado005.none,full,boot1,C28M18,C28,M18,H3K36me3,109208595,1.0330380710392872,0.3937080864685903,0.35056483278001715,2.033119041958549,1.8447195989601122,1.0940375146459018,45.328071371950166,50.5249757713202,35.09597921281918
avg.none,full,boot2,C28M18,C28,M18,H3K36me3,109027451,0.8477519591242753,0.5059544460353671,0.41258882825684345,1.6395997148195132,1.4859967655575022,1.001911441808785,37.73816255214862,44.029431772873295,18.215060327847453
avocado.none,full,boot2,C28M18,C28,M18,H3K36me3,109027451,0.9208741615918309,0.42918295864077466,0.34196272010267553,1.8898183420975785,1.6187401639674568,1.1178166726604972,43.140391846510994,54.033724969501655,16.620094100357246
avocado005.none,full,boot2,C28M18,C28,M18,H3K36me3,109027451,1.142084591835943,0.39790839320571625,0.3534859369647773,2.1940678416301425,2.048814255066197,1.1820392056782212,47.279895671619194,55.49417175130713,40.859789488282736
avg.none,full,boot3,C28M18,C28,M18,H3K36me3,109057867,0.8630293699230097,0.504925055847046,0.416927473194619,1.6690864397642364,1.4761278414744115,1.0128252612444197,37.08094051800411,44.14659050518681,18.526021996462724
avocado.none,full,boot3,C28M18,C28,M18,H3K36me3,109057867,0.9366504349779233,0.4260337773870083,0.350244540854976,1.9059434985060875,1.605548686889549,1.1266575311298932,42.33023527340266,54.00103246364813,17.23962480885355
avocado005.none,full,boot3,C28M18,C28,M18,H3K36me3,109057867,1.1710043565524115,0.397015885937576,0.35720258719805176,2.239956342564096,2.0501355960644605,1.1895991660632486,47.0160559459443,55.989827162453615,42.41151008509049
avg.none,full,boot4,C28M18,C28,M18,H3K36me3,108648525,0.8069233911622711,0.4964196926406834,0.41536029376979083,1.6224210169294138,1.4145677903752443,0.9284543615990459,38.51580259065524,41.24075499300741,17.963722398557692
avocado.none,full,boot4,C28M18,C28,M18,H3K36me3,108648525,0.868727569017246,0.41686544730942804,0.34776997965097595,1.8493380397988446,1.5256765141458615,1.018265975576016,43.923384280065555,50.401327208746494,16.46032703847988
avocado005.none,full,boot4,C28M18,C28,M18,H3K36me3,108648525,1.090232411822548,0.3920594253570338,0.35617230714540893,2.1925046434649933,1.9557740415741722,1.0499726173604826,48.363249624450546,52.644189189236656,40.44761800863245
avg.none,full,boot5,C28M18,C28,M18,H3K36me3,109056943,0.8255626428371953,0.5048691362730031,0.4179389060497886,1.6001136741649,1.4358185130274326,1.019757303173735,33.938513533502956,42.003735278218635,17.733585289416975
avocado.none,full,boot5,C28M18,C28,M18,H3K36me3,109056943,0.8889488050665784,0.4312783796772654,0.34854831564362004,1.8254390980346553,1.551510042134327,1.1215188750467233,38.86004779055062,51.21805455089807,16.47961349302297
avocado005.none,full,boot5,C28M18,C28,M18,H3K36me3,109056943,1.1227767133359938,0.3968506119487877,0.3579167117623755,2.1328064776645586,1.9955634332604069,1.19874208582885,43.93912378526425,53.57438114874645,41.020125045592
avg.none,full,boot6,C28M18,C28,M18,H3K36me3,109061613,0.8104915016299925,0.5085456595302638,0.41790821522638133,1.6661077593983302,1.4274490348662603,0.9602061428919316,34.507161320650354,40.673283600260426,17.851260553558145
avocado.none,full,boot6,C28M18,C28,M18,H3K36me3,109061613,0.8809574952029178,0.4271962501102072,0.3479502340153891,1.9127281325676349,1.5558073121445748,1.067728836812352,39.654171789443076,50.24617320494919,16.461611964365606
avocado005.none,full,boot6,C28M18,C28,M18,H3K36me3,109061613,1.110055572966822,0.39905454120337586,0.35814158122387335,2.2571608583219547,1.9982885435375581,1.1347997599386193,44.41959949009362,52.26406769682276,41.11828141442057
avg.none,full,boot7,C28M18,C28,M18,H3K36me3,109047925,0.7908313335828252,0.5046100748949776,0.3947254935233476,1.521086594241713,1.3429567411634562,0.9405140439608077,27.315347337668253,39.48002472137268,17.62221800143805
avocado.none,full,boot7,C28M18,C28,M18,H3K36me3,109047925,0.8484319354437991,0.43365343160462166,0.33452177704111635,1.7110629874130998,1.4487429484377579,1.0183138905158933,30.803320862682526,48.66960633864694,16.043918056162983
avocado005.none,full,boot7,C28M18,C28,M18,H3K36me3,109047925,1.0816635505185932,0.3971924729693386,0.3371429334366088,2.079288977840065,1.8915933744470628,1.101021559548637,37.819730104860156,50.82477622564345,40.39320421627201
avg.none,full,boot8,C28M18,C28,M18,H3K36me3,109595897,0.8567404586954843,0.5001535158791743,0.4130699673036842,1.6385484325015656,1.4743876475763014,0.992943873305891,36.754736839802334,44.02654877185865,18.393261846628523
avocado.none,full,boot8,C28M18,C28,M18,H3K36me3,109595897,0.9243817026887922,0.4250614224688578,0.3404683080857389,1.8670112864383122,1.5947396741370705,1.1040496130532547,41.94853012595121,53.79202673218667,16.812329971823495
avocado005.none,full,boot8,C28M18,C28,M18,H3K36me3,109595897,1.1570582662672555,0.392950847608543,0.3551525554587892,2.203943881071087,2.034450034951416,1.1667088319253776,46.39884224962404,55.47351543187198,41.779496860362364
avg.none,full,boot9,C28M18,C28,M18,H3K36me3,109214154,0.8064002271593446,0.4956363588800001,0.3987259507218473,1.5361987247495728,1.4070890770082922,0.9933758448845175,35.7868273935745,41.99585256974891,17.77707281633475
avocado.none,full,boot9,C28M18,C28,M18,H3K36me3,109214154,0.8665204515290613,0.42329311706713113,0.3369583176787839,1.7420447957846263,1.51504306674468,1.1040968199451093,40.53954651556991,50.750263960187034,16.67462606932495
avocado005.none,full,boot9,C28M18,C28,M18,H3K36me3,109214154,1.0854461249167355,0.39041648302967974,0.340742281255644,2.072958904943613,1.9356225394008408,1.1610856595509806,44.05830927343462,52.28823053530535,39.21546572190709
candi.none,common,all23,C28M18,C28,M18,H3K36me3,121240975,1.0358059398476422,0.2106170913202326,0.29640763657198754,2.2162580291490257,1.7885822784067824,1.1746522525368253,50.086801020433576,65.71909470777791,11.42510967761281
candi.tcfloor,common,all23,C28M18,C28,M18,H3K36me3,121240975,0.7984139255196321,0.510879116338447,0.4284321110552958,1.602470387535566,1.381411762371364,0.9621189146035963,36.101107661396014,43.37367797835098,16.334993518236946
avg.none,common,all23,C28M18,C28,M18,H3K36me3,121240975,0.8210643891945921,0.5011258428280558,0.40937367921944406,1.6071683586000702,1.4265345363362145,0.9769472769048091,35.562760378217234,42.094856553581366,17.950938819160783
avocado.none,common,all23,C28M18,C28,M18,H3K36me3,121240975,0.8861494400453567,0.42483254009932825,0.34168831073323236,1.8344878113110754,1.543824256191449,1.0815305491399703,40.556545220496126,51.42709299034937,16.504420999558178
candi.none,common,boot0,C28M18,C28,M18,H3K36me3,109249991,1.0136424662671033,0.20868876792386662,0.28624679247536894,2.222884539299031,1.756164398988681,1.1920144251929987,51.734984267289555,64.9626826021974,11.794248673588653
candi.tcfloor,common,boot0,C28M18,C28,M18,H3K36me3,109249991,0.7869284768119655,0.5053134015248916,0.41578930084172067,1.609204875770601,1.3662484090356897,0.9734401453201466,37.5002143120053,43.24094216055855,16.51418352265428
avg.none,common,boot0,C28M18,C28,M18,H3K36me3,109249991,0.8088578251193654,0.4953826570689065,0.39613333547539875,1.61400121821586,1.4102313243587068,0.9871589376483761,36.932399666613534,42.02490802557296,18.066656738008152
avocado.none,common,boot0,C28M18,C28,M18,H3K36me3,109249991,0.8716534544490724,0.4176259042115822,0.3273687685965354,1.8486612158591076,1.5234871237530156,1.0967680837528344,42.12910309622589,51.441382480689434,16.421021681027874
candi.none,common,boot1,C28M18,C28,M18,H3K36me3,109208574,0.9903368035972084,0.2113780768120165,0.30145915451012295,2.139364681167532,1.716677123301366,1.1223327768852145,51.70420703384383,63.084010540279245,11.16290530575045
candi.tcfloor,common,boot1,C28M18,C28,M18,H3K36me3,109208574,0.7716893089879812,0.5040411766663431,0.42918770066907486,1.5534543254375512,1.3442882643170009,0.916581141632135,37.505359427862786,42.3337283394899,15.713094418420019
avg.none,common,boot1,C28M18,C28,M18,H3K36me3,109208574,0.7939099890489449,0.4936168643999745,0.4094650880124849,1.557896793263945,1.389402542996865,0.9301634716408417,36.941893170605844,41.19616903494684,17.29450906242129
avocado.none,common,boot1,C28M18,C28,M18,H3K36me3,109208574,0.8541973143446185,0.41828461182246846,0.3406763018782721,1.7848190146451601,1.497437337361922,1.0371180605884367,42.07163595298617,49.553536020693855,15.90097209631846
candi.none,common,boot2,C28M18,C28,M18,H3K36me3,109027430,1.0814430712855474,0.20934579000947695,0.294159651006272,2.268272257619117,1.8865641260745996,1.2098736487489297,53.215919536848,68.64589316160142,12.042446516708242
candi.tcfloor,common,boot2,C28M18,C28,M18,H3K36me3,109027430,0.8262284983125281,0.5153731823317684,0.43027854008040345,1.6356233838606933,1.4428205202977347,0.9872517279310501,38.34561356436022,45.3797496230392,16.69027404573801
avg.none,common,boot2,C28M18,C28,M18,H3K36me3,109027430,0.847752122411543,0.5059544264414044,0.41258848754458716,1.6395997148195132,1.4859967655575022,1.001911441808785,37.73816255214862,44.029431772873295,18.215060327847453
avocado.none,common,boot2,C28M18,C28,M18,H3K36me3,109027430,0.9208743385537935,0.4291829344366041,0.34196234211191995,1.8898183420975785,1.6187401639674568,1.1178166726604972,43.140391846510994,54.033724969501655,16.620094100357246
candi.none,common,boot3,C28M18,C28,M18,H3K36me3,109057846,1.0956713063453662,0.21122779692154403,0.2984638681807098,2.3050996213360175,1.8643604915533452,1.2233800395689376,52.387778262207405,69.22097991877614,12.02182825938166
candi.tcfloor,common,boot3,C28M18,C28,M18,H3K36me3,109057846,0.8394416201175503,0.5144308080668607,0.43562557449481615,1.664667834419118,1.4302169685872488,0.9980203722755056,37.6680037374956,45.5398044013767,16.876653944957052
avg.none,common,boot3,C28M18,C28,M18,H3K36me3,109057846,0.8630295361065301,0.504925036062241,0.4169271350866492,1.6690864397642364,1.4761278414744115,1.0128252612444197,37.08094051800411,44.14659050518681,18.526021996462724
avocado.none,common,boot3,C28M18,C28,M18,H3K36me3,109057846,0.9366506149377292,0.4260337530362633,0.3502441679084057,1.9059434985060875,1.605548686889549,1.1266575311298932,42.33023527340266,54.00103246364813,17.23962480885355
candi.none,common,boot4,C28M18,C28,M18,H3K36me3,108648504,1.0045349907138919,0.21569542155821242,0.30986718400383245,2.2391207240316104,1.7493733313063997,1.0960729136849505,53.40570660532956,64.14455317825623,11.810205417803243
candi.tcfloor,common,boot4,C28M18,C28,M18,H3K36me3,108648504,0.782296575718139,0.5065549074834074,0.435470367432617,1.6168810557429212,1.3659388687656682,0.9113546189160993,39.129133591764514,42.44664101081317,16.245111968349107
avg.none,common,boot4,C28M18,C28,M18,H3K36me3,108648504,0.8069235471275222,0.49641967273005416,0.4153599530657637,1.6224210169294138,1.4145677903752443,0.9284543615990459,38.51580259065524,41.24075499300741,17.963722398557692
avocado.none,common,boot4,C28M18,C28,M18,H3K36me3,108648504,0.8687277365361751,0.41686542298598084,0.3477696034843562,1.8493380397988446,1.5256765141458615,1.018265975576016,43.923384280065555,50.401327208746494,16.46032703847988
candi.none,common,boot5,C28M18,C28,M18,H3K36me3,109056922,1.044789157238512,0.21362416950037796,0.3064745518098756,2.2200154191269,1.8070270597584361,1.2265938146017183,48.46195991790324,66.0692413060412,10.691221183320927
candi.tcfloor,common,boot5,C28M18,C28,M18,H3K36me3,109056922,0.8021261295817615,0.5147251038513357,0.43743355345398666,1.595102810919798,1.3896334049161851,1.0044108525031854,34.466333972410474,43.31145431051337,16.06446203810187
avg.none,common,boot5,C28M18,C28,M18,H3K36me3,109056922,0.8255628018075309,0.5048691167822548,0.4179385683012593,1.6001136741649,1.4358185130274326,1.019757303173735,33.938513533502956,42.003735278218635,17.733585289416975
avocado.none,common,boot5,C28M18,C28,M18,H3K36me3,109056922,0.8889489758479756,0.43127835617485766,0.34854794162345304,1.8254390980346553,1.551510042134327,1.1215188750467233,38.86004779055062,51.21805455089807,16.47961349302297
candi.none,common,boot6,C28M18,C28,M18,H3K36me3,109061592,1.030369375397707,0.21554234501929445,0.3125138756076304,2.3209048548928934,1.8047849255324153,1.159552809815859,49.313859738717326,64.9052219868565,11.157955713210278
candi.tcfloor,common,boot6,C28M18,C28,M18,H3K36me3,109061592,0.7875397447123313,0.5180088657973231,0.44005059387680845,1.664052434472509,1.3819034407719413,0.945114287793868,35.08087909106035,42.0395013235126,16.18635122918304
avg.none,common,boot6,C28M18,C28,M18,H3K36me3,109061592,0.8104916576915466,0.508545639903018,0.4179078774356125,1.6661077593983302,1.4274490348662603,0.9602061428919316,34.507161320650354,40.673283600260426,17.851260553558145
avocado.none,common,boot6,C28M18,C28,M18,H3K36me3,109061592,0.880957664447229,0.42719622594331735,0.34794985962695085,1.9127281325676349,1.5558073121445748,1.067728836812352,39.654171789443076,50.24617320494919,16.461623107636438
candi.none,common,boot7,C28M18,C28,M18,H3K36me3,109047905,1.0025650981242826,0.20698209599174147,0.2776266850931265,2.0608307764093414,1.6938748648330044,1.1112678850118132,38.47108696034473,62.91537265360657,10.159866531782733
candi.tcfloor,common,boot7,C28M18,C28,M18,H3K36me3,109047905,0.7688710127542501,0.5139746206957367,0.4123655902315731,1.5121582117267345,1.298592396419135,0.9235995100073959,27.531833077862117,40.7581610781591,15.995733567023592
avg.none,common,boot7,C28M18,C28,M18,H3K36me3,109047905,0.7908314786257462,0.5046100556759976,0.39472515934065733,1.521086594241713,1.3429567411634562,0.9405140439608077,27.315347337668253,39.48002472137268,17.62221800143805
avocado.none,common,boot7,C28M18,C28,M18,H3K36me3,109047905,0.8484320906165421,0.43365340845680456,0.33452141326524537,1.7110629874130998,1.4487429484377579,1.0183138905158933,30.803320862682526,48.66960633864694,16.043918056162983
candi.none,common,boot8,C28M18,C28,M18,H3K36me3,109595876,1.081813411417698,0.2064739699079553,0.2896664232916333,2.2401765892103134,1.85101785146766,1.1994995616362587,51.55887222742089,68.43129599976807,11.86094510919891
candi.tcfloor,common,boot8,C28M18,C28,M18,H3K36me3,109595876,0.833624717462442,0.5097646993001533,0.4293235146105938,1.630766006808378,1.4288731592504265,0.9782480624813555,37.31686472662994,45.36422400371271,16.775192557867058
avg.none,common,boot8,C28M18,C28,M18,H3K36me3,109595876,0.8567406228581361,0.5001534958394117,0.4130696287328886,1.6385484325015656,1.4743876475763014,0.992943873305891,36.754736839802334,44.02654877185865,18.393261846628523
avocado.none,common,boot8,C28M18,C28,M18,H3K36me3,109595876,0.924381879403458,0.4250613977671752,0.3404679311500552,1.8670112864383122,1.5947396741370705,1.1040496130532547,41.94853012595121,53.79202673218667,16.812329971823495
candi.none,common,boot9,C28M18,C28,M18,H3K36me3,109214135,1.0126943428496513,0.20716591270846546,0.2862146949837197,2.136566362911331,1.753669101307699,1.202905355064749,50.352108152525965,64.59793681175775,11.66513203657043
candi.tcfloor,common,boot9,C28M18,C28,M18,H3K36me3,109214135,0.7852404847906617,0.5054966959726016,0.4176457441860816,1.5362991040786567,1.3642773308769194,0.9810321414571117,36.34178836729181,43.1892153266954,16.262993455543345
avg.none,common,boot9,C28M18,C28,M18,H3K36me3,109214135,0.8064003674489171,0.4956363405843852,0.39872563574655073,1.5361987247495728,1.4070890770082922,0.9933758448845175,35.7868273935745,41.99585256974891,17.77707281633475
avocado.none,common,boot9,C28M18,C28,M18,H3K36me3,109214135,0.8665206018591358,0.42329309494035167,0.33695797370563746,1.7420447957846263,1.51504306674468,1.1040968199451093,40.53954651556991,50.750263960187034,16.67462606932495
avg.none,full,all23,C28M22,C28,M22,H3K4me3,121240998,495.41146435773214,0.8128244387441639,0.21782037967995874,5954.3696472695865,876.5118106893343,1884.3611014304338,352752.3702446012,49434.00064504699,48807.72622555874
avocado.none,full,all23,C28M22,C28,M22,H3K4me3,121240998,601.1626461729697,0.6972405463976409,0.12993085710733238,7266.374781866601,1067.8433307468147,2268.812573786369,375127.44730218913,60086.799277553946,59491.393480362975
avocado005.none,full,all23,C28M22,C28,M22,H3K4me3,121240998,619.7473101846346,0.7630478747759898,0.23004379699911895,7472.2885249181345,1101.560546596049,2330.537159469248,403510.10553381575,61948.05473273227,60903.71731794374
avg.none,full,boot0,C28M22,C28,M22,H3K4me3,109250012,489.6012229986946,0.8031141741948998,0.20665743821923738,5969.521297386357,865.26699126241,1938.2719206560694,365551.0157663806,48864.52169803166,48282.70090276385
avocado.none,full,boot0,C28M22,C28,M22,H3K4me3,109250012,594.8161736120586,0.6764791561407485,0.13375495424606548,7303.09359084617,1055.978617172504,2326.4612117455317,387968.3939685947,59462.49887671849,58898.87582632998
avocado005.none,full,boot0,C28M22,C28,M22,H3K4me3,109250012,609.4332004291621,0.7541960989124527,0.2195250213327362,7466.6368769532,1082.3349808782307,2382.922626701022,416800.94550904504,60927.52049479871,59888.23197279659
avg.none,full,boot1,C28M22,C28,M22,H3K4me3,109208595,478.1316389721003,0.8054586661797346,0.22222421625585054,5840.514354613052,840.7493962001689,1921.2061902229932,366613.7390658297,47722.72077270495,47135.634867899076
avocado.none,full,boot1,C28M22,C28,M22,H3K4me3,109208595,573.3225476516824,0.691584843161474,0.13393117751410882,7046.56315526646,1012.0315420801679,2285.308112452058,387387.5493819366,57313.22530167894,56739.80428863753
avocado005.none,full,boot1,C28M22,C28,M22,H3K4me3,109208595,595.547616549797,0.756935941035523,0.23464260837350898,7301.350350866452,1053.3688567738384,2356.9203485054227,418083.98309430433,59539.50333001623,58504.87619049675
avg.none,full,boot2,C28M22,C28,M22,H3K4me3,109027451,523.7540362329607,0.8121451618317966,0.21973762426129104,6169.158995907553,935.7368865004532,1951.50961673585,363801.94027825014,52273.75092075978,51578.16461204995
avocado.none,full,boot2,C28M22,C28,M22,H3K4me3,109027451,643.3802831086247,0.7286704193380177,0.12466797388332845,7636.694912469406,1153.0791573593317,2394.5256552904943,387330.38152707514,64319.61787561904,63672.91732143844
avocado005.none,full,boot2,C28M22,C28,M22,H3K4me3,109027451,652.3646429275746,0.7617935920738388,0.2306394191600202,7712.524037454809,1170.806691835683,2401.7167149493503,415565.0307033434,65219.35990462615,63906.11395288061
avg.none,full,boot3,C28M22,C28,M22,H3K4me3,109057867,527.5566217956248,0.8163892781864315,0.2212052656883186,6043.074326127126,921.4640751837244,1700.2824684801394,360991.5460256926,52649.2032579413,51905.08988324173
avocado.none,full,boot3,C28M22,C28,M22,H3K4me3,109057867,638.9132632296134,0.6998526504383868,0.1367961976661856,7364.083460923143,1119.9458192021618,2064.8863749981847,380891.2388193812,63869.3511988606,63185.834459343365
avocado005.none,full,boot3,C28M22,C28,M22,H3K4me3,109057867,659.4752148883261,0.7661543611686321,0.23258624882573437,7580.853800307195,1156.90286097837,2133.64091713149,411587.1006530719,65929.32292067748,64604.017940692276
avg.none,full,boot4,C28M22,C28,M22,H3K4me3,108648525,488.3919379479418,0.8049385456767678,0.2260679446542482,5776.147567989884,873.1696307050676,1845.9369761852145,484677.6272667747,48740.11960873025,48123.47299338484
avocado.none,full,boot4,C28M22,C28,M22,H3K4me3,108648525,598.7183034736681,0.6948927239030345,0.13837932568187206,7130.146391764076,1076.4388944278633,2236.586699027133,527747.4579443862,59853.704693032465,59279.37681359007
avocado005.none,full,boot4,C28M22,C28,M22,H3K4me3,108648525,610.458208126333,0.7560724963879033,0.2389669674948728,7245.613111445523,1096.7338037780526,2287.7242338890046,533712.6705459993,61029.72692775449,59904.50907368391
avg.none,full,boot5,C28M22,C28,M22,H3K4me3,109056943,485.0624654055178,0.8197429358777477,0.2254346034171435,5741.988073988702,864.5212449189372,1981.9758853240382,339304.28132179764,48360.516985913026,47775.300821772675
avocado.none,full,boot5,C28M22,C28,M22,H3K4me3,109056943,586.7391529517466,0.703506849135298,0.12427310424998153,6987.378266921521,1050.8589858933046,2360.255461694606,358887.16624063207,58597.49735680207,58070.690114796074
avocado005.none,full,boot5,C28M22,C28,M22,H3K4me3,109056943,609.7145636421552,0.7689079042981823,0.23693132575189807,7244.1262231649935,1091.937957671307,2437.45493433968,389906.11100778263,60896.42878503129,59833.721783278925
avg.none,full,boot6,C28M22,C28,M22,H3K4me3,109061613,473.6310806660883,0.8264890886501055,0.2267312458188085,5583.821215998277,854.1810311161034,1837.3568146365692,276957.5791887491,47260.4909162817,46591.76711305604
avocado.none,full,boot6,C28M22,C28,M22,H3K4me3,109061613,582.0609543847863,0.6976101057301392,0.13605642829425654,6915.164283602556,1051.8892916496113,2236.3594010329325,298347.8550891693,58186.205834751316,57534.320246083174
avocado005.none,full,boot6,C28M22,C28,M22,H3K4me3,109061613,599.4689011830366,0.7744529220138258,0.23913040058806528,7111.962864390648,1083.6428680582735,2290.5214495199625,326397.2414142901,59929.89885982901,58792.12618227107
avg.none,full,boot7,C28M22,C28,M22,H3K4me3,109047925,478.7191729898425,0.8218139399236093,0.20327657342224686,6076.106071885483,840.5376373287186,1796.952518459037,279900.9613852353,47764.45187891219,47242.562696881476
avocado.none,full,boot7,C28M22,C28,M22,H3K4me3,109047925,581.0409930620377,0.7032975141268683,0.12232152646866322,7379.107832134956,1025.7626952809924,2165.5440470021663,299324.5344545415,58074.19755499516,57481.763411953565
avocado005.none,full,boot7,C28M22,C28,M22,H3K4me3,109047925,602.9428552904283,0.7720194883540739,0.21591442224539883,7625.314263009902,1064.482234864812,2244.378777487532,329439.1466831158,60267.78471611308,59313.84582466206
avg.none,full,boot8,C28M22,C28,M22,H3K4me3,109595897,525.6267677376263,0.8093948738843542,0.21760972195101908,6288.271426326861,916.1134333600095,1959.916642784961,367832.363633811,52460.01821406636,51748.63413399647
avocado.none,full,boot8,C28M22,C28,M22,H3K4me3,109595897,631.4093395029936,0.6966114687992896,0.1344099378023997,7582.7625342758165,1104.0803789971974,2339.8020844961925,388411.37694674346,63119.759245121815,62446.948402412505
avocado005.none,full,boot8,C28M22,C28,M22,H3K4me3,109595897,654.9007567885793,0.7598931759927742,0.23115511820411716,7858.864308414057,1146.3689279981036,2415.9902010725327,419325.8902605437,65472.680245590505,64175.36045837515
avg.none,full,boot9,C28M22,C28,M22,H3K4me3,109214154,483.5224864534522,0.808754283693492,0.2086480772710644,6056.001509559365,851.9542563236629,1916.2243163771934,369324.45282623696,48258.616283512834,47680.95315850158
avocado.none,full,boot9,C28M22,C28,M22,H3K4me3,109214154,581.1558601301813,0.6940271779833798,0.11399405499064676,7314.716970038111,1027.073201014423,2283.984512528867,389820.1960389909,58096.90641912603,57571.255359525676
avocado005.none,full,boot9,C28M22,C28,M22,H3K4me3,109214154,603.0425823769406,0.7601058198116932,0.22054429309508633,7573.880364281122,1067.2684242287887,2360.1410185216005,421079.0826462337,60288.549006572364,59349.99975945287
candi.none,common,all23,C28M22,C28,M22,H3K4me3,121240975,580.5707931580467,0.6074138915834179,0.23769481755633362,7010.698614964995,1033.9012185868262,2130.0934608492125,389684.19155410957,57788.19001745831,54816.18660885602
candi.tcfloor,common,all23,C28M22,C28,M22,H3K4me3,121240975,484.2396060130322,0.8156213836784323,0.2191698933883027,5814.486905544437,857.0059642140881,1837.1163300896283,348168.6341295997,48311.784794088795,47806.63976312673
avg.none,common,all23,C28M22,C28,M22,H3K4me3,121240975,495.41155833968566,0.8128244386812024,0.21781993183333018,5954.3696472695865,876.5118106893343,1884.3611014304338,352752.3702446012,49434.00064504699,48807.72622555874
avocado.none,common,all23,C28M22,C28,M22,H3K4me3,121240975,601.1627602156038,0.6972405461412803,0.12993038172685661,7266.374781866601,1067.8433307468147,2268.812573786369,375127.44730218913,60086.799277553946,59491.393480362975
candi.none,common,boot0,C28M22,C28,M22,H3K4me3,109249991,571.0945788493968,0.6008399887400988,0.22720450643038068,7015.932783128572,1015.7995433150483,2174.924360462302,403370.6698537107,56861.53334863191,54118.69481684391
candi.tcfloor,common,boot0,C28M22,C28,M22,H3K4me3,109249991,478.7802306453734,0.8060613386732531,0.20732282397802282,5832.663579344208,846.357293898892,1890.8281124902933,360953.95911133185,47777.611688573175,47315.26000326635
avg.none,common,boot0,C28M22,C28,M22,H3K4me3,109249991,489.60131710969256,0.8031141741292257,0.20665697803198702,5969.521297386357,865.26699126241,1938.2719206560694,365551.0157663806,48864.56595685422,48282.74210351184
avocado.none,common,boot0,C28M22,C28,M22,H3K4me3,109249991,594.816287946543,0.6764791558648976,0.13375447892992384,7303.09359084617,1055.978617172504,2326.4612117455317,387968.3939685947,59462.55188058226,58898.89182181244
candi.none,common,boot1,C28M22,C28,M22,H3K4me3,109208574,556.8611365373743,0.6066488361965595,0.2414560049589607,6847.812350220806,985.4706082431858,2161.882603934207,404511.9271738488,55449.0085502659,52766.16761016401
candi.tcfloor,common,boot1,C28M22,C28,M22,H3K4me3,109208574,467.3554171096274,0.8084641144690402,0.22313690109647646,5704.104856601245,821.7962887259,1874.7512717455943,361998.86262494564,46640.42921368934,46165.96555326959
avg.none,common,boot1,C28M22,C28,M22,H3K4me3,109208574,478.1317309132735,0.8054586661160097,0.22222376459877224,5840.514354613052,840.7493962001689,1921.2061902229932,366613.7390658297,47722.72077270495,47135.634867899076
avocado.none,common,boot1,C28M22,C28,M22,H3K4me3,109208574,573.3226578969139,0.6915848429035383,0.13393067612975265,7046.56315526646,1012.0315420801679,2285.308112452058,387387.5493819366,57313.22530167894,56739.80428863753
candi.none,common,boot2,C28M22,C28,M22,H3K4me3,109027430,611.7551741128669,0.6043131157860231,0.2351579951865398,7247.241732330926,1099.506568395001,2197.4429700716037,401654.5291457294,60901.22475857717,57668.14078255703
candi.tcfloor,common,boot2,C28M22,C28,M22,H3K4me3,109027430,512.2206876746588,0.814744584283191,0.22022434006165864,6027.540453597067,915.3844710181911,1903.4272083087762,359144.0250857455,51114.806192788106,50539.80306373595
avg.none,common,boot2,C28M22,C28,M22,H3K4me3,109027430,523.7541371143147,0.8121451617650494,0.21973717087918546,6169.158995907553,935.7368865004532,1951.50961673585,363801.94027825014,52273.75092075978,51578.16461204995
avocado.none,common,boot2,C28M22,C28,M22,H3K4me3,109027430,643.3804070305255,0.7286704191455814,0.12466748996184072,7636.694912469406,1153.0791573593317,2394.5256552904943,387330.38152707514,64319.61787561904,63672.91732143844
candi.none,common,boot3,C28M22,C28,M22,H3K4me3,109057846,618.8146787205332,0.6087988782847125,0.24000880470351849,7126.204399031718,1087.84314255085,1949.4120751146238,399396.81134938815,61590.00860905033,58099.046565268145
candi.tcfloor,common,boot3,C28M22,C28,M22,H3K4me3,109057846,515.7531670639545,0.8192162554089506,0.22241309987823035,5902.0117447217235,901.1593667802374,1655.054438984075,356461.9565195269,51462.75249014405,50855.67376192393
avg.none,common,boot3,C28M22,C28,M22,H3K4me3,109057846,527.5567233810629,0.8163892781172857,0.22120481323861077,6043.074326127126,921.4640751837244,1700.2824684801394,360991.5460256926,52649.2032579413,51905.08988324173
avocado.none,common,boot3,C28M22,C28,M22,H3K4me3,109057846,638.9133862567935,0.6998526501680782,0.13679571892456502,7364.083460923143,1119.9458192021618,2064.8863749981847,380891.2388193812,63869.3511988606,63185.834459343365
candi.none,common,boot4,C28M22,C28,M22,H3K4me3,108648504,573.0046424170814,0.6004566686882332,0.2485270419073551,6812.021767023097,1032.103863721678,2091.725873076687,511593.8934501603,57042.7086533946,54121.71469313041
candi.tcfloor,common,boot4,C28M22,C28,M22,H3K4me3,108648504,477.6215134396822,0.8078318014223166,0.22716958846376953,5642.580988699098,854.2410681006342,1800.292299711183,479597.86971878033,47657.90342031293,47163.044280129194
avg.none,common,boot4,C28M22,C28,M22,H3K4me3,108648504,488.39203234621067,0.8049385456070665,0.2260674924886411,5776.147567989884,873.1696307050676,1845.9369761852145,484677.6272667747,48740.11960873025,48123.47299338484
avocado.none,common,boot4,C28M22,C28,M22,H3K4me3,108648504,598.7184191953572,0.6948927236524906,0.13837884703451744,7130.146391764076,1076.4388944278633,2236.586699027133,527747.4579443862,59853.704693032465,59279.37681359007
candi.none,common,boot5,C28M22,C28,M22,H3K4me3,109056922,570.7274830608231,0.613662931630722,0.24497953425607047,6781.8019377002565,1024.7851926213796,2229.829162605077,376034.06423569395,56762.11389938243,53832.55080201257
candi.tcfloor,common,boot5,C28M22,C28,M22,H3K4me3,109056922,473.89877583115197,0.8227169444593447,0.2263930915418214,5602.988102454792,844.9569612352004,1933.4345726634547,334750.4880064428,47240.21743333,46766.95896827047
avg.none,common,boot5,C28M22,C28,M22,H3K4me3,109056922,485.06255880914216,0.8197429358203121,0.22543415302438144,5741.988073988702,864.5212449189372,1981.9758853240382,339304.28132179764,48360.516985913026,47775.300821772675
avocado.none,common,boot5,C28M22,C28,M22,H3K4me3,109056922,586.7392659333404,0.7035068488787048,0.12427262217559186,6987.378266921521,1050.8589858933046,2360.255461694606,358887.16624063207,58597.49735680207,58070.690114796074
candi.none,common,boot6,C28M22,C28,M22,H3K4me3,109061592,561.2048117525237,0.615211764886593,0.2548749656740022,6664.136615921608,1017.2571766784191,2099.7242324813637,313876.1899156085,55852.949672025934,52840.709511095476
candi.tcfloor,common,boot6,C28M22,C28,M22,H3K4me3,109061592,462.47916291880495,0.8290920911325893,0.23160316699032596,5445.130187554483,834.5560971291322,1790.2032633535243,272655.53323368554,46139.882514566765,45589.588309975436
avg.none,common,boot6,C28M22,C28,M22,H3K4me3,109061592,473.63117186458,0.8264890885921912,0.22673079600482565,5583.821215998277,854.1810311161034,1837.3568146365692,276957.5791887491,47260.534223762355,46591.80981793119
avocado.none,common,boot6,C28M22,C28,M22,H3K4me3,109061592,582.0610664607744,0.6976101054508776,0.1360559501153894,6915.164283602556,1051.8892916496113,2236.3594010329325,298347.8550891693,58186.25915930008,57534.37299821525
candi.none,common,boot7,C28M22,C28,M22,H3K4me3,109047905,564.0811789072254,0.6136744358112901,0.22312710104422662,7148.633318122411,998.207707325047,2041.525260775746,317335.5412539808,56145.0184915776,53226.01801173687
candi.tcfloor,common,boot7,C28M22,C28,M22,H3K4me3,109047905,467.5783575680259,0.8245444627974852,0.20567549907719837,5932.613924958206,821.1806943687782,1749.2716959867817,275545.12841213297,46645.49382668333,46241.53345519223
avg.none,common,boot7,C28M22,C28,M22,H3K4me3,109047905,478.71926078963526,0.8218139398699902,0.20327613273164785,6076.106071885483,840.5376373287186,1796.952518459037,279900.9613852353,47764.45187891219,47242.562696881476
avocado.none,common,boot7,C28M22,C28,M22,H3K4me3,109047905,581.0410996273902,0.7032975138805007,0.12232106465433579,7379.107832134956,1025.7626952809924,2165.5440470021663,299324.5344545415,58074.19755499516,57481.763411953565
candi.none,common,boot8,C28M22,C28,M22,H3K4me3,109595876,613.0488483891077,0.6057355355446258,0.23356122624856868,7358.485573980841,1074.9761279428367,2205.2644502682647,405227.9140532153,61028.888660031786,57928.73384286571
candi.tcfloor,common,boot8,C28M22,C28,M22,H3K4me3,109595876,513.9200508538574,0.8121578078996311,0.21780874701967567,6141.4385002346835,895.9514781098918,1911.1289067405858,363145.1825198214,51283.62562821577,50702.58751562811
avg.none,common,boot8,C28M22,C28,M22,H3K4me3,109595876,525.6268684545742,0.809394873813951,0.2176092698938193,6288.271426326861,916.1134333600095,1959.916642784961,367832.363633811,52460.01821406636,51748.63413399647
avocado.none,common,boot8,C28M22,C28,M22,H3K4me3,109595876,631.4094604884293,0.6966114685351935,0.13440946306459586,7582.7625342758165,1104.0803789971974,2339.8020844961925,388411.37694674346,63119.759245121815,62446.948402412505
candi.none,common,boot9,C28M22,C28,M22,H3K4me3,109214135,565.006317199881,0.6050511483722648,0.22728501050503627,7102.767887579555,1001.4051227903354,2154.8568318527214,407664.0653545159,56262.16371134158,53501.567714265526
candi.tcfloor,common,boot9,C28M22,C28,M22,H3K4me3,109214135,472.67390357499414,0.8113915400135254,0.20932339060114286,5914.849962364268,833.0842276210878,1868.769307031266,364688.45417753037,47169.13829370315,46701.595418215395
avg.none,common,boot9,C28M22,C28,M22,H3K4me3,109214135,483.5225705719341,0.8087542836388206,0.20864766198166407,6056.001509559365,851.9542563236629,1916.2243163771934,369324.45282623696,48258.616283512834,47680.95315850158
avocado.none,common,boot9,C28M22,C28,M22,H3K4me3,109214135,581.1559612331329,0.6940271777523271,0.1139936151603802,7314.716970038111,1027.073201014423,2283.984512528867,389820.1960389909,58096.90641912603,57571.255359525676
avg.none,full,all23,C28M29,C28,M29,H3K9me3,121240998,0.4432477528238595,0.2230294568100545,0.28099502053651043,0.30318873432601834,0.3048839500800298,1.2496256742778504,31009.89972799697,24.436706690998687,10.164462544996058
avocado.none,full,all23,C28M29,C28,M29,H3K9me3,121240998,0.4993235977795964,0.15967833778845694,0.20685888674230918,0.32670537762910556,0.3769397558847829,1.2832037365737983,30933.537267817475,25.871195653188195,15.394304907321098
avocado005.none,full,all23,C28M29,C28,M29,H3K9me3,121240998,0.6331094782415778,0.1411289425121186,0.24676373201281604,0.4121053834042888,0.6527465366359766,1.257348855213272,31028.245804364426,31.87411856968112,25.486074352134647
avg.none,full,boot0,C28M29,C28,M29,H3K9me3,109250012,0.42989995639228795,0.22567211579803312,0.27141063691186,0.3095911247707175,0.3082731927344907,1.377915868186558,13789.293552866133,22.843737083112703,10.854471960242677
avocado.none,full,boot0,C28M29,C28,M29,H3K9me3,109250012,0.48881209298556355,0.1627269907071431,0.19752264047618232,0.33305343090506423,0.384957237650983,1.4110481042447682,13703.881937369631,24.276606648645508,16.597226322885554
avocado005.none,full,boot0,C28M29,C28,M29,H3K9me3,109250012,0.6358164186898376,0.1426527062114627,0.237410444117915,0.4257131632928404,0.6884784217781533,1.3838681110679754,13809.646220314005,30.893502762311744,27.75550823784746
avg.none,full,boot1,C28M29,C28,M29,H3K9me3,109208595,0.4482287722298309,0.2086756217481979,0.2823500401365879,0.2862354182729235,0.2887716218604772,1.3708821707930898,35353.61338710222,25.632601156875413,10.478256457504207
avocado.none,full,boot1,C28M29,C28,M29,H3K9me3,109208595,0.5080713306882705,0.1502487985015755,0.20692288429566297,0.30439759505503716,0.36747415674603356,1.4061644760989684,35266.48310336735,26.996577372507854,16.340117281546405
avocado005.none,full,boot1,C28M29,C28,M29,H3K9me3,109208595,0.5671321014972328,0.13617005158944984,0.24870285091714406,0.3590510917187803,0.4861658121252783,1.375009717843378,35373.41991797783,30.49252878903174,18.77236611378735
avg.none,full,boot2,C28M29,C28,M29,H3K9me3,109027451,0.4653997182716906,0.22309519597652114,0.2835482822845687,0.30582784107676914,0.3122391081394484,1.353768978089105,33931.61386639974,26.327670094411452,10.886350085005118
avocado.none,full,boot2,C28M29,C28,M29,H3K9me3,109027451,0.5206717042254885,0.1643769601625511,0.22217692547324003,0.3332654259079492,0.3858149491728622,1.3743617464701199,33848.049627053515,27.81980754272646,16.237087595720446
avocado005.none,full,boot2,C28M29,C28,M29,H3K9me3,109027451,0.6692869444951905,0.14055429471791314,0.24836634751038209,0.42293433732118024,0.6895301293044457,1.3631712152067041,33951.63067638176,34.36094527927898,27.437295119419076
avg.none,full,boot3,C28M29,C28,M29,H3K9me3,109057867,0.4634453438007713,0.22485269898226273,0.2851676277386755,0.30776090800247835,0.30797747560526223,1.3258558053894745,34147.74272251224,26.18369340957156,10.80923650275344
avocado.none,full,boot3,C28M29,C28,M29,H3K9me3,109057867,0.5275233573455863,0.16014413408053044,0.2119442969693044,0.3347234512327756,0.3880255165861363,1.3639032961592803,34063.60929213322,27.595738486440077,16.80874342787758
avocado005.none,full,boot3,C28M29,C28,M29,H3K9me3,109057867,0.6670058907532427,0.14119938384733113,0.2509263606274974,0.41767837777156336,0.6728938095224524,1.3355097249721255,34167.81148513476,34.146843401071315,27.040142071244905
avg.none,full,boot4,C28M29,C28,M29,H3K9me3,108648525,0.4525330295460514,0.21717200848932214,0.2853499661218053,0.2970409146295507,0.29580472735543933,1.360317982098126,34866.50780173716,25.79160501395062,10.885858330043554
avocado.none,full,boot4,C28M29,C28,M29,H3K9me3,108648525,0.5081076109951567,0.14696183296916812,0.20702514570308556,0.31401224155101315,0.3681702015667353,1.395799206304701,34780.627128786095,27.371320263770436,16.253710311082802
avocado005.none,full,boot4,C28M29,C28,M29,H3K9me3,108648525,0.6150992975805688,0.1405075438262788,0.2511483504177101,0.3889676098515884,0.6028985104416172,1.3684435643838133,34886.32243421551,31.43611534888022,23.580905060625778
avg.none,full,boot5,C28M29,C28,M29,H3K9me3,109056943,0.4586043976052939,0.22128704945409586,0.287988064674268,0.3070436338355782,0.30838696426103107,1.3835965254863802,34396.82998841604,26.058952876869366,10.951947041127525
avocado.none,full,boot5,C28M29,C28,M29,H3K9me3,109056943,0.5181965509448373,0.15930701915341972,0.20950613875111704,0.33059916828251207,0.38578961219279234,1.4154286581797675,34312.0873788241,27.48959343985725,16.60945567883996
avocado005.none,full,boot5,C28M29,C28,M29,H3K9me3,109056943,0.6637932273179904,0.13779588378227606,0.2524298768186292,0.41990149956714456,0.6877180548241503,1.3890238555816639,34417.1268671276,34.110362623835584,27.425327251231707
avg.none,full,boot6,C28M29,C28,M29,H3K9me3,109061613,0.4518689067931018,0.22067243882370693,0.2856119748521218,0.3011757035904406,0.30074570011111346,1.349034389168705,34603.9488084945,25.67073298736042,10.809136299352755
avocado.none,full,boot6,C28M29,C28,M29,H3K9me3,109061613,0.5104055243249602,0.15283421416099094,0.20938527980764804,0.3287642987463937,0.37558887634038773,1.3899895850193593,34518.74668479426,27.174694144320142,16.21260015357059
avocado005.none,full,boot6,C28M29,C28,M29,H3K9me3,109061613,0.6509838570427481,0.13771309658352512,0.250932955222989,0.4149297974022726,0.6738113647418283,1.3619391115001676,34624.33111557871,33.60854692500243,26.859905318726888
avg.none,full,boot7,C28M29,C28,M29,H3K9me3,109047925,0.46216279151436734,0.2179905813852136,0.26836401130334375,0.2947529583115816,0.30460105165589013,1.3708234120814278,33831.09083709207,26.001760449450785,10.737877177373104
avocado.none,full,boot7,C28M29,C28,M29,H3K9me3,109047925,0.49660359113423913,0.16818290623533094,0.19277630440400156,0.31977997285249393,0.35536645394974803,1.396828450683721,33747.62576542462,27.29803557753927,14.24091857758024
avocado005.none,full,boot7,C28M29,C28,M29,H3K9me3,109047925,0.6626238669019228,0.13832332865797886,0.23529224729367368,0.40924268184009144,0.672254864772915,1.3769826880690588,33850.89740521887,33.96649568731818,26.84071891177789
avg.none,full,boot8,C28M29,C28,M29,H3K9me3,109595897,0.4671519155391115,0.22232943438642597,0.2859713672148802,0.31463697062118784,0.31282365743436186,1.327787453091744,33288.11110030501,26.305380036331275,10.638737265447142
avocado.none,full,boot8,C28M29,C28,M29,H3K9me3,109595897,0.5300679212141872,0.15731127943361156,0.20566435349197926,0.3419344824406666,0.3918249818828843,1.364210985250479,33206.13615243366,27.798719960413734,16.689034823489905
avocado005.none,full,boot8,C28M29,C28,M29,H3K9me3,109595897,0.6733778392577011,0.13976370193296628,0.2526139073043183,0.4339634543829307,0.6897988710007469,1.3352516102002054,33307.78374360053,34.318161975652195,27.76999704174635
avg.none,full,boot9,C28M29,C28,M29,H3K9me3,109214154,0.3332815764950542,0.254350274658717,0.2734132060750473,0.30742224430349685,0.30876617896869135,0.2634517711182668,21449.074498787086,13.33574688270513,3.812662493113308
avocado.none,full,boot9,C28M29,C28,M29,H3K9me3,109214154,0.38483357555970643,0.18056863145846988,0.2055684782226095,0.32560378840462506,0.365840214308757,0.30133129031392386,21449.520960388298,14.645047050590984,7.869365934860496
avocado005.none,full,boot9,C28M29,C28,M29,H3K9me3,109214154,0.5259614714165718,0.16276827048457254,0.23918238280605564,0.42771779904075125,0.6607233603684045,0.2712540986870465,21451.76050051452,21.03389258662331,22.512776443687965
candi.none,common,all23,C28M29,C28,M29,H3K9me3,121240975,0.43668472966206456,0.11794733361798578,0.2054732930800567,0.2708706052896309,0.2998856135594848,1.2328805495191206,31075.819784689276,27.618484246048837,0.322579469860257
candi.tcfloor,common,all23,C28M29,C28,M29,H3K9me3,121240975,0.4210923541704887,0.2318215927785317,0.29105270805932626,0.2669271780378165,0.2817153617056371,1.2253181650682248,31036.7944216396,25.290935337109627,8.417560544261578
avg.none,common,all23,C28M29,C28,M29,H3K9me3,121240975,0.44324783691010433,0.22302937837793774,0.28099460971858053,0.30318873432601834,0.3048839500800298,1.2496256742778504,31009.89972799697,24.436706690998687,10.164462544996058
avocado.none,common,all23,C28M29,C28,M29,H3K9me3,121240975,0.49932369141332156,0.15967827856086889,0.20685843987686323,0.32670537762910556,0.3769397558847829,1.2832037365737983,30933.537267817475,25.871195653188195,15.394304907321098
candi.none,common,boot0,C28M29,C28,M29,H3K9me3,109249991,0.4220867067210341,0.11359693168165878,0.19374664291097193,0.27232094441059723,0.3016624831727036,1.3592878650375362,13860.551588085986,26.078034428226125,0.3200863027607347
candi.tcfloor,common,boot0,C28M29,C28,M29,H3K9me3,109249991,0.40679819034189263,0.2336793720597682,0.28104103275976033,0.27011655646450294,0.2836778890749745,1.351723358092605,13816.949567119607,23.705181488455406,9.096147087191758
avg.none,common,boot0,C28M29,C28,M29,H3K9me3,109249991,0.42990003902752666,0.22567203440541167,0.27141021518189956,0.3095911247707175,0.3082731927344907,1.377915868186558,13789.293552866133,22.843756841558758,10.854480661228463
avocado.none,common,boot0,C28M29,C28,M29,H3K9me3,109249991,0.4888121858283954,0.16272693119720028,0.19752218260750568,0.33305343090506423,0.384957237650983,1.4110481042447682,13703.881937369631,24.27662837135889,16.597239349970973
candi.none,common,boot1,C28M29,C28,M29,H3K9me3,109208574,0.4402177542641436,0.118352683565946,0.21219707007510535,0.249818448809077,0.28144629039191044,1.3531048047573395,35428.61452254469,28.477384473554853,0.31093465003112636
candi.tcfloor,common,boot1,C28M29,C28,M29,H3K9me3,109208574,0.4276622867602485,0.2183463882290673,0.2931484291410701,0.25058194980256626,0.2689295218886014,1.3468802274917953,35384.25960144414,26.435120382394818,9.016747316301965
avg.none,common,boot1,C28M29,C28,M29,H3K9me3,109208574,0.44822885842090426,0.20867554022781884,0.2823496243089892,0.2862354182729235,0.2887716218604772,1.3708821707930898,35353.61338710222,25.632601156875413,10.478256457504207
avocado.none,common,boot1,C28M29,C28,M29,H3K9me3,109208574,0.5080714272084963,0.15024873922190218,0.20692243153358825,0.30439759505503716,0.36747415674603356,1.4061644760989684,35266.48310336735,26.996577372507854,16.340117281546405
candi.none,common,boot2,C28M29,C28,M29,H3K9me3,109027430,0.4605232703464425,0.11664015303490063,0.20695178093202335,0.27813411651221254,0.3083414510229245,1.3378934845719057,34003.73793715482,29.642923806353718,0.33202462922919607
candi.tcfloor,common,boot2,C28M29,C28,M29,H3K9me3,109027430,0.44326755298015913,0.23164925508898723,0.29390425511881646,0.27120723939728414,0.2883829649552821,1.3294942099970861,33961.046153466625,27.21516531081096,9.156324824073302
avg.none,common,boot2,C28M29,C28,M29,H3K9me3,109027430,0.46539980791329805,0.2230951184782063,0.2835478667503127,0.30582784107676914,0.3122391081394484,1.353768978089105,33931.61386639974,26.327670094411452,10.886350085005118
avocado.none,common,boot2,C28M29,C28,M29,H3K9me3,109027430,0.5206718033048456,0.16437690252065962,0.2221764818216137,0.3332654259079492,0.3858149491728622,1.3743617464701199,33848.049627053515,27.81980754272646,16.237087595720446
candi.none,common,boot3,C28M29,C28,M29,H3K9me3,109057846,0.4592843711590594,0.11869638902806873,0.20956441439497048,0.2762003550648122,0.3048277932395268,1.310858865284867,34220.26828677499,29.49641587852267,0.33712271051906806
candi.tcfloor,common,boot3,C28M29,C28,M29,H3K9me3,109057846,0.4416103123486091,0.23370074859197004,0.2960337118159433,0.2712459013556927,0.2850306838161646,1.3019783264701075,34177.342623336765,27.06887822736889,9.104550214330798
avg.none,common,boot3,C28M29,C28,M29,H3K9me3,109057846,0.46344543304104674,0.22485262194160135,0.2851672132372075,0.30776090800247835,0.30797747560526223,1.3258558053894745,34147.74272251224,26.18369340957156,10.80923650275344
avocado.none,common,boot3,C28M29,C28,M29,H3K9me3,109057846,0.5275234578351913,0.16014407545140827,0.21194384558633472,0.3347234512327756,0.3880255165861363,1.3639032961592803,34063.60929213322,27.595738486440077,16.80874342787758
candi.none,common,boot4,C28M29,C28,M29,H3K9me3,108648504,0.4434050688862312,0.1175381535192977,0.21423666735198113,0.26227848966103057,0.2922629490557267,1.342785997565663,34940.58050546205,28.894015256650324,0.30858917010808457
candi.tcfloor,common,boot4,C28M29,C28,M29,H3K9me3,108648504,0.4295654073513535,0.2261672808406029,0.2964308685055011,0.2605483241202085,0.27423947233967216,1.3353408571689318,34896.746478355046,26.61995473106514,9.086225869859271
avg.none,common,boot4,C28M29,C28,M29,H3K9me3,108648504,0.4525331170133728,0.21717193141920815,0.2853495497243875,0.2970409146295507,0.29580472735543933,1.360317982098126,34866.50780173716,25.79160501395062,10.885858330043554
avocado.none,common,boot4,C28M29,C28,M29,H3K9me3,108648504,0.5081077085874112,0.14696177504587593,0.20702469053467867,0.31401224155101315,0.3681702015667353,1.395799206304701,34780.627128786095,27.371320263770436,16.253710311082802
candi.none,common,boot5,C28M29,C28,M29,H3K9me3,109056922,0.451600705807573,0.11935967248983032,0.2143893633162574,0.2705889586372533,0.30254588592469017,1.3675016635107857,34469.92231556189,29.280495449140716,0.3209272151946799
candi.tcfloor,common,boot5,C28M29,C28,M29,H3K9me3,109056922,0.43600766377055195,0.23036609311848733,0.29856239088796227,0.26844654887644304,0.28404523310342583,1.3591847081383623,34426.66422237884,26.91933453678382,9.11150157276993
avg.none,common,boot5,C28M29,C28,M29,H3K9me3,109056922,0.4586044859141529,0.2212869729215429,0.2879876515584433,0.3070436338355782,0.30838696426103107,1.3835965254863802,34396.82998841604,26.058952876869366,10.951947041127525
avocado.none,common,boot5,C28M29,C28,M29,H3K9me3,109056922,0.5181966496035871,0.159306962561566,0.209505687148718,0.33059916828251207,0.38578961219279234,1.4154286581797675,34312.0873788241,27.48959343985725,16.60945567883996
candi.none,common,boot6,C28M29,C28,M29,H3K9me3,109061592,0.445080413927777,0.11969363572176116,0.21217142709303127,0.26901134218435413,0.29562514994204014,1.3367845053208103,34677.4617601941,28.78031579910638,0.31696586507474
candi.tcfloor,common,boot6,C28M29,C28,M29,H3K9me3,109061592,0.42985505164149823,0.22986366929657395,0.2959355013492812,0.26489705603398306,0.27735341029423716,1.3274029997905448,34633.95984812407,26.489843587629892,9.14286983155773
avg.none,common,boot6,C28M29,C28,M29,H3K9me3,109061592,0.45186899380124884,0.22067236131065152,0.28561156038318225,0.3011757035904406,0.30074570011111346,1.349034389168705,34603.9488084945,25.670752894661625,10.809145800313638
avocado.none,common,boot6,C28M29,C28,M29,H3K9me3,109061592,0.5104056215250854,0.1528341544281281,0.20938482609642545,0.3287642987463937,0.37558887634038773,1.3899895850193593,34518.74668479426,27.174714532124664,16.21260015357059
candi.none,common,boot7,C28M29,C28,M29,H3K9me3,109047905,0.4560280571783686,0.1065351127550185,0.1844025230930155,0.27427330011734624,0.29967107355378875,1.3520632817427907,33902.89284204947,29.222514431370104,0.32104261919052385
candi.tcfloor,common,boot7,C28M29,C28,M29,H3K9me3,109047905,0.4400498529003127,0.22497295323579203,0.27518481287799307,0.26514613769000805,0.28109021964446923,1.3458394746761548,33860.408934513565,26.860099086646702,9.033557880159538
avg.none,common,boot7,C28M29,C28,M29,H3K9me3,109047905,0.4621628762776264,0.21799050496750697,0.26836360737515114,0.2947529583115816,0.30460105165589013,1.3708234120814278,33831.09083709207,26.001760449450785,10.737877177373104
avocado.none,common,boot7,C28M29,C28,M29,H3K9me3,109047905,0.496603681063639,0.16818284467924555,0.19277586442406192,0.31977997285249393,0.35536645394974803,1.396828450683721,33747.62576542462,27.29803557753927,14.24091857758024
candi.none,common,boot8,C28M29,C28,M29,H3K9me3,109595876,0.46154252667062307,0.11954195121243388,0.21101747153375683,0.28097486020148943,0.3081889763096445,1.311185292562034,33358.86409356601,29.624549098616654,0.3381902289993751
candi.tcfloor,common,boot8,C28M29,C28,M29,H3K9me3,109595876,0.4445107121832683,0.2314908634062414,0.2966271816488408,0.27627731660227406,0.2887843691708061,1.3032266598391407,33316.98205656054,27.19327673952788,9.136904550888932
avg.none,common,boot8,C28M29,C28,M29,H3K9me3,109595876,0.4671520050515145,0.22232935696503683,0.28597095530737443,0.31463697062118784,0.31282365743436186,1.327787453091744,33288.11110030501,26.305380036331275,10.638737265447142
avocado.none,common,boot8,C28M29,C28,M29,H3K9me3,109595876,0.5300680215892569,0.1573112212904142,0.2056639023499662,0.3419344824406666,0.3918249818828843,1.364210985250479,33206.13615243366,27.798719960413734,16.689034823489905
candi.none,common,boot9,C28M29,C28,M29,H3K9me3,109214135,0.32716704613490083,0.1316381464631113,0.19523478742073822,0.27450062049188323,0.30380014764165936,0.2443625571605631,21452.014079123015,16.44548560193352,0.3190243710310084
candi.tcfloor,common,boot9,C28M29,C28,M29,H3K9me3,109214135,0.31169340150878283,0.2639994446373673,0.28290756223535635,0.2703732197975533,0.2852353210806442,0.23925688834975212,21451.585707340244,14.180791634492309,2.5887365256871906
avg.none,common,boot9,C28M29,C28,M29,H3K9me3,109214135,0.33328163447610165,0.25435019111338886,0.2734128254840323,0.30742224430349685,0.30876617896869135,0.2634517711182668,21449.074498787086,13.33574688270513,3.812662493113308
avocado.none,common,boot9,C28M29,C28,M29,H3K9me3,109214135,0.38483364136491577,0.18056856652192455,0.20556806723288365,0.32560378840462506,0.365840214308757,0.30133129031392386,21449.520960388298,14.645047050590984,7.869365934860496
avg.none,full,all23,C31M01,C31,M01,ATAC-seq,121240998,26.03836429012808,0.5680111912960929,0.5428168147689587,153.83403940960613,32.021668036856916,248.56181302756647,16838.945469949915,2358.356338830785,1256.2312495610406
avocado.none,full,all23,C31M01,C31,M01,ATAC-seq,121240998,30.48271269279263,0.44748328494526457,0.4057596846068858,239.4660900557857,41.37787502481803,248.2085986633691,112426.75079397396,2990.856446223419,1895.2063636368723
avocado005.none,full,all23,C31M01,C31,M01,ATAC-seq,121240998,33.55040377303421,0.30834619774384714,0.3385906541291677,299.60005713636565,46.79241106940251,252.4715526368277,140783.75564266133,3156.790507356433,1909.6613224425682
avg.none,full,boot0,C31M01,C31,M01,ATAC-seq,109250012,24.0538541184058,0.5318678800852512,0.5388182216093037,134.7685422346854,28.94853804953866,243.65958085510906,10721.695183987287,2165.319591788494,1129.0267203382546
avocado.none,full,boot0,C31M01,C31,M01,ATAC-seq,109250012,26.72038488900624,0.4146503381748841,0.4354112914934802,167.68069219921443,32.64834123196578,244.82480577901387,24413.139841024233,2617.1200837879423,1558.1927938785134
avocado005.none,full,boot0,C31M01,C31,M01,ATAC-seq,109250012,28.746288442295988,0.30652471328313724,0.33438946146982373,196.88342809340472,35.25411583942753,247.37663753997376,26179.633488843596,2678.0887924336475,1516.4170556757779
avg.none,full,boot1,C31M01,C31,M01,ATAC-seq,109208595,25.795300211461033,0.5709960138578782,0.5434132488462955,152.52532356211037,32.113860508267706,257.6411701622701,18051.607302523735,2344.5524670196633,1243.4819992409496
avocado.none,full,boot1,C31M01,C31,M01,ATAC-seq,109208595,30.638370650803317,0.4470761782100975,0.40604873238354083,250.4017441572274,42.353590842975905,257.4404701573512,125790.23825737054,3008.8626126307345,1932.2955247752259
avocado005.none,full,boot1,C31M01,C31,M01,ATAC-seq,109208595,33.66057353826017,0.3066121818667631,0.33950682153104383,312.38067148368555,47.95606986746031,260.9679425127072,157604.91473701526,3171.8894089582523,1926.233942638918
avg.none,full,boot2,C31M01,C31,M01,ATAC-seq,109027451,26.579403005592617,0.569337394519212,0.5421060096459314,157.037402997939,32.73284093828654,250.12881018557744,18128.082129925027,2409.5456786591044,1286.449146578093
avocado.none,full,boot2,C31M01,C31,M01,ATAC-seq,109027451,31.389108044516114,0.4423039242867712,0.40428737467559106,249.894362234267,43.02615316188687,250.476819715031,124551.41715096521,3081.403393706611,1971.1175268626102
avocado005.none,full,boot2,C31M01,C31,M01,ATAC-seq,109027451,34.284577353830734,0.31300795210670324,0.3391644067911901,310.68763468665156,48.34612547672314,254.54850707732015,155857.99397377993,3242.2359855966115,1956.1372150425866
avg.none,full,boot3,C31M01,C31,M01,ATAC-seq,109057867,27.053903978394086,0.5730530418867351,0.5456829870835025,154.88485108445158,32.9249949221021,256.4695249544693,17574.281334069372,2446.7713189122624,1307.809133632477
avocado.none,full,boot3,C31M01,C31,M01,ATAC-seq,109057867,31.821690196332582,0.45675277774435574,0.40388234666445305,244.51883231772308,42.995710019188245,256.0460626074657,119491.54691038793,3122.2409297274457,1980.6360568199557
avocado005.none,full,boot3,C31M01,C31,M01,ATAC-seq,109057867,35.100004651589934,0.31266567348509894,0.340922060780918,309.0893198140707,48.86561667685355,261.1581100037302,149768.63878325373,3310.6606756124356,1991.0175355840795
avg.none,full,boot4,C31M01,C31,M01,ATAC-seq,108648525,25.794706349144935,0.5700626389895789,0.5450185333341508,154.83888751869816,31.850590839032183,250.84836617399844,15133.430220604278,2336.043119870296,1246.6546532729171
avocado.none,full,boot4,C31M01,C31,M01,ATAC-seq,108648525,30.261566018975362,0.4589076334967922,0.39718629412755807,244.45262848887802,41.59778838760889,245.3431498404196,117342.81215030998,2970.904958741175,1890.2737981028552
avocado005.none,full,boot4,C31M01,C31,M01,ATAC-seq,108648525,33.29828812184166,0.3076815625412935,0.34131272444929384,304.0783856179711,47.05240909970784,246.13508851155274,148938.54305650445,3129.6278369970473,1878.0472356443343
avg.none,full,boot5,C31M01,C31,M01,ATAC-seq,109056943,26.27794085708593,0.5735174263936461,0.5462503027019568,157.46428543863686,32.46494297002414,253.31327427856849,18085.563793355755,2383.629014795012,1281.6758106976847
avocado.none,full,boot5,C31M01,C31,M01,ATAC-seq,109056943,30.989082056559617,0.4482211738982157,0.40331593983493413,249.70771198119022,42.482462865868655,252.91929167547175,123270.5198560317,3041.727652193897,1952.2229898454273
avocado005.none,full,boot5,C31M01,C31,M01,ATAC-seq,109056943,34.23891327261937,0.3078389011841119,0.341766269611524,313.92184539552596,48.331407935545535,256.8241323074903,154497.0605141821,3223.613500241629,1986.2487922307719
avg.none,full,boot6,C31M01,C31,M01,ATAC-seq,109061613,25.619563377153405,0.5735246812572912,0.5459034589133743,153.27129276690562,31.90668183893541,233.37952473222663,17313.940966194004,2317.162761149343,1253.224701514982
avocado.none,full,boot6,C31M01,C31,M01,ATAC-seq,109061613,30.013400755779216,0.4543713084796705,0.400062133400657,240.53190657170765,41.78420368751918,233.28476456136815,120939.69303367815,2945.3745105066428,1885.6075905269295
avocado005.none,full,boot6,C31M01,C31,M01,ATAC-seq,109061613,33.21105113536663,0.30935255462523015,0.3408773482971307,302.74190243643216,47.617684326997306,238.6712780182548,151853.0097805483,3122.1859834071784,1896.0365800751113
avg.none,full,boot7,C31M01,C31,M01,ATAC-seq,109047925,26.753157325354977,0.5702179246190409,0.536238401209624,160.3194484052843,32.85100843282742,250.82533670435566,18221.285045088192,2428.376668117016,1294.3979676763345
avocado.none,full,boot7,C31M01,C31,M01,ATAC-seq,109047925,31.395173691897398,0.4488725258052313,0.409598759304603,253.44312749271643,42.788974994831705,251.19827370793507,124584.14752906113,3079.896764053429,1955.6911817855685
avocado005.none,full,boot7,C31M01,C31,M01,ATAC-seq,109047925,34.719987272817235,0.3071618854405682,0.33309341911538654,319.0029573464968,48.67314453463425,256.6992389216267,156328.73944691502,3270.2542275432484,1996.8795869198182
avg.none,full,boot8,C31M01,C31,M01,ATAC-seq,109595897,25.92462158398126,0.573864196124896,0.5447639288577751,156.01412501634658,31.61031449034767,233.00046134178226,17271.753720510285,2339.369522772379,1251.0533081898634
avocado.none,full,boot8,C31M01,C31,M01,ATAC-seq,109595897,30.18284670974448,0.45643135774257443,0.4042575721901646,241.71057182048102,40.86509509440725,231.08084734045383,119207.69611192807,2958.7704605786325,1874.090143060734
avocado005.none,full,boot8,C31M01,C31,M01,ATAC-seq,109595897,33.64036035357782,0.3076169667283459,0.3393886217730218,308.2775842271987,46.86151678690404,238.19799427291449,149649.13874642373,3156.9704789137727,1905.6662054668643
avg.none,full,boot9,C31M01,C31,M01,ATAC-seq,109214154,26.53419297087985,0.5689141159645335,0.5395617660854145,156.86184440416056,32.80928136035152,256.94822653292704,17715.869251224147,2412.821352654807,1267.5759839520683
avocado.none,full,boot9,C31M01,C31,M01,ATAC-seq,109214154,31.421577725319224,0.4449902491459239,0.3962955050241108,251.34900856870303,43.256009249883846,260.17409378626456,122441.35843890972,3082.6803470386717,1952.395088527596
avocado005.none,full,boot9,C31M01,C31,M01,ATAC-seq,109214154,34.60972621357729,0.30598933873703743,0.3350992950192565,317.43743225235283,48.97373412983371,264.67230394534766,154261.57961571662,3262.5687507933426,1955.7884598626517
candi.none,common,all23,C31M01,C31,M01,ATAC-seq,121240975,33.87515368428636,0.3001818281471811,0.4187277288851439,304.33618653880313,48.11354178274698,262.074904075349,153216.4159951335,3159.3102346592896,1678.5466337592604
candi.tcfloor,common,all23,C31M01,C31,M01,ATAC-seq,121240975,25.293108686766395,0.5660633037902009,0.5126869608422148,139.79975619916377,31.342941497669656,238.85872150928355,22598.46718335559,2338.8660005543657,1172.0746035361276
avg.none,common,all23,C31M01,C31,M01,ATAC-seq,121240975,26.038369229731863,0.5680111900991757,0.5428165495607411,153.83403940960613,32.021668036856916,248.56181302756647,16838.945469949915,2358.356338830785,1256.2312495610406
avocado.none,common,all23,C31M01,C31,M01,ATAC-seq,121240975,30.48271847484896,0.44748328309843344,0.40575937559472686,239.4660900557857,41.37787502481803,248.2085986633691,112426.75079397396,2990.856446223419,1895.2063636368723
candi.none,common,boot0,C31M01,C31,M01,ATAC-seq,109249991,28.688056036404355,0.3160812420479355,0.4144703078528676,193.86891884140113,35.55977382280577,256.93350917836386,26880.355746633442,2645.2524256285174,1305.7204575120168
candi.tcfloor,common,boot0,C31M01,C31,M01,ATAC-seq,109249991,23.120806016318596,0.5290101304723561,0.5094967080796977,115.44853041826332,27.775779880750566,233.9408509850937,11074.878823198806,2125.8753880137815,1026.1151825977802
avg.none,common,boot0,C31M01,C31,M01,ATAC-seq,109249991,24.05385874203031,0.5318678786096112,0.538817950630263,134.7685422346854,28.94853804953866,243.65958085510906,10721.695183987289,2165.321503701583,1129.027752416189
avocado.none,common,boot0,C31M01,C31,M01,ATAC-seq,109249991,26.720390024489088,0.4146503359852182,0.43541100009394773,167.68069219921443,32.64834123196578,244.82480577901387,24413.139841024233,2617.1224028221113,1558.1941754486775
candi.none,common,boot1,C31M01,C31,M01,ATAC-seq,109208574,33.978896592638215,0.2975813044062909,0.42257860490305416,318.0734746050767,49.28734246962656,271.2158035200457,171861.0037847955,3182.5898980821253,1721.2670436246096
candi.tcfloor,common,boot1,C31M01,C31,M01,ATAC-seq,109208574,25.17161663525461,0.5690910523817522,0.5127628566766836,140.84595715207212,31.621210388087405,247.970043365588,24608.215349827882,2334.5432295177675,1171.4416260415414
avg.none,common,boot1,C31M01,C31,M01,ATAC-seq,109208574,25.79530517170623,0.5709960126755727,0.5434129801134351,152.52532356211037,32.113860508267706,257.6411701622701,18051.607302523735,2344.5524670196633,1243.4819992409496
avocado.none,common,boot1,C31M01,C31,M01,ATAC-seq,109208574,30.638376541643666,0.4470761763465699,0.4060484176020288,250.4017441572274,42.353590842975905,257.4404701573512,125790.23825737054,3008.8626126307345,1932.2955247752259
candi.none,common,boot2,C31M01,C31,M01,ATAC-seq,109027430,34.83586861620972,0.2961775397065866,0.41838438340484574,316.7028157144994,50.069434187284614,264.341437571445,169845.4517051034,3250.7316260170996,1721.5917007369087
candi.tcfloor,common,boot2,C31M01,C31,M01,ATAC-seq,109027430,25.85582251563711,0.5674752069613621,0.5117795583781405,143.52284287593994,32.125401520349286,240.30882059684714,24610.794139363636,2392.974348064127,1203.7048566813685
avg.none,common,boot2,C31M01,C31,M01,ATAC-seq,109027430,26.5794081251067,0.5693373933253094,0.5421057399358659,157.037402997939,32.73284093828654,250.12881018557744,18128.082129925027,2409.5456786591044,1286.449146578093
avocado.none,common,boot2,C31M01,C31,M01,ATAC-seq,109027430,31.389114089753658,0.44230392243128525,0.40428706063079783,249.894362234267,43.02615316188687,250.476819715031,124551.41715096521,3081.403393706611,1971.1175268626102
candi.none,common,boot3,C31M01,C31,M01,ATAC-seq,109057846,35.57422538508846,0.2992281605909932,0.42060316775209594,314.72826643717667,50.29222773046477,271.005740737527,163126.90074797842,3315.369407147276,1736.6718021506251
candi.tcfloor,common,boot3,C31M01,C31,M01,ATAC-seq,109057846,26.30179702223461,0.5711689860056268,0.5152518125884588,141.45004152253023,32.28352524490183,246.92949721862297,23762.640285311583,2429.622594116891,1223.4993176192272
avg.none,common,boot3,C31M01,C31,M01,ATAC-seq,109057846,27.053909187849474,0.5730530406921039,0.5456827198098526,154.88485108445158,32.9249949221021,256.4695249544693,17574.281334069372,2446.7713189122624,1307.809133632477
avocado.none,common,boot3,C31M01,C31,M01,ATAC-seq,109057846,31.821696323151997,0.45675277589281893,0.40388203273245304,244.51883231772308,42.995710019188245,256.0460626074657,119491.54691038793,3122.2409297274457,1980.6360568199557
candi.none,common,boot4,C31M01,C31,M01,ATAC-seq,108648504,33.61781595003694,0.2998320017481638,0.4212271023513083,310.4225710249628,48.51883772888292,255.9892350909311,162569.86734109218,3133.8275206717367,1702.435768942151
candi.tcfloor,common,boot4,C31M01,C31,M01,ATAC-seq,108648504,25.016221787977557,0.5681332137500114,0.5144256872396568,140.3133801198574,31.17236989072442,240.55858334310278,21113.728339452628,2312.9190867205016,1159.5512672290672
avg.none,common,boot4,C31M01,C31,M01,ATAC-seq,108648504,25.794711334844813,0.5700626377908087,0.5450182640994458,154.83888751869816,31.850590839032183,250.84836617399844,15133.430220604278,2336.043119870296,1246.6546532729171
avocado.none,common,boot4,C31M01,C31,M01,ATAC-seq,108648504,30.261571867634984,0.45890763156934933,0.39718595614577545,244.45262848887802,41.59778838760889,245.3431498404196,117342.81215030998,2970.904958741175,1890.2737981028552
candi.none,common,boot5,C31M01,C31,M01,ATAC-seq,109056922,34.607665255933625,0.29791342419209993,0.42206803216138244,319.08110658368685,49.74502444826766,267.56003791876685,168297.06760591193,3232.2439612970275,1725.7297810703064
candi.tcfloor,common,boot5,C31M01,C31,M01,ATAC-seq,109056922,25.543738761666056,0.5716986272108625,0.5151851914188545,143.73008415772682,31.81282586231195,243.483453411765,24461.124458557177,2365.065202236886,1198.716789625994
avg.none,common,boot5,C31M01,C31,M01,ATAC-seq,109056922,26.277945917166004,0.5735174252306336,0.5462500352576662,157.46428543863686,32.46494297002414,253.31327427856849,18085.56379335576,2383.629014795012,1281.6758106976847
avocado.none,common,boot5,C31M01,C31,M01,ATAC-seq,109056922,30.989088023131742,0.44822117210136403,0.40331562722050357,249.70771198119022,42.482462865868655,252.91929167547175,123270.5198560317,3041.727652193897,1952.2229898454273
candi.none,common,boot6,C31M01,C31,M01,ATAC-seq,109061592,33.571663215056596,0.3000793321986944,0.42237542267147266,308.87021113860277,49.058994432461496,247.55453412277257,165645.6809236698,3129.572918225548,1685.502324697146
candi.tcfloor,common,boot6,C31M01,C31,M01,ATAC-seq,109061592,24.832756859208928,0.571663328306848,0.5151662635156602,138.91474096452032,31.20176268130041,223.6350884650888,23531.049837435392,2293.769283701604,1164.7089295284786
avg.none,common,boot6,C31M01,C31,M01,ATAC-seq,109061592,25.619568310245075,0.5735246800817821,0.5459031911656134,153.27129276690562,31.90668183893541,233.37952473222663,17313.940966194004,2317.1648154733302,1253.225368911203
avocado.none,common,boot6,C31M01,C31,M01,ATAC-seq,109061592,30.013406534340515,0.4543713066716972,0.4000618189372065,240.53190657170765,41.78420368751918,233.28476456136815,120939.69303367815,2945.377133156443,1885.6109312672138
candi.none,common,boot7,C31M01,C31,M01,ATAC-seq,109047905,35.062535505961634,0.29785959983719396,0.4093030498620986,324.7791912505913,50.055596860971654,266.7315496184486,170304.48761535244,3276.0928122282794,1744.0146322969465
candi.tcfloor,common,boot7,C31M01,C31,M01,ATAC-seq,109047905,26.031903805573553,0.5683594648262403,0.5073054740894979,146.8229320107988,32.22158856937004,241.10297646471756,24669.105986139064,2411.395350659295,1212.4884418222402
avg.none,common,boot7,C31M01,C31,M01,ATAC-seq,109047905,26.753162232034718,0.5702179234797348,0.5362381415176494,160.3194484052843,32.85100843282742,250.82533670435566,18221.285045088192,2428.376668117016,1294.3979676763345
avocado.none,common,boot7,C31M01,C31,M01,ATAC-seq,109047905,31.395179449230454,0.44887252407562356,0.4095984649628144,253.44312749271643,42.788974994831705,251.19827370793507,124584.14752906113,3079.896764053429,1955.6911817855685
candi.none,common,boot8,C31M01,C31,M01,ATAC-seq,109595876,33.99033644851633,0.2989374985193774,0.4213818306638367,314.57420073186313,48.29971435545069,245.49168540972403,163042.2420711709,3164.908906403611,1681.33575759216
candi.tcfloor,common,boot8,C31M01,C31,M01,ATAC-seq,109595876,25.110890489914567,0.5720399056922791,0.5149448143856846,141.097907615764,30.86424161518917,223.26505860494956,23438.323222830728,2314.9117078712957,1160.7212807768303
avg.none,common,boot8,C31M01,C31,M01,ATAC-seq,109595876,25.924626551477058,0.573864194923217,0.5447636623136032,156.01412501634658,31.61031449034767,233.00046134178226,17271.753720510285,2339.369522772379,1251.0533081898634
avocado.none,common,boot8,C31M01,C31,M01,ATAC-seq,109595876,30.18285249244179,0.4564313559086008,0.4042572602955556,241.71057182048102,40.86509509440725,231.08084734045383,119207.69611192807,2958.7704605786325,1874.090143060734
candi.none,common,boot9,C31M01,C31,M01,ATAC-seq,109214135,34.83095832071308,0.3005883352489443,0.4144386665441002,320.53246904704906,50.25948799443142,274.57337532570034,167392.2364356767,3263.4246218954017,1757.4820254508913
candi.tcfloor,common,boot9,C31M01,C31,M01,ATAC-seq,109214135,25.948690586735896,0.5670155674002726,0.5101489512297132,145.52589913191326,32.35121456338493,247.99144087020267,24407.88120339607,2407.6180161824186,1198.79825329671
avg.none,common,boot9,C31M01,C31,M01,ATAC-seq,109214135,26.534197587037518,0.5689141148687858,0.5395615213752706,156.86184440416056,32.80928136035152,256.94822653292704,17715.869251224147,2412.821352654807,1267.5759839520683
avocado.none,common,boot9,C31M01,C31,M01,ATAC-seq,109214135,31.42158319102581,0.4449902474842939,0.39629522098993636,251.34900856870303,43.256009249883846,260.17409378626456,122441.35843890972,3082.6803470386717,1952.395088527596
avg.none,full,all23,C31M02,C31,M02,DNase-seq,121240998,88.76664472652463,0.8271842320530388,0.4932348458610332,2248.842877295583,169.4874523499035,631.8338223194681,120106642.43996543,6989.857840327707,8195.103556850352
avocado.none,full,all23,C31M02,C31,M02,DNase-seq,121240998,207.05286721658265,0.7866271612485278,0.2927708727641113,7310.211397038586,495.59171933986477,605.2743737436454,564939130.27223,20675.517856941522,20008.649629161726
avocado005.none,full,all23,C31M02,C31,M02,DNase-seq,121240998,230.50219020552055,0.3891245966975858,0.26763731449792083,8327.754090926777,574.3414665778207,550.5999297762205,673090401.9901813,22027.50416011159,22287.847529438204
avg.none,full,boot0,C31M02,C31,M02,DNase-seq,109250012,57.491814756302695,0.6951777922247685,0.4884350430479494,892.6195985372682,74.36179450724013,630.5474459054598,52149.13361726919,3798.4063628649824,5138.271404250046
avocado.none,full,boot0,C31M02,C31,M02,DNase-seq,109250012,84.21706167747807,0.6829380653517816,0.3027051216986335,1271.968808957118,107.44290946112754,573.2579988286275,148889.1541310905,8392.989715803536,7777.525827961507
avocado005.none,full,boot0,C31M02,C31,M02,DNase-seq,109250012,86.82877903536904,0.45342212792779885,0.2609566458247705,1102.9960694292154,113.9796235925353,515.1807606199881,133559.6562016361,7567.126966598459,8000.222743743182
avg.none,full,boot1,C31M02,C31,M02,DNase-seq,109208595,82.40796504897139,0.8525077231240902,0.49488571153708383,2379.947798950252,162.04878779572405,637.927784019178,138787132.78551975,6972.543816839021,7563.7904815475495
avocado.none,full,boot1,C31M02,C31,M02,DNase-seq,109208595,214.18340563972802,0.7982982613897447,0.2834748093037376,8030.490584216542,536.6324598674888,589.385629400571,652832534.1111106,21389.33491385419,20721.007543926087
avocado005.none,full,boot1,C31M02,C31,M02,DNase-seq,109208595,240.41491164097832,0.3653809207486026,0.26940274308211437,9191.215822017823,625.76725623057,528.0552252689582,777814023.2063135,22917.06673385605,23234.66591834225
avg.none,full,boot2,C31M02,C31,M02,DNase-seq,109027451,95.58826047470147,0.8278115428113952,0.49311131658317947,2443.3995003780487,185.67213958012297,663.5136542631107,129477895.5797243,7510.033382597179,8853.61842183632
avocado.none,full,boot2,C31M02,C31,M02,DNase-seq,109027451,223.41076103045174,0.7898173580559409,0.28913424452572384,7944.606250489167,545.7452505994441,622.764075358482,609021220.3238823,22310.525997404042,21618.11195989288
avocado005.none,full,boot2,C31M02,C31,M02,DNase-seq,109027451,250.43132537184314,0.37892942979261607,0.2702401004607987,9078.78290794901,635.4557384262287,563.4040754548313,725614375.8909469,23913.238261579776,24286.54673498761
avg.none,full,boot3,C31M02,C31,M02,DNase-seq,109057867,96.80621933209984,0.8283161349564943,0.4973476838584872,2388.639916911534,183.00007352586707,660.9280815926726,124940390.46220312,7615.877264673654,8950.066538845356
avocado.none,full,boot3,C31M02,C31,M02,DNase-seq,109057867,226.37002531431992,0.791977034744105,0.29332255187653394,7766.118385554409,536.7082784201925,628.1817585005101,587676259.2330047,22605.00110805045,21891.836344331772
avocado005.none,full,boot3,C31M02,C31,M02,DNase-seq,109057867,253.20843631050303,0.38496845340075325,0.27027947091282367,8871.042740572593,623.5460146403068,570.7521246297506,700181974.8553957,24187.89431486008,24530.720681911745
avg.none,full,boot4,C31M02,C31,M02,DNase-seq,108648525,93.33370291838563,0.832412301177689,0.49637248926302213,2425.340099799828,180.98263806019457,483.972240341847,127997926.47510318,7316.177734395356,8652.801353906
avocado.none,full,boot4,C31M02,C31,M02,DNase-seq,108648525,222.75809364740147,0.7954427626828738,0.29051888978115237,8019.487031468163,546.6639600636203,603.595531066179,602061972.5560372,22246.000643445168,21569.78157810749
avocado005.none,full,boot4,C31M02,C31,M02,DNase-seq,108648525,249.79348328422836,0.37503798100601704,0.2721448897167103,9161.716154787671,636.5840675321008,555.634281594456,717322464.0806254,23850.124353922853,24190.058403537027
avg.none,full,boot5,C31M02,C31,M02,DNase-seq,109056943,95.07995225038596,0.8288840515447238,0.49667663320029376,2437.6900705068138,183.9520698244287,669.2573311043407,127846122.80833076,7474.4584203601335,8819.315744581434
avocado.none,full,boot5,C31M02,C31,M02,DNase-seq,109056943,222.18650224773756,0.7910906992477205,0.3015695596103292,7917.640807432004,540.319505664724,631.2544499608407,601344471.380608,22189.682421594727,21531.90210880826
avocado005.none,full,boot5,C31M02,C31,M02,DNase-seq,109056943,250.2293391111872,0.379796943279339,0.2715962372767305,9064.988037996505,630.0678461604903,576.0969187665655,716468864.4950275,23895.943801753245,24159.016785817686
avg.none,full,boot6,C31M02,C31,M02,DNase-seq,109061613,93.9605582187008,0.8298740969439817,0.49739190874243283,2417.47633652807,183.88338806894959,637.3046386954322,127546577.79994683,7363.239160499845,8722.225972858118
avocado.none,full,boot6,C31M02,C31,M02,DNase-seq,109061613,221.31872271967796,0.7913436907138484,0.29658288914383546,7896.245821230433,543.9125741998288,612.6910316923523,599942602.2520853,22102.58351698745,21455.45274776088
avocado005.none,full,boot6,C31M02,C31,M02,DNase-seq,109061613,248.89194348736933,0.3791015376966943,0.27209048822994475,9044.254181744833,634.1284265872983,557.8038658009722,714798453.6336753,23763.0494834443,24058.2180215663
avg.none,full,boot7,C31M02,C31,M02,DNase-seq,109047925,93.79884709406751,0.8286007864550933,0.48601766221687037,2461.1716499752692,181.5045419272436,642.1883233861874,127625989.52834438,7341.838344529989,8700.741030177562
avocado.none,full,boot7,C31M02,C31,M02,DNase-seq,109047925,219.97625026145053,0.7892251871136314,0.3029884146790604,8000.889253344752,535.555916740652,595.8868242150087,600314855.216424,21967.80547624067,21300.952059315445
avocado005.none,full,boot7,C31M02,C31,M02,DNase-seq,109047925,247.67889895462653,0.3765250881090328,0.2594323806621072,9161.562762949323,624.6065288134156,547.356135633657,715241542.1067588,23642.995982394583,23921.962446328347
avg.none,full,boot8,C31M02,C31,M02,DNase-seq,109595897,92.92033646516578,0.8301635309624946,0.4938792844743084,2430.2096383557537,178.8497284206117,635.1432353339699,126376014.18862009,7271.2207787479265,8596.725378922267
avocado.none,full,boot8,C31M02,C31,M02,DNase-seq,109595897,219.16436784725855,0.7894363617123956,0.2877329354071565,7944.475021434378,528.6322133292891,600.9888850814259,594433727.0451132,21885.83197667744,21200.461764002903
avocado005.none,full,boot8,C31M02,C31,M02,DNase-seq,109595897,246.62148802290372,0.37961755319239754,0.26659337975658576,9099.50538361255,616.6572404909525,547.8967937113667,708234366.8727084,23536.83153718323,23867.85963180338
avg.none,full,boot9,C31M02,C31,M02,DNase-seq,109214154,86.34503783411571,0.8475956345663017,0.48776209149682664,2178.716596420065,180.61249078289254,656.8176273591015,135631297.94214654,7238.283789641696,7961.6421595285565
avocado.none,full,boot9,C31M02,C31,M02,DNase-seq,109214154,217.1401666097579,0.7973124939856779,0.27967724060269145,8219.413051728683,535.292480030792,593.5490162386396,637971654.9247699,21682.42794375885,21038.450849675446
avocado005.none,full,boot9,C31M02,C31,M02,DNase-seq,109214154,231.16132949440805,0.5278885489621304,0.2629509690428085,9391.949599797186,603.7295603492922,542.683996149973,760110749.5862733,23020.21502263535,22285.81808103487
candi.none,common,all23,C31M02,C31,M02,DNase-seq,121240975,246.57615894955723,0.29599336812544014,0.5579073893709209,9202.3434905635,618.6406450977104,603.0368759294219,732154635.3560028,24131.151756141022,21613.997889015973
candi.tcfloor,common,all23,C31M02,C31,M02,DNase-seq,121240975,94.16751796368249,0.8281296930413373,0.5545082271247359,2680.943670610058,195.8180230111987,550.0327542023462,172607260.32851487,7931.695077705597,8780.620600834223
avg.none,common,all23,C31M02,C31,M02,DNase-seq,121240975,88.76666156598694,0.8271842319775174,0.49323455057329874,2248.842877295583,169.4874523499035,631.8338223194681,120106642.43996543,6989.857840327707,8195.103556850352
avocado.none,common,all23,C31M02,C31,M02,DNase-seq,121240975,207.05290649453087,0.7866271613904274,0.29277052309517815,7310.211397038586,495.59171933986477,605.2743737436454,564939130.27223,20675.517856941522,20008.649629161726
candi.none,common,boot0,C31M02,C31,M02,DNase-seq,109249991,87.0474842808396,0.45285617614425683,0.5577344937021476,1304.360458096604,111.95197231448314,566.5979821531629,159564.1944916857,8191.13784363221,7709.451712252439
candi.tcfloor,common,boot0,C31M02,C31,M02,DNase-seq,109249991,52.47806282132874,0.7209424311306019,0.5525871393123644,783.05653584521,67.71380420339759,542.2241480428252,55879.646452536144,3719.1192409702508,4684.029000183667
avg.none,common,boot0,C31M02,C31,M02,DNase-seq,109249991,57.49182580736183,0.6951777918555954,0.4884347408334633,892.6195985372682,74.36179450724013,630.5474459054598,52149.13361726919,3798.4063628649824,5138.276070457732
avocado.none,common,boot0,C31M02,C31,M02,DNase-seq,109249991,84.21707786462898,0.6829380651190006,0.3027047813606556,1271.968808957118,107.44290946112754,573.2579988286275,148889.1541310905,8392.989715803536,7777.532945443492
candi.none,common,boot1,C31M02,C31,M02,DNase-seq,109208574,255.2976822123028,0.2791307238057804,0.5623524019950482,10124.090669382382,671.4701901665373,575.3112220645687,846065121.8476812,25032.711033427397,22336.248131654465
candi.tcfloor,common,boot1,C31M02,C31,M02,DNase-seq,109208574,90.45485177960471,0.8507581438976358,0.5575003862305052,2881.387078053935,196.404786541117,549.1265154416604,199457360.5162533,8016.062460450947,8419.758176133277
avg.none,common,boot1,C31M02,C31,M02,DNase-seq,109208574,82.40798089541278,0.8525077230737155,0.49488541271323294,2379.947798950252,162.04878779572405,637.927784019178,138787132.78551975,6972.543816839021,7563.7904815475495
avocado.none,common,boot1,C31M02,C31,M02,DNase-seq,109208574,214.18344682454855,0.7982982615974463,0.28347445318587977,8030.490584216542,536.6324598674888,589.385629400571,652832534.1111106,21389.33491385419,20721.007543926087
candi.none,common,boot2,C31M02,C31,M02,DNase-seq,109027430,267.06041917826417,0.2888756753387256,0.5565012602753879,10020.995967075221,683.3584797157565,616.909566188657,789286597.4831619,26166.184531849623,23396.056632633805
candi.tcfloor,common,boot2,C31M02,C31,M02,DNase-seq,109027430,101.6947536178743,0.8287947951019681,0.5536056548032641,2918.685245303946,215.30592216968077,575.8439500063472,186075754.06854472,8564.10202534823,9509.26994297076
avg.none,common,boot2,C31M02,C31,M02,DNase-seq,109027430,95.58827888615508,0.827811542737615,0.49311101688436704,2443.3995003780487,185.67213958012297,663.5136542631107,129477895.5797243,7510.033382597179,8853.61842183632
avocado.none,common,boot2,C31M02,C31,M02,DNase-seq,109027430,223.41080406112533,0.7898173582039716,0.2891338819520871,7944.606250489167,545.7452505994441,622.764075358482,609021220.3238823,22310.525997404042,21618.11195989288
candi.none,common,boot3,C31M02,C31,M02,DNase-seq,109057846,270.5585120697891,0.29353974661322324,0.5552187365535766,9799.874751196718,671.1308967524042,626.8429469240019,761623487.2444761,26494.116360004857,23680.71430060848
candi.tcfloor,common,boot3,C31M02,C31,M02,DNase-seq,109057846,102.87612007161032,0.8294596734174124,0.5548801254621314,2851.0019368511657,211.7712012693569,575.3464867668506,179554338.77837905,8666.034584595314,9597.948807264802
avg.none,common,boot3,C31M02,C31,M02,DNase-seq,109057846,96.8062379729467,0.8283161348783716,0.4973473875074938,2388.639916911534,183.00007352586707,660.9280815926726,124940390.46220312,7615.877264673654,8950.066538845356
avocado.none,common,boot3,C31M02,C31,M02,DNase-seq,109057846,226.37006890334007,0.791977034878742,0.29332216205705997,7766.118385554409,536.7082784201925,628.1817585005101,587676259.2330047,22605.00110805045,21891.836344331772
candi.none,common,boot4,C31M02,C31,M02,DNase-seq,108648504,265.8938977012143,0.28675236509396146,0.5582619936371697,10108.752870839462,683.5671170650563,600.9582092122429,780266570.1847048,26057.154372304973,23304.137827642047
candi.tcfloor,common,boot4,C31M02,C31,M02,DNase-seq,108648504,99.86418733764305,0.8328165995279115,0.5557484479324206,2914.9318864252186,211.87554509621947,443.4422586798417,183949030.41783592,8405.86443470048,9348.830488255697
avg.none,common,boot4,C31M02,C31,M02,DNase-seq,108648504,93.33372095828207,0.8324123011092105,0.49637219001327065,2425.340099799828,180.98263806019457,483.972240341847,127997926.47510318,7316.177734395356,8652.801353906
avocado.none,common,boot4,C31M02,C31,M02,DNase-seq,108648504,222.75813670186508,0.7954427628588322,0.2905185364255797,8019.487031468163,546.6639600636203,603.595531066179,602061972.5560372,22246.000643445168,21569.78157810749
candi.none,common,boot5,C31M02,C31,M02,DNase-seq,109056922,266.9929794837233,0.2890996224170716,0.5590614027418883,10007.669402603633,677.8020645593033,636.0434273604026,779339134.8963028,26170.559758229578,23406.301209208592
candi.tcfloor,common,boot5,C31M02,C31,M02,DNase-seq,109056922,101.2502797635504,0.8298074969066949,0.5565403613097933,2911.8896071474946,213.29510675408872,582.9207945680886,183730583.72383612,8533.076887204803,9479.37319062844
avg.none,common,boot5,C31M02,C31,M02,DNase-seq,109056922,95.07997055898078,0.8288840514725786,0.4966763353728343,2437.6900705068138,183.9520698244287,669.2573311043407,127846122.80833076,7474.4584203601335,8819.315744581434
avocado.none,common,boot5,C31M02,C31,M02,DNase-seq,109056922,222.18654503088516,0.791090699384576,0.30156921344854143,7917.640807432004,540.319505664724,631.2544499608407,601344471.380608,22189.682421594727,21531.90210880826
candi.none,common,boot6,C31M02,C31,M02,DNase-seq,109061592,265.5088750290881,0.2889976594746963,0.5579791360952909,9984.81032205582,682.0463705435728,614.8807575765634,777522058.7374187,26020.335194985277,23268.404864087857
candi.tcfloor,common,boot6,C31M02,C31,M02,DNase-seq,109061592,100.11642456790702,0.830570619351554,0.5560558176280527,2892.036652152942,213.5436031133209,555.3448163635547,183300865.32312757,8419.53627166645,9377.25697297118
avg.none,common,boot6,C31M02,C31,M02,DNase-seq,109061592,93.96057631097037,0.8298740968731702,0.49739161124324893,2417.47633652807,183.88338806894959,637.3046386954322,127546577.79994683,7363.245886496454,8722.233905131987
avocado.none,common,boot6,C31M02,C31,M02,DNase-seq,109061592,221.31876533395535,0.7913436908360666,0.296582542213405,7896.245821230433,543.9125741998288,612.6910316923523,599942602.2520853,22102.60375339794,21455.47241835682
candi.none,common,boot7,C31M02,C31,M02,DNase-seq,109047905,263.8198652569096,0.28805113803774257,0.5544927345994416,10113.597163339622,671.246572791875,597.33378466586,778003448.5441736,25856.618458539393,23129.71394181494
candi.tcfloor,common,boot7,C31M02,C31,M02,DNase-seq,109047905,99.81972955909504,0.82942170001441,0.550176187517412,2940.515831930331,210.600004582153,555.4902962938667,183414704.6943537,8387.22963649167,9351.81719766564
avg.none,common,boot7,C31M02,C31,M02,DNase-seq,109047905,93.79886429730439,0.8286007863872098,0.4860173727904909,2461.1716499752692,181.5045419272436,642.1883233861874,127625989.52834438,7341.838344529989,8700.741030177562
avocado.none,common,boot7,C31M02,C31,M02,DNase-seq,109047905,219.976290605297,0.7892251872338651,0.3029880898120462,8000.889253344752,535.555916740652,595.8868242150087,600314855.216424,21967.80547624067,21300.952059315445
candi.none,common,boot8,C31M02,C31,M02,DNase-seq,109595876,263.2262219782374,0.28850263967581485,0.5598406957829396,10047.935937455515,663.3052486096626,600.4676152837916,770381892.5777104,25783.83032233272,23062.32679346959
candi.tcfloor,common,boot8,C31M02,C31,M02,DNase-seq,109595876,98.99576684099722,0.8307798038083035,0.5554308861049762,2907.5668902564976,207.5983317728381,551.0030382510431,181618186.8014289,8314.318924832778,9250.690645245184
avg.none,common,boot8,C31M02,C31,M02,DNase-seq,109595876,92.9203542699148,0.8301635308917212,0.49387898686916215,2430.2096383557537,178.8497284206117,635.1432353339699,126376014.18862009,7271.2207787479265,8596.725378922267
avocado.none,common,boot8,C31M02,C31,M02,DNase-seq,109595876,219.16440984094118,0.7894363618647203,0.2877325799446701,7944.475021434378,528.6322133292891,600.9888850814259,594433727.0451132,21885.83197667744,21200.461764002903
candi.none,common,boot9,C31M02,C31,M02,DNase-seq,109214135,260.60173965218337,0.2840381573409268,0.5571871099069937,10391.890978365684,671.7785444873306,593.7217916116692,826808925.2239637,25560.05241687861,22866.696345267184
candi.tcfloor,common,boot9,C31M02,C31,M02,DNase-seq,109214135,94.20356644011474,0.8463890123037126,0.5520856371776546,2770.523370812054,210.21778637898382,568.8657112992587,194920459.11840713,8296.752739101847,8797.925259164387
avg.none,common,boot9,C31M02,C31,M02,DNase-seq,109214135,86.34505285557533,0.8475956345179988,0.48776181748666186,2178.716596420065,180.61249078289254,656.8176273591015,135631297.94214654,7238.283789641696,7961.6421595285565
avocado.none,common,boot9,C31M02,C31,M02,DNase-seq,109214135,217.14020438457777,0.797312494153069,0.27967691997013655,8219.413051728683,535.292480030792,593.5490162386396,637971654.9247699,21682.42794375885,21038.450849675446
avg.none,full,all23,C31M16,C31,M16,H3K27ac,121240998,1364.7361963787075,0.4136045788918638,0.2522024851983508,15175.921541454067,2098.547430174882,10767.545615361792,11444479.616651729,135946.9335208273,101693.06712901691
avocado.none,full,all23,C31M16,C31,M16,H3K27ac,121240998,1398.2733825179378,0.5140011890605968,0.243359791215356,15850.018684397535,2161.9112749734586,10884.690936913194,11567604.240372067,139794.32562500116,134167.19458242724
avocado005.none,full,all23,C31M16,C31,M16,H3K27ac,121240998,1354.4088107794198,0.33864160267373783,0.22831259266971357,15365.425893799154,2102.0044258604185,10369.236512919511,11489046.978477566,135114.9436879889,124115.65474061396
avg.none,full,boot0,C31M16,C31,M16,H3K27ac,109250012,1176.5722708256203,0.4196223081104072,0.2422355288580841,12114.868111614407,1827.0363811323582,7929.106551205372,4039804.8515303405,117133.33194693626,86135.1349078396
avocado.none,full,boot0,C31M16,C31,M16,H3K27ac,109250012,1207.268546380444,0.5189955785440982,0.23855581947699656,12763.483901921656,1884.905570967559,8012.018626139965,4113644.45409934,120695.34867694079,115380.6817697048
avocado005.none,full,boot0,C31M16,C31,M16,H3K27ac,109250012,1167.3262675561111,0.34688217012674655,0.21853493972702537,12323.541934635974,1829.955648460782,7575.602353987301,4056639.1817977717,116424.38609607189,106925.71004846992
avg.none,full,boot1,C31M16,C31,M16,H3K27ac,109208595,1316.1774618998259,0.40317057492677333,0.2557278287207961,14605.350619575614,2041.9270561738533,10877.331577335559,12496107.662295384,131087.85421909802,96599.98282845409
avocado.none,full,boot1,C31M16,C31,M16,H3K27ac,109208595,1346.4253755966445,0.5085423076507409,0.24675182236027685,15238.372589438191,2101.0050503160683,10973.37209183797,12621130.64878343,134611.67140940772,129321.11569529216
avocado005.none,full,boot1,C31M16,C31,M16,H3K27ac,109208595,1304.8069936686027,0.33989120472766315,0.23257542983666205,14796.14790131807,2043.067014644796,10471.83142965719,12543572.434162991,130200.17066229205,118893.83929170083
avg.none,full,boot2,C31M16,C31,M16,H3K27ac,109027451,1414.9767498573042,0.41630560118916854,0.25302236768703423,15881.174228573871,2178.259212111576,11158.825620002155,12178801.157456119,140977.81654790588,106353.42799351517
avocado.none,full,boot2,C31M16,C31,M16,H3K27ac,109027451,1453.1441017941258,0.5088594058073428,0.24350244403366628,16600.201166483752,2249.3881866932725,11308.068857847727,12310718.894648934,145280.6344979096,139320.24161105216
avocado005.none,full,boot2,C31M16,C31,M16,H3K27ac,109027451,1405.370121734188,0.3351580460056757,0.22926209358385014,16076.805197392709,2183.4272876596765,10768.89507438,12227060.992680445,140206.8934678835,127567.73153758916
avg.none,full,boot3,C31M16,C31,M16,H3K27ac,109057867,1464.0273318600955,0.414633115999161,0.2561994628568172,15831.285295766416,2197.96197743994,11082.515310671844,11930687.094160717,145837.22794862188,109069.20976603436
avocado.none,full,boot3,C31M16,C31,M16,H3K27ac,109057867,1500.4008081894078,0.5119472338021832,0.24345921091997771,16521.952936407753,2266.003865318824,11209.647063864242,12059291.397899467,150001.36566763834,143328.08330472634
avocado005.none,full,boot3,C31M16,C31,M16,H3K27ac,109057867,1453.6867041285973,0.33591487688661575,0.23066720400461324,16014.21801289146,2204.5109694448283,10679.201503692668,11978502.22392254,144998.8686741778,131702.46733489385
avg.none,full,boot4,C31M16,C31,M16,H3K27ac,108648525,1383.0923154324032,0.4115224994684864,0.25939892459688,15458.341190922378,2142.2298118825133,11282.479916415177,12457612.664008958,137790.26929119165,103220.3085510202
avocado.none,full,boot4,C31M16,C31,M16,H3K27ac,108648525,1418.5836812729679,0.5159207291452064,0.24966057367788339,16153.975041839956,2209.052437748857,11401.50568040871,12594644.854993723,141825.1901106947,136209.34671220867
avocado005.none,full,boot4,C31M16,C31,M16,H3K27ac,108648525,1373.2457344542652,0.3348741830470375,0.2360643149229849,15635.339549585711,2144.9409297621764,10875.798656472787,12501934.521210104,136999.81976499685,124669.69082194207
avg.none,full,boot5,C31M16,C31,M16,H3K27ac,109056943,1369.3599841479913,0.411956739797019,0.2590557047013351,15362.143875043561,2103.1889081415775,10672.602456648185,12433348.154121293,136402.2233246414,103902.58345447575
avocado.none,full,boot5,C31M16,C31,M16,H3K27ac,109056943,1403.0606488586882,0.5220001729919105,0.24849734737559606,16015.69488442751,2167.157221466399,10806.770562059268,12567174.812113598,140275.90716351845,134907.4996623955
avocado005.none,full,boot5,C31M16,C31,M16,H3K27ac,109056943,1360.1356220313369,0.33558671793750655,0.23430745539434872,15569.063562512623,2108.874309782018,10285.485374618213,12482756.392427841,135683.86654178464,124477.49103355261
avg.none,full,boot6,C31M16,C31,M16,H3K27ac,109061613,1422.8948696531897,0.4129652622174677,0.2595677843994827,15832.270510632809,2201.276674236023,11351.854281611842,12192504.726785032,141745.4129807221,105859.0609149684
avocado.none,full,boot6,C31M16,C31,M16,H3K27ac,109061613,1457.3022918338827,0.5116811396877613,0.2500820868520007,16526.54351818823,2266.59023328456,11472.44326759159,12322543.88066297,145695.4889827977,140213.22386319883
avocado005.none,full,boot6,C31M16,C31,M16,H3K27ac,109061613,1411.6520813514321,0.3385111634907921,0.23555889214913547,16016.325943942013,2204.310357420009,10931.87729996597,12239310.039753688,140835.24854955057,128135.03094511159
avg.none,full,boot7,C31M16,C31,M16,H3K27ac,109047925,1374.92650196197,0.42710090850833704,0.2392602387687671,15968.085756601027,2128.104285427324,11376.6403185984,12012568.52917085,137035.13370841887,102810.32581381549
avocado.none,full,boot7,C31M16,C31,M16,H3K27ac,109047925,1407.4168423940328,0.5122115897521287,0.2298979555834707,16653.124696517236,2190.236763723716,11486.44903367465,12128596.473120699,140707.94889276597,134875.99439475586
avocado005.none,full,boot7,C31M16,C31,M16,H3K27ac,109047925,1364.3869052812151,0.3387408841644725,0.2155909430901518,16165.047900491289,2131.219875899192,10980.43588871166,12044208.696289849,136103.76674360805,124747.65061577264
avg.none,full,boot8,C31M16,C31,M16,H3K27ac,109595897,1356.059710295573,0.41241362407669624,0.25365313789477484,14940.300446288014,2074.202059621824,10559.712332553847,11515923.255649038,135054.68130171867,101048.1073746877
avocado.none,full,boot8,C31M16,C31,M16,H3K27ac,109595897,1387.5165002400677,0.5227752808219038,0.24457475178153473,15577.215311086022,2133.9698544457774,10659.658793892113,11636409.496334463,138716.41015420324,133208.94241073853
avocado005.none,full,boot8,C31M16,C31,M16,H3K27ac,109595897,1346.2002262665624,0.34400528982992096,0.2292487026189075,15111.658794974148,2077.179303835253,10157.849766056077,11581012.218301719,134273.15554330836,121496.32400990765
avg.none,full,boot9,C31M16,C31,M16,H3K27ac,109214154,1369.790841783058,0.4082305499493956,0.24321913054434313,15680.290192912607,2091.5125020782093,11361.108866811988,12400430.586388761,136455.06127724424,101888.86993530954
avocado.none,full,boot9,C31M16,C31,M16,H3K27ac,109214154,1402.1610920138187,0.5116254923110454,0.23803620635525954,16362.582458369026,2151.0872589575542,11493.412144508506,12529327.779241517,140185.5442753561,134943.71173985722
avocado005.none,full,boot9,C31M16,C31,M16,H3K27ac,109214154,1357.7951711698126,0.33842969474758955,0.2207033235229321,15861.125705091417,2092.7028392861644,10942.629687339486,12445302.99405862,135466.49081081085,125062.40014612844
candi.none,common,all23,C31M16,C31,M16,H3K27ac,121240975,1349.7698598690044,0.407721880879273,0.2598798626598703,15324.365299594356,2084.0418577409864,10542.157335880793,11521318.860952312,134495.85682058922,118741.3527027388
candi.tcfloor,common,all23,C31M16,C31,M16,H3K27ac,121240975,1354.3203973791237,0.4665718514527412,0.27118745963849356,15287.401937853547,2088.6872617027093,10609.783218635725,11501640.309751756,135147.62885746296,122451.25109881704
avg.none,common,all23,C31M16,C31,M16,H3K27ac,121240975,1364.736455275772,0.41360457868381256,0.2522020590288623,15175.921541454067,2098.547430174882,10767.545615361792,11444479.616651729,135946.9335208273,101693.06712901691
avocado.none,common,all23,C31M16,C31,M16,H3K27ac,121240975,1398.2736477767708,0.5140011894856241,0.24335937360581095,15850.018684397535,2161.9112749734586,10884.690936913194,11567604.240372067,139794.32562500116,134167.19458242724
candi.none,common,boot0,C31M16,C31,M16,H3K27ac,109249991,1164.7865517550329,0.42275037610558214,0.2541629422248181,12292.5470909125,1816.3325120570048,7731.295498122889,4083558.691491338,116069.26424097756,103862.6550692191
candi.tcfloor,common,boot0,C31M16,C31,M16,H3K27ac,109249991,1168.3393655795671,0.4818694356259172,0.26530906425108186,12245.009073115616,1819.771250954565,7789.392769290149,4072607.88619775,116581.70481196739,106536.32745258235
avg.none,common,boot0,C31M16,C31,M16,H3K27ac,109249991,1176.5724969859841,0.41962230787598803,0.24223509133027682,12114.868111614407,1827.0363811323582,7929.106551205372,4039804.8515303405,117133.4390766681,86135.14101115798
avocado.none,common,boot0,C31M16,C31,M16,H3K27ac,109249991,1207.2687784408145,0.5189955789160703,0.23855539523707586,12763.483901921656,1884.905570967559,8012.018626139965,4113644.45409934,120695.45910402959,115380.78737912992
candi.none,common,boot1,C31M16,C31,M16,H3K27ac,109208574,1299.1119422889653,0.4064708035805036,0.26281383960162485,14724.957710213337,2024.735124049912,10638.042457223195,12570929.226718392,129432.5771808387,115264.79748312617
candi.tcfloor,common,boot1,C31M16,C31,M16,H3K27ac,109208574,1304.2330209238532,0.46286866929941467,0.27397716296989033,14696.52345546553,2030.0645795099779,10708.915709803035,12552206.175393946,130139.4164421911,118151.69241932518
avg.none,common,boot1,C31M16,C31,M16,H3K27ac,109208574,1316.1777149910047,0.40317057469450546,0.2557273986482551,14605.350619575614,2041.9270561738533,10877.331577335559,12496107.662295384,131087.85421909802,96599.98282845409
avocado.none,common,boot1,C31M16,C31,M16,H3K27ac,109208574,1346.425634503844,0.5085423080408181,0.24675140073218524,15238.372589438191,2101.0050503160683,10973.37209183797,12621130.64878343,134611.67140940772,129321.11569529216
candi.none,common,boot2,C31M16,C31,M16,H3K27ac,109027430,1399.6908409555253,0.40524159086620337,0.260183989308778,16036.605220799522,2163.616185382306,10923.338227553511,12259772.942204818,139470.20023748314,123243.37091620789
candi.tcfloor,common,boot2,C31M16,C31,M16,H3K27ac,109027430,1404.364962417203,0.46491703984119304,0.27151649476595924,15997.84175624863,2168.3250036616087,10995.108972032764,12239017.162088051,140145.08788518622,127429.37747993821
avg.none,common,boot2,C31M16,C31,M16,H3K27ac,109027430,1414.977022398918,0.41630560100142844,0.25302193547175494,15881.174228573871,2178.259212111576,11158.825620002155,12178801.157456119,140977.81654790588,106353.42799351517
avocado.none,common,boot2,C31M16,C31,M16,H3K27ac,109027430,1453.1443816868357,0.508859406361487,0.24350201756214834,16600.201166483752,2249.3881866932725,11308.068857847727,12310718.894648934,145280.6344979096,139320.24161105216
candi.none,common,boot3,C31M16,C31,M16,H3K27ac,109057846,1447.7716252002926,0.4077297395026703,0.2606153020746599,15979.268140411114,2182.294000460452,10847.279314065929,12010651.81428215,144249.54987179767,125900.96692217252
candi.tcfloor,common,boot3,C31M16,C31,M16,H3K27ac,109057846,1452.7215295850076,0.4670549383928844,0.2725669988173837,15942.74813513778,2187.3085772715813,10917.796386837157,11990154.687774036,144962.682346971,130698.23051268148
avg.none,common,boot3,C31M16,C31,M16,H3K27ac,109057846,1464.0276137707979,0.4146331157579406,0.25619903275709655,15831.285295766416,2197.96197743994,11082.515310671844,11930687.094160717,145837.22794862188,109069.20976603436
avocado.none,common,boot3,C31M16,C31,M16,H3K27ac,109057846,1500.401097103733,0.5119472342094757,0.24345878341955504,16521.952936407753,2266.003865318824,11209.647063864242,12059291.397899467,150001.36566763834,143328.08330472634
candi.none,common,boot4,C31M16,C31,M16,H3K27ac,108648504,1368.4668964415032,0.4063861860437443,0.26777915096636273,15609.053238425864,2127.4704631181708,11045.909854532229,12538470.703336103,136382.06634061056,120601.86426329754
candi.tcfloor,common,boot4,C31M16,C31,M16,H3K27ac,108648504,1372.9699220813523,0.46473185281621643,0.2788934939025583,15571.56599939545,2132.3011637759037,11117.875893542765,12517776.287613278,137020.70410464666,124470.54866161745
avg.none,common,boot4,C31M16,C31,M16,H3K27ac,108648504,1383.0925827617964,0.41152249926416895,0.2593984943021696,15458.341190922378,2142.2298118825133,11282.479916415177,12457612.664008958,137790.26929119165,103220.3085510202
avocado.none,common,boot4,C31M16,C31,M16,H3K27ac,108648504,1418.5839554618374,0.5159207297566545,0.24966015268243505,16153.975041839956,2209.052437748857,11401.50568040871,12594644.854993723,141825.1901106947,136209.34671220867
candi.none,common,boot5,C31M16,C31,M16,H3K27ac,109056922,1353.8547167906293,0.4040012200921666,0.26477487448425374,15489.212536475898,2088.120594978951,10455.650965599709,12517217.823457198,134887.86863944065,118638.25829649044
candi.tcfloor,common,boot5,C31M16,C31,M16,H3K27ac,109056922,1358.4992153208193,0.4630603022758292,0.2763253352354767,15458.626061981277,2092.8210042091237,10519.352684433967,12495582.976925531,135557.47887844482,123018.15857617083
avg.none,common,boot5,C31M16,C31,M16,H3K27ac,109056922,1369.360247831939,0.41195673958944173,0.2590552760129701,15362.143875043561,2103.1889081415775,10672.602456648185,12433348.154121293,136402.2233246414,103902.58345447575
avocado.none,common,boot5,C31M16,C31,M16,H3K27ac,109056922,1403.06091903161,0.5220001735252785,0.24849692674353352,16015.69488442751,2167.157221466399,10806.770562059268,12567174.812113598,140275.90716351845,134907.4996623955
candi.none,common,boot6,C31M16,C31,M16,H3K27ac,109061592,1408.2733284948765,0.40735997731964463,0.26737658463762914,15991.127510437042,2187.349588336925,11132.479860531479,12274314.897926548,140342.8428431232,123353.54736093065
candi.tcfloor,common,boot6,C31M16,C31,M16,H3K27ac,109061592,1412.747495761352,0.46625444079580547,0.27859360722230414,15951.647992686823,2191.875117977173,11198.723027412127,12253278.800590528,140986.97915149666,127342.62457601014
avg.none,common,boot6,C31M16,C31,M16,H3K27ac,109061592,1422.895143634082,0.41296526199444283,0.25956735592050134,15832.270510632809,2201.276674236023,11351.854281611842,12192504.726785032,141745.54287454192,105859.15787153033
avocado.none,common,boot6,C31M16,C31,M16,H3K27ac,109061592,1457.302572439744,0.511681140001306,0.2500816675255818,16526.54351818823,2266.59023328456,11472.44326759159,12322543.88066297,145695.62252205735,140213.35203952776
candi.none,common,boot7,C31M16,C31,M16,H3K27ac,109047905,1360.4181194233179,0.40607638780713395,0.24567242504871195,16117.444525485622,2114.3890145504974,11143.810746488232,12082940.135686263,135554.54384939282,119312.90212302015
candi.tcfloor,common,boot7,C31M16,C31,M16,H3K27ac,109047905,1364.9564281560165,0.46679094439519975,0.25728240651121265,16081.0115496359,2119.007589961434,11215.215011275646,12065450.630996674,136216.34068791458,123290.23286078687
avg.none,common,boot7,C31M16,C31,M16,H3K27ac,109047905,1374.9267541312347,0.4271009083938307,0.2392598198474727,15968.085756601027,2128.104285427324,11376.6403185984,12012568.52917085,137035.13370841887,102810.32581381549
avocado.none,common,boot7,C31M16,C31,M16,H3K27ac,109047905,1407.41710052177,0.5122115901363281,0.22989754519961406,16653.124696517236,2190.236763723716,11486.44903367465,12128596.473120699,140707.94889276597,134875.99439475586
candi.none,common,boot8,C31M16,C31,M16,H3K27ac,109595876,1341.770942270176,0.4085408611102026,0.26367064960331715,15090.153397357079,2061.2019804150173,10350.932889481985,11603135.36523471,133691.66880694556,116717.11213250645
candi.tcfloor,common,boot8,C31M16,C31,M16,H3K27ac,109595876,1346.0658845474072,0.46718893768553216,0.27447689083024945,15052.482933640422,2065.327500787001,10413.334268062103,11579863.589089068,134317.242803232,120427.52656647265
avg.none,common,boot8,C31M16,C31,M16,H3K27ac,109595876,1356.0599701343094,0.4124136238371034,0.25365270830663056,14940.300446288014,2074.202059621824,10559.712332553847,11515923.255649038,135054.68130171867,101048.1073746877
avocado.none,common,boot8,C31M16,C31,M16,H3K27ac,109595876,1387.516766105898,0.522775281234147,0.2445743307601862,15577.215311086022,2133.9698544457774,10659.658793892113,11636409.496334463,138716.41015420324,133208.94241073853
candi.none,common,boot9,C31M16,C31,M16,H3K27ac,109214135,1354.0659664927596,0.4048603260679212,0.25123564526066294,15828.116589052053,2075.082824534643,11129.446136379296,12481328.60141771,134927.19397323838,119357.28087479694
candi.tcfloor,common,boot9,C31M16,C31,M16,H3K27ac,109214135,1358.8202775313046,0.4629725541979361,0.2623759853530183,15791.364102156123,2080.260140275343,11198.719616738152,12460631.395985663,135598.70574465135,123085.42841577387
avg.none,common,boot9,C31M16,C31,M16,H3K27ac,109214135,1369.7910800857833,0.40823054975713696,0.24321873509782427,15680.290192912607,2091.5125020782093,11361.108866811988,12400430.586388761,136455.06127724424,101888.86993530954
avocado.none,common,boot9,C31M16,C31,M16,H3K27ac,109214135,1402.1613359476362,0.511625492654708,0.23803582234884652,16362.582458369026,2151.0872589575542,11493.412144508506,12529327.779241517,140185.5442753561,134943.71173985722
avg.none,full,all23,C31M29,C31,M29,H3K9me3,121240998,0.39818752346860714,0.227681214162873,0.30877215216432885,0.33459154928883883,0.2994082636204018,0.5712773536076415,32209.283128420353,18.711253812761065,6.1266360459238856
avocado.none,full,all23,C31M29,C31,M29,H3K9me3,121240998,0.4098382038846657,0.16064962120517784,0.24786214225554118,0.3331216185984905,0.30828232415160234,0.573023257790152,32189.698935656354,20.072303552719212,5.120188986575809
avocado005.none,full,all23,C31M29,C31,M29,H3K9me3,121240998,0.6210964422453993,0.1514485690195435,0.1417224179840582,0.48152020174842636,0.5341115743246078,0.7109115980584412,32196.963207532663,19.07893284871013,16.248521500982065
avg.none,full,boot0,C31M29,C31,M29,H3K9me3,109250012,0.3542268694145402,0.24032845928344918,0.2993396718715092,0.3371178146107441,0.3050662523141385,0.5970330638066743,5142.034458554963,13.798335788444989,6.241130780803386
avocado.none,full,boot0,C31M29,C31,M29,H3K9me3,109250012,0.3676149541447122,0.16892727200465887,0.24499621697044632,0.335029197019739,0.315286696177356,0.5990386372831309,5119.198801891839,15.153472347484295,5.2506041420014276
avocado005.none,full,boot0,C31M29,C31,M29,H3K9me3,109250012,0.5804518372215979,0.16023153039209295,0.14057245930420512,0.48134170450990643,0.5431398081881841,0.7387767774166515,5120.912462398162,14.140151214465723,16.458289577517665
avg.none,full,boot1,C31M29,C31,M29,H3K9me3,109208595,0.39755478014442336,0.22121859720357856,0.3117821454273067,0.3176238579108872,0.2817492152356452,0.6063474217251351,36721.589359281825,19.57613779984677,5.913153772065129
avocado.none,full,boot1,C31M29,C31,M29,H3K9me3,109208595,0.4035315249295363,0.1624587003054903,0.25727269597816665,0.31548654692289263,0.2889314242731063,0.6043687832737756,36699.27830843519,20.911220353408172,4.8930703209377455
avocado005.none,full,boot1,C31M29,C31,M29,H3K9me3,109208595,0.6116752929446667,0.14370861062491647,0.1386874062795283,0.46124589410308053,0.5026020835468357,0.7514237567172852,36707.32079491133,19.7651987933833,15.386834957189874
avg.none,full,boot2,C31M29,C31,M29,H3K9me3,109027451,0.41169819535448915,0.22680066626722728,0.3097455365724333,0.3356019628408415,0.303124719603914,0.6014870583022263,35243.998777381305,19.898021278087754,6.517172943836906
avocado.none,full,boot2,C31M29,C31,M29,H3K9me3,109027451,0.4205610351479235,0.1602129755124117,0.24895796659145236,0.33561094592025714,0.30791821658082047,0.6031273395723621,35222.56127634049,21.375205852817224,5.361687995205925
avocado005.none,full,boot2,C31M29,C31,M29,H3K9me3,109027451,0.6340789690652017,0.15204742575805782,0.14369332856841976,0.4880531323316776,0.5388445408437775,0.7442657528475196,35230.469066754486,20.31635433911318,16.571173865921974
avg.none,full,boot3,C31M29,C31,M29,H3K9me3,109057867,0.41301982961663314,0.22844742051355507,0.3122844787172473,0.3383238182149514,0.30204203781795697,0.5947389817504122,35469.262586817014,19.925634092721765,6.4792794483615905
avocado.none,full,boot3,C31M29,C31,M29,H3K9me3,109057867,0.42310490292290565,0.16278559755522048,0.2509016343727206,0.3359386793604539,0.3100569751129856,0.5960715858567514,35447.674492190235,21.357716408699638,5.445588005609935
avocado005.none,full,boot3,C31M29,C31,M29,H3K9me3,109057867,0.6360918286064087,0.15220065391971774,0.1431318754767696,0.4847251978599322,0.5354969516749493,0.7074516236015761,35455.621386356266,20.311715858308215,16.73881159281991
avg.none,full,boot4,C31M29,C31,M29,H3K9me3,108648525,0.40376329228875,0.22259172993053414,0.3141939661453692,0.3302801301119665,0.29267211503439144,0.6049369745249152,36215.10084527048,19.664086806497462,6.421497832176949
avocado.none,full,boot4,C31M29,C31,M29,H3K9me3,108648525,0.4160793027163092,0.16018380211331534,0.25197968668587023,0.3260291177971552,0.30270828151170615,0.607247749830777,36193.061298704575,20.91368636039507,5.504525215316021
avocado005.none,full,boot4,C31M29,C31,M29,H3K9me3,108648525,0.6195054024380898,0.1489145421453725,0.14061737155018025,0.4712862258580778,0.5213312124802053,0.7419734314497455,36201.15294167464,20.030562481621814,15.973464848781072
avg.none,full,boot5,C31M29,C31,M29,H3K9me3,109056943,0.40893939868425544,0.22896097914142102,0.317727769084096,0.33850788430590034,0.3030023171884389,0.611352569534592,35732.494354609,19.841407906642445,6.472046325247426
avocado.none,full,boot5,C31M29,C31,M29,H3K9me3,109056943,0.42068868984396773,0.1608224218127769,0.2567451549616764,0.33526689858690367,0.31148638938491474,0.6136731114526948,35710.7618615422,21.21623561644789,5.398732958602486
avocado005.none,full,boot5,C31M29,C31,M29,H3K9me3,109056943,0.632073721394691,0.15228560837393695,0.1428107713938377,0.4832707412437591,0.5398932326457823,0.756734554470586,35718.78158692001,20.25054616955222,16.522492521166537
avg.none,full,boot6,C31M29,C31,M29,H3K9me3,109061613,0.40433349117747064,0.2243334419542681,0.3138126486822867,0.3329438515493681,0.2971413040930872,0.601938776444111,35942.53381883059,19.654798005750507,6.412529068899284
avocado.none,full,boot6,C31M29,C31,M29,H3K9me3,109061613,0.41765756573083807,0.15820579016315553,0.25053450224762386,0.33042604764531774,0.30830064933763573,0.6012873989164507,35920.64718619722,20.94117573662645,5.464096314725478
avocado005.none,full,boot6,C31M29,C31,M29,H3K9me3,109061613,0.6227369181458029,0.14926497997795235,0.13951752280486615,0.47960946342286165,0.5302843433706697,0.7372455342593842,35928.68672558967,20.02704343594291,16.286137657433756
avg.none,full,boot7,C31M29,C31,M29,H3K9me3,109047925,0.4134680377353249,0.22165195415580904,0.2947116361283806,0.3325905208814733,0.30247151968942726,0.6067417180342185,35139.9668008409,19.853726867861774,6.423964398545929
avocado.none,full,boot7,C31M29,C31,M29,H3K9me3,109047925,0.4261887339356446,0.1565426553427504,0.23368714320180717,0.33733708850793637,0.3114449419573689,0.6114463880662213,35118.613951064464,21.166000377449254,5.475255434161094
avocado005.none,full,boot7,C31M29,C31,M29,H3K9me3,109047925,0.6430523010294306,0.1482167070746273,0.14255841800585206,0.48245449840659144,0.5416409616662077,0.7550905576773856,35126.491331299985,20.23672598890849,16.663501232059176
avg.none,full,boot8,C31M29,C31,M29,H3K9me3,109595897,0.4139048073643982,0.22668462061782707,0.3132494854315228,0.3441726653031425,0.30559973223570774,0.5959165794960711,34575.58388596917,19.820221212390585,6.497652830508047
avocado.none,full,boot8,C31M29,C31,M29,H3K9me3,109595897,0.4274972213885471,0.15544523738394586,0.24651747103411484,0.34256801158080086,0.3158325480950678,0.5978248883752718,34554.555674023744,21.23876366952973,5.436215244753351
avocado005.none,full,boot8,C31M29,C31,M29,H3K9me3,109595897,0.6416473519275233,0.15075760666485877,0.14270481513070474,0.4928323983688577,0.5466950570510385,0.7359091967789776,34562.32629817518,20.214910866898187,16.76923465059922
avg.none,full,boot9,C31M29,C31,M29,H3K9me3,109214154,0.3610465147227367,0.23753633661090354,0.30005307947555665,0.33832819250205853,0.3007652338399326,0.28839329142736714,31713.514586508703,15.05528448424677,3.79577058034286
avocado.none,full,boot9,C31M29,C31,M29,H3K9me3,109214154,0.3755309909588922,0.1637935472148732,0.23676080740606395,0.3371385805375669,0.31038018778523374,0.2922771807723808,31714.56869843073,16.42483199667614,3.0400565907199777
avocado005.none,full,boot9,C31M29,C31,M29,H3K9me3,109214154,0.5896787549204986,0.15779998973068007,0.14225687680046756,0.489985035428738,0.5404007740157977,0.4377027776236157,31721.75707066143,15.440022694475307,14.81016975882345
candi.none,common,all23,C31M29,C31,M29,H3K9me3,121240975,0.38666332212403187,0.14634011051338536,0.22513222984009815,0.3237415482912591,0.2869300499531508,0.5574785597065408,32235.248660292393,21.118073376269628,1.8160690798419974
candi.tcfloor,common,all23,C31M29,C31,M29,H3K9me3,121240975,0.37558795017307584,0.245393694784987,0.31901057883335937,0.30665752163216414,0.27515603943829653,0.5490093076273066,32215.487889787004,19.239934013280443,4.6914227831487105
avg.none,common,all23,C31M29,C31,M29,H3K9me3,121240975,0.39818759900670836,0.22768112725141082,0.30877175810128266,0.33459154928883883,0.2994082636204018,0.5712773536076415,32209.283128420353,18.711253812761065,6.1266360459238856
avocado.none,common,all23,C31M29,C31,M29,H3K9me3,121240975,0.4098382801073569,0.16064953572673965,0.24786175554643375,0.3331216185984905,0.30828232415160234,0.573023257790152,32189.698935656354,20.072303552719212,5.120188986575809
candi.none,common,boot0,C31M29,C31,M29,H3K9me3,109249991,0.34197365265205854,0.14944770276087438,0.21170581437625474,0.3237996452330303,0.29179268486682264,0.5809697404023547,5178.763953444751,16.221843042795154,0.4447032811917013
candi.tcfloor,common,boot0,C31M29,C31,M29,H3K9me3,109249991,0.330949604886294,0.25812669922380727,0.3084875022163998,0.30690623603040373,0.2797430206237884,0.5728910472565434,5154.886655465383,14.325694169660533,4.742166986538708
avg.none,common,boot0,C31M29,C31,M29,H3K9me3,109249991,0.35422693750392115,0.24032836402229563,0.2993392672436181,0.3371178146107441,0.3050662523141385,0.5970330638066743,5142.034458554963,13.79834411806042,6.24113498886998
avocado.none,common,boot0,C31M29,C31,M29,H3K9me3,109249991,0.3676150231375847,0.16892718075945762,0.24499582732335046,0.335029197019739,0.315286696177356,0.5990386372831309,5119.198801891839,15.153482210676916,5.250608700264956
candi.none,common,boot1,C31M29,C31,M29,H3K9me3,109208574,0.38791573025930476,0.1470847518892355,0.23133971731401368,0.3089182308290353,0.27462467749163233,0.5951540422788044,36751.08132241329,21.771014313871547,1.9430557363083272
candi.tcfloor,common,boot1,C31M29,C31,M29,H3K9me3,109208574,0.3777750772999302,0.2394440816453601,0.3222906536826479,0.2925978837155375,0.26354733375851547,0.5857199967538612,36728.663132424896,20.072448574758806,4.783569946259073
avg.none,common,boot1,C31M29,C31,M29,H3K9me3,109208574,0.3975548565912634,0.22121850779440366,0.31178174763030403,0.3176238579108872,0.2817492152356452,0.6063474217251351,36721.589359281825,19.57613779984677,5.913153772065129
avocado.none,common,boot1,C31M29,C31,M29,H3K9me3,109208574,0.4035316008537611,0.1624586117889593,0.2572723136094986,0.31548654692289263,0.2889314242731063,0.6043687832737756,36699.27830843519,20.911220353408172,4.8930703209377455
candi.none,common,boot2,C31M29,C31,M29,H3K9me3,109027430,0.3999596733340824,0.14289807771420746,0.22391250147160538,0.3275497856029541,0.2897455893915314,0.587890460546856,35272.39954062352,22.386840587616668,1.975149372198562
candi.tcfloor,common,boot2,C31M29,C31,M29,H3K9me3,109027430,0.3884983422287294,0.24368224172769465,0.31957848060401833,0.3087755429024529,0.27752301849425043,0.5790682499004042,35250.79065205396,20.445016816709987,5.029409242061752
avg.none,common,boot2,C31M29,C31,M29,H3K9me3,109027430,0.4116982746525346,0.22680058072757417,0.3097451370098812,0.3356019628408415,0.303124719603914,0.6014870583022263,35243.998777381305,19.898021278087754,6.517172943836906
avocado.none,common,boot2,C31M29,C31,M29,H3K9me3,109027430,0.4205611144681533,0.1602128910676429,0.24895757936707322,0.33561094592025714,0.30791821658082047,0.6031273395723621,35222.56127634049,21.375205852817224,5.361687995205925
candi.none,common,boot3,C31M29,C31,M29,H3K9me3,109057846,0.4025412571245103,0.14754546196332202,0.22938724283139736,0.3278314850071804,0.28985216122805113,0.5813051310873978,35497.824508593825,22.417788057204923,1.996435016617509
candi.tcfloor,common,boot3,C31M29,C31,M29,H3K9me3,109057846,0.39005088077632805,0.24639026893896449,0.3234867031590445,0.30988805857066937,0.27731343704012845,0.5722544486058211,35476.09198437865,20.47606612771944,5.012925622884673
avg.none,common,boot3,C31M29,C31,M29,H3K9me3,109057846,0.4130199091470543,0.22844733451315824,0.31228408079981584,0.3383238182149514,0.30204203781795697,0.5947389817504122,35469.262586817014,19.925634092721765,6.4792794483615905
avocado.none,common,boot3,C31M29,C31,M29,H3K9me3,109057846,0.4231049827112537,0.16278551179305112,0.25090124719664597,0.3359386793604539,0.3100569751129856,0.5960715858567514,35447.674492190235,21.357716408699638,5.445588005609935
candi.none,common,boot4,C31M29,C31,M29,H3K9me3,108648504,0.3903844755866624,0.14773121158519037,0.23333987846813364,0.3142311524400419,0.2782917997454137,0.5899909525901421,36244.26454083506,22.000588486828832,1.967895910371635
candi.tcfloor,common,boot4,C31M29,C31,M29,H3K9me3,108648504,0.3807118824515131,0.24096993499874267,0.3248480029949246,0.30119887208118407,0.2689261255735073,0.5819176963983534,36222.08221973666,20.17923740133277,4.962669732166513
avg.none,common,boot4,C31M29,C31,M29,H3K9me3,108648504,0.40376337032966936,0.2225916432788566,0.3141935676654601,0.3302801301119665,0.29267211503439144,0.6049369745249152,36215.10084527048,19.664086806497462,6.421497832176949
avocado.none,common,boot4,C31M29,C31,M29,H3K9me3,108648504,0.41607938147474394,0.16018372010563656,0.2519792990270231,0.3260291177971552,0.30270828151170615,0.607247749830777,36193.061298704575,20.91368636039507,5.504525215316021
candi.none,common,boot5,C31M29,C31,M29,H3K9me3,109056922,0.39796004289938663,0.14908623139214727,0.23537415141678167,0.3274627713816739,0.2902581085943578,0.5977736959345658,35761.297299449456,22.307672603476302,1.976942679798813
candi.tcfloor,common,boot5,C31M29,C31,M29,H3K9me3,109056922,0.3861931798596394,0.2470445435547814,0.32840603725312484,0.3095701985563327,0.27775253507919767,0.5886914755112259,35739.39033712312,20.38109471718833,5.012017037694766
avg.none,common,boot5,C31M29,C31,M29,H3K9me3,109056922,0.40893947742962267,0.22896089408196504,0.3177273741824742,0.33850788430590034,0.3030023171884389,0.611352569534592,35732.494354609,19.841407906642445,6.472046325247426
avocado.none,common,boot5,C31M29,C31,M29,H3K9me3,109056922,0.4206887692056651,0.160822337861085,0.2567447704735946,0.33526689858690367,0.31148638938491474,0.6136731114526948,35710.7618615422,21.21623561644789,5.398732958602486
candi.none,common,boot6,C31M29,C31,M29,H3K9me3,109061592,0.3921566759837619,0.1477635206167995,0.23241315665642756,0.32021492441223065,0.28494520077204594,0.5840932473783099,35971.45535420645,22.000349997398708,1.9631141743558103
candi.tcfloor,common,boot6,C31M29,C31,M29,H3K9me3,109061592,0.38171958369670844,0.24258092074660362,0.3242742501766908,0.3042497227467912,0.2727913885359798,0.5792020801796653,35949.45588863528,20.16136727344904,4.963289882507844
avg.none,common,boot6,C31M29,C31,M29,H3K9me3,109061592,0.4043335690325905,0.22433335559085332,0.3138122515351048,0.3329438515493681,0.2971413040930872,0.601938776444111,35942.53381883059,19.654798005750507,6.412533882785669
avocado.none,common,boot6,C31M29,C31,M29,H3K9me3,109061592,0.4176576444997276,0.15820570703559375,0.25053411511788043,0.33042604764531774,0.30830064933763573,0.6012873989164507,35920.64718619722,20.94117573662645,5.464101265097434
candi.none,common,boot7,C31M29,C31,M29,H3K9me3,109047905,0.40169713585358474,0.13539158482792477,0.20737131138401296,0.3273511371660183,0.28931648427191303,0.5956643868033856,35168.30356620446,22.29216209385516,1.9668445509911938
candi.tcfloor,common,boot7,C31M29,C31,M29,H3K9me3,109047905,0.39065730036627694,0.23747561790319247,0.30412323736264874,0.30914201306289274,0.2775974765404585,0.5854157219451823,35146.75819454494,20.39075103292884,4.97082911411883
avg.none,common,boot7,C31M29,C31,M29,H3K9me3,109047905,0.413468113567692,0.22165186916469043,0.29471124754097006,0.3325905208814733,0.30247151968942726,0.6067417180342185,35139.9668008409,19.853726867861774,6.423964398545929
avocado.none,common,boot7,C31M29,C31,M29,H3K9me3,109047905,0.426188810425437,0.15654257255725468,0.2336867664474851,0.33733708850793637,0.3114449419573689,0.6114463880662213,35118.613951064464,21.166000377449254,5.475255434161094
candi.none,common,boot8,C31M29,C31,M29,H3K9me3,109595876,0.4017765993218972,0.14901523801939587,0.231698624033193,0.3327622537526124,0.2923955140335545,0.5813251629314051,34603.44359069592,22.301531651104682,1.9848091789809885
candi.tcfloor,common,boot8,C31M29,C31,M29,H3K9me3,109595876,0.39010823822171203,0.24505116969466248,0.3241921277017211,0.3143478806201821,0.2800016965368873,0.5729092401996339,34582.24407515243,20.363558848513048,5.013606093025426
avg.none,common,boot8,C31M29,C31,M29,H3K9me3,109595876,0.4139048866739605,0.22668453441939523,0.3132490900080987,0.3441726653031425,0.30559973223570774,0.5959165794960711,34575.58388596917,19.820221212390585,6.497652830508047
avocado.none,common,boot8,C31M29,C31,M29,H3K9me3,109595876,0.42749730162919936,0.15544515129865827,0.24651708316120285,0.34256801158080086,0.3158325480950678,0.5978248883752718,34554.555674023744,21.23876366952973,5.436215244753351
candi.none,common,boot9,C31M29,C31,M29,H3K9me3,109214135,0.350341429123775,0.1474441406330459,0.21408554030349772,0.326835899470889,0.28766860046782294,0.27681978683437586,31705.81914783162,17.43367674361354,1.9458827397559797
candi.tcfloor,common,boot9,C31M29,C31,M29,H3K9me3,109214135,0.33929549689161376,0.2548634474558385,0.30968446321903653,0.3095070584689294,0.27601329729473584,0.26820541088174377,31707.386266493962,15.576416387352452,2.47693443149149
avg.none,common,boot9,C31M29,C31,M29,H3K9me3,109214135,0.36104657753405484,0.23753625219321842,0.30005271359758817,0.33832819250205853,0.3007652338399326,0.28839329142736714,31713.514586508703,15.05528448424677,3.79577058034286
avocado.none,common,boot9,C31M29,C31,M29,H3K9me3,109214135,0.37553105605354864,0.16379345910025522,0.23676041165114747,0.3371385805375669,0.31038018778523374,0.2922771807723808,31714.56869843073,16.42483199667614,3.0400565907199777
avg.none,full,all23,C38M01,C38,M01,ATAC-seq,121240998,69.65343368118806,0.6123694295809644,0.5936070388427924,385.6410487763133,90.69077536640023,1151.3346056159696,86079.09085342244,6825.841526959325,4266.149084086573
avocado.none,full,all23,C38M01,C38,M01,ATAC-seq,121240998,83.44554061199955,0.4645909650222628,0.492085093565727,791.6012329360635,117.79242447464935,1108.07639665624,120040.29332010435,8090.800136763978,6741.827940449548
avocado005.none,full,all23,C38M01,C38,M01,ATAC-seq,121240998,93.78559069441587,0.4508306627336894,0.47771887037154337,748.245698073241,122.16821413568994,1317.995097631401,74345.58738675313,9303.244795372046,6709.584488485479
avg.none,full,boot0,C38M01,C38,M01,ATAC-seq,109250012,70.07303304730256,0.6276470172980341,0.5893136538979483,370.1234714441138,89.24895945731288,1176.5341415574003,44243.030509278615,6870.753678112438,4280.0343938803835
avocado.none,full,boot0,C38M01,C38,M01,ATAC-seq,109250012,80.42618289925407,0.5070898872845874,0.48538528644440276,602.7970505901778,103.90565104469367,1138.04245546734,55732.28251828591,7858.137038257207,6506.702859097997
avocado005.none,full,boot0,C38M01,C38,M01,ATAC-seq,109250012,94.73287348894779,0.4497364179605432,0.47242603744230294,753.241328194476,122.95965135841999,1343.9007192666495,69249.3221270636,9399.474044311213,6766.626937255919
avg.none,full,boot1,C38M01,C38,M01,ATAC-seq,109208595,70.8706020800128,0.6036908867601045,0.5938273821318977,395.196389286194,93.81991567444524,1204.8877919844042,95037.31502617107,6952.7030712878895,4362.467926453801
avocado.none,full,boot1,C38M01,C38,M01,ATAC-seq,109208595,84.92009567479606,0.4544823496398227,0.4980668636211978,824.9194639313368,122.44823526204243,1160.3933909982968,132081.2072197088,8227.090083594809,6877.963191875856
avocado005.none,full,boot1,C38M01,C38,M01,ATAC-seq,109208595,94.18732877006762,0.4498435891730623,0.47989918524778924,744.9920815629446,124.41982319246603,1372.870797106771,77856.3144708814,9346.586996732889,6739.883077244095
avg.none,full,boot2,C38M01,C38,M01,ATAC-seq,109027451,69.04136347263905,0.6054011870888226,0.5935687420290394,374.7607409573578,90.11726356143392,1105.8631137543039,91083.82401553012,6763.115240227731,4212.067673195618
avocado.none,full,boot2,C38M01,C38,M01,ATAC-seq,109027451,83.76733799638623,0.44977757687868886,0.494821016365553,801.1730344783522,119.68921324695764,1081.3977617039118,128020.6969334679,8144.501363878165,6788.24365788718
avocado005.none,full,boot2,C38M01,C38,M01,ATAC-seq,109027451,92.42222270556792,0.45168776736870414,0.47775875380043603,719.4170730082967,120.40711446662476,1270.008125212316,73754.17443068633,9166.419412987701,6638.869988071301
avg.none,full,boot3,C38M01,C38,M01,ATAC-seq,109057867,73.70296361630356,0.6125910060512344,0.5964221346997826,398.11600693918524,94.92735251798983,1186.5818165660692,90855.71103750168,7220.99972247235,4509.941405243266
avocado.none,full,boot3,C38M01,C38,M01,ATAC-seq,109057867,88.47450049047181,0.46137231642960114,0.4930825358134417,815.9508103504601,123.87375244745586,1127.402072587201,126731.78774290027,8577.962005966207,7107.529638898961
avocado005.none,full,boot3,C38M01,C38,M01,ATAC-seq,109057867,99.22307306774236,0.45222624360170893,0.47977370080122006,764.5390969532925,127.73382056289034,1356.8467198860762,76929.09315330474,9839.467531973174,7121.030903676732
avg.none,full,boot4,C38M01,C38,M01,ATAC-seq,108648525,67.52935260581252,0.6109936230891169,0.5966726711117104,371.8477409748445,87.80307272915528,1169.7360654397191,91297.77578404499,6615.635697540558,4145.781647379618
avocado.none,full,boot4,C38M01,C38,M01,ATAC-seq,108648525,81.42905713996686,0.46556746486355643,0.4962843832898487,791.7360610588375,116.0469003502621,1116.0584784972264,126892.7398091429,7875.0020244099305,6579.8934693074025
avocado005.none,full,boot4,C38M01,C38,M01,ATAC-seq,108648525,91.13713009058051,0.4489902887536182,0.48172729209097553,724.6275731816198,118.34293139165118,1335.1648635520999,73962.38610050433,9040.827009864142,6508.017566057531
avg.none,full,boot5,C38M01,C38,M01,ATAC-seq,109056943,71.41594103438226,0.6109826581682304,0.5968986097589785,400.1906237002746,93.63713303583964,1173.0818888426563,93071.66963614075,7002.804171413973,4407.809990957786
avocado.none,full,boot5,C38M01,C38,M01,ATAC-seq,109056943,85.54876435304365,0.46545855837432243,0.4954044703539808,825.6705625831911,122.04989993199824,1122.1300714862955,129179.37018478755,8281.393762433405,6930.879238188035
avocado005.none,full,boot5,C38M01,C38,M01,ATAC-seq,109056943,96.03605458113684,0.4520333295001632,0.4826728468104166,770.1893289684546,125.71350323829466,1340.9552488052593,78016.6726984987,9528.89974333836,6972.211909241009
avg.none,full,boot6,C38M01,C38,M01,ATAC-seq,109061613,71.50495752293675,0.6117401548830355,0.5958657031991428,395.3637720625517,93.98678384870638,1123.7695044075858,92381.69472729808,7010.049676063112,4406.4946439974965
avocado.none,full,boot6,C38M01,C38,M01,ATAC-seq,109061613,85.76068301782085,0.46461669567185354,0.4896050589845317,817.8926839470043,122.97810380328991,1079.9889415462048,128281.26794888685,8299.164082799489,6954.540862620918
avocado005.none,full,boot6,C38M01,C38,M01,ATAC-seq,109061613,96.10775265286576,0.45128475488934855,0.48249610550054833,755.5012693818323,126.43040294040753,1293.299052300665,76665.86696976375,9534.265304530609,6948.041889258799
avg.none,full,boot7,C38M01,C38,M01,ATAC-seq,109047925,58.55684927283631,0.6282697873607443,0.5881833383690708,348.7765150109403,76.70579205150759,1033.8379150414492,79303.465843534,5720.267243791339,3527.817839630629
avocado.none,full,boot7,C38M01,C38,M01,ATAC-seq,109047925,72.54260682316529,0.4773305113118061,0.485965487528935,761.931779649771,105.07566557270968,1009.5190770398112,116186.2229606195,7001.580161289312,5831.039931126803
avocado005.none,full,boot7,C38M01,C38,M01,ATAC-seq,109047925,81.58991484748164,0.45293094685201407,0.4701148835609346,700.8103488186225,106.84087144047349,1197.2425010790753,63222.05708637179,8089.11253241384,5859.2190982384955
avg.none,full,boot8,C38M01,C38,M01,ATAC-seq,109595897,73.44005655282335,0.60802857856879,0.5954029488315735,407.6681090895602,94.6432951186993,1156.2095581257956,90979.24053467065,7196.408160191994,4472.976913569876
avocado.none,full,boot8,C38M01,C38,M01,ATAC-seq,109595897,87.59209331118144,0.46310513853191765,0.4905604697501325,834.1857259617688,122.60455836849253,1110.6014107116303,126131.87704048338,8483.136017977213,7019.526146986546
avocado005.none,full,boot8,C38M01,C38,M01,ATAC-seq,109595897,98.29022585724688,0.4492456027985131,0.47580800385947636,779.7138268404414,126.56906393365341,1322.8950172698937,76743.38533568772,9747.220933076278,7044.03216822846
avg.none,full,boot9,C38M01,C38,M01,ATAC-seq,109214154,70.36788760054539,0.6095538587373005,0.5894130216923429,393.85795173255605,91.9763586913404,1183.004511667027,91335.13488127544,6902.079521598416,4323.787078486615
avocado.none,full,boot9,C38M01,C38,M01,ATAC-seq,109214154,83.96762656154785,0.46179894223049445,0.4923574230753376,837.057925571413,119.2381574982379,1135.8129225153853,129422.15094850419,8155.475213013266,6813.907851938375
avocado005.none,full,boot9,C38M01,C38,M01,ATAC-seq,109214154,94.09294930720621,0.45123248315380826,0.47375333227869787,769.3251968614721,122.16555764231639,1346.802850390003,76722.72486069656,9336.094093361358,6804.825538750503
candi.none,common,all23,C38M01,C38,M01,ATAC-seq,121240975,95.085270996191,0.3490649588273476,0.37511029452438294,756.2252602558392,123.7060610928169,1402.3092497938594,78511.8491111625,9298.278973146906,5645.811159342246
candi.tcfloor,common,all23,C38M01,C38,M01,ATAC-seq,121240975,72.72087160048655,0.609009205703535,0.5633433997947961,417.22100928370446,94.37972899120703,1188.2274108134488,73770.19887364117,7157.626707707441,4530.754468604066
avg.none,common,all23,C38M01,C38,M01,ATAC-seq,121240975,69.6534468947817,0.6123694288199105,0.5936068046095102,385.6410487763133,90.69077536640023,1151.3346056159696,86079.09085342244,6825.841526959325,4266.149084086573
avocado.none,common,all23,C38M01,C38,M01,ATAC-seq,121240975,83.44555644118215,0.4645909642424881,0.4920848770686198,791.6012329360635,117.79242447464935,1108.07639665624,120040.29332010435,8090.800136763978,6741.827940449548
candi.none,common,boot0,C38M01,C38,M01,ATAC-seq,109249991,95.96614335567206,0.34860675290707127,0.3680698541756669,759.1311231912362,124.36692131046873,1428.1439755094757,72843.36537532776,9392.719869635017,5733.344103855605
candi.tcfloor,common,boot0,C38M01,C38,M01,ATAC-seq,109249991,73.46279175649502,0.6249522099493822,0.5596426903980232,411.28985038921735,94.00725524991589,1213.899125736339,46991.21191460865,7234.122431950465,4576.157864287604
avg.none,common,boot0,C38M01,C38,M01,ATAC-seq,109249991,70.07304651671964,0.6276470165661614,0.5893134142628869,370.1234714441138,89.24895945731288,1176.5341415574003,44243.030509278615,6870.759844246437,4280.038289163462
avocado.none,common,boot0,C38M01,C38,M01,ATAC-seq,109249991,80.4261983578726,0.5070898864604572,0.48538506405372794,602.7970505901778,103.90565104469367,1138.04245546734,55732.28251828591,7858.144113549219,6506.708796044247
candi.none,common,boot1,C38M01,C38,M01,ATAC-seq,109208574,95.51061344304547,0.34673546701423763,0.37942569515593644,753.1615377395433,126.05784683901936,1461.082901750463,82207.58042328017,9350.385505028553,5711.267675503709
candi.tcfloor,common,boot1,C38M01,C38,M01,ATAC-seq,109208574,73.87396477915874,0.6001936507161795,0.5632271459492252,424.9688812264785,97.42332279672213,1242.9219815698473,80561.68463314688,7276.957493603471,4619.29422920723
avg.none,common,boot1,C38M01,C38,M01,ATAC-seq,109208574,70.87061570790472,0.6036908859797502,0.5938271446795891,395.196389286194,93.81991567444524,1204.8877919844042,95037.31502617107,6952.7030712878895,4362.467926453801
avocado.none,common,boot1,C38M01,C38,M01,ATAC-seq,109208574,84.92011200337889,0.4544823488662588,0.4980666572912812,824.9194639313368,122.44823526204243,1160.3933909982968,132081.2072197088,8227.090083594809,6877.963191875856
candi.none,common,boot2,C38M01,C38,M01,ATAC-seq,109027430,93.69517361992712,0.347297110832192,0.37548387473034434,725.5363548181564,121.93977253472892,1351.622170828076,77798.95458367302,9155.540953169897,5482.239674701492
candi.tcfloor,common,boot2,C38M01,C38,M01,ATAC-seq,109027430,71.94741934876812,0.60191602345159,0.5632320879840867,402.5499476106192,93.51022324660048,1141.5726959698443,76719.70270762053,7079.22700805721,4462.24794657142
avg.none,common,boot2,C38M01,C38,M01,ATAC-seq,109027430,69.04137677083963,0.6054011862980451,0.5935685040633902,374.7607409573578,90.11726356143392,1105.8631137543039,91083.82401553012,6763.115240227731,4212.067673195618
avocado.none,common,boot2,C38M01,C38,M01,ATAC-seq,109027430,83.7673541301383,0.4497775760732177,0.49482079971742293,801.1730344783522,119.68921324695764,1081.3977617039118,128020.6969334679,8144.501363878165,6788.24365788718
candi.none,common,boot3,C38M01,C38,M01,ATAC-seq,109057846,100.64644438170015,0.34877976806201116,0.37865364322979433,773.3726649885998,129.41413418786175,1441.938146904611,81207.82047916461,9840.476658392887,5860.4692861910335
candi.tcfloor,common,boot3,C38M01,C38,M01,ATAC-seq,109057846,76.9563446420859,0.6092075879271762,0.5659320584985356,429.9251304052289,98.77201582369418,1224.3276288747672,77516.16762526016,7572.665168454734,4795.800746830914
avg.none,common,boot3,C38M01,C38,M01,ATAC-seq,109057846,73.70297780842539,0.6125910052691143,0.5964218988887575,398.11600693918524,94.92735251798983,1186.5818165660692,90855.71103750168,7220.99972247235,4509.941405243266
avocado.none,common,boot3,C38M01,C38,M01,ATAC-seq,109057846,88.47451752618855,0.4613723156168688,0.4930823122897987,815.9508103504601,123.87375244745586,1127.402072587201,126731.78774290027,8577.962005966207,7107.529638898961
candi.none,common,boot4,C38M01,C38,M01,ATAC-seq,108648504,92.3825454715331,0.34802799162442866,0.3778467303941266,733.319031114534,119.80443252732765,1422.846503110061,78005.95836391639,9028.5341023288,5475.6046335472965
candi.tcfloor,common,boot4,C38M01,C38,M01,ATAC-seq,108648504,70.44961652437327,0.607601909994897,0.5661276021048103,400.48284593170507,91.21964871257666,1207.4792948879478,77002.81286761262,6932.642221862494,4398.4294181930045
avg.none,common,boot4,C38M01,C38,M01,ATAC-seq,108648504,67.52936565814505,0.6109936223168083,0.5966724338952457,371.8477409748445,87.80307272915528,1169.7360654397191,91297.77578404499,6615.635697540558,4145.781647379618
avocado.none,common,boot4,C38M01,C38,M01,ATAC-seq,108648504,81.42907287802171,0.4655674640781675,0.4962841641903575,791.7360610588375,116.0469003502621,1116.0584784972264,126892.7398091429,7875.0020244099305,6579.8934693074025
candi.none,common,boot5,C38M01,C38,M01,ATAC-seq,109056922,97.42262073164166,0.3481680515311257,0.3816023605894081,779.1680837074966,127.38445714943683,1426.911463088603,82527.9250004877,9531.318374010607,5805.977483349621
candi.tcfloor,common,boot5,C38M01,C38,M01,ATAC-seq,109056922,74.5330007090391,0.6075845809819003,0.5659046784717539,432.0889190149163,97.3488711830064,1210.3071160705758,79201.09681351074,7339.479093579737,4678.687190940624
avg.none,common,boot5,C38M01,C38,M01,ATAC-seq,109056922,71.41595478623528,0.6109826574063478,0.596898373776584,400.1906237002746,93.63713303583964,1173.0818888426563,93071.66963614075,7002.804171413973,4407.809990957786
avocado.none,common,boot5,C38M01,C38,M01,ATAC-seq,109056922,85.54878082542596,0.4654585576048071,0.49540425617543943,825.6705625831911,122.04989993199824,1122.1300714862955,129179.37018478755,8281.393762433405,6930.879238188035
candi.none,common,boot6,C38M01,C38,M01,ATAC-seq,109061592,97.52012014012605,0.3488093587482334,0.381046584031786,764.1142901918221,128.165348371322,1375.3221397967486,81077.24725777225,9538.420746218773,5776.8369201220485
candi.tcfloor,common,boot6,C38M01,C38,M01,ATAC-seq,109061592,74.64678269485528,0.6083494326149529,0.5649486285545641,426.24628390511447,97.7637421135793,1160.2835830542797,78502.57652656035,7349.240429734021,4680.715566422068
avg.none,common,boot6,C38M01,C38,M01,ATAC-seq,109061592,71.50497129134119,0.611740154113842,0.5958654666962185,395.3637720625517,93.98678384870638,1123.7695044075858,92381.69472729808,7010.055946249943,4406.498425609878
avocado.none,common,boot6,C38M01,C38,M01,ATAC-seq,109061592,85.76069953031129,0.46461669489123936,0.48960484418412525,817.8926839470043,122.97810380328991,1079.9889415462048,128281.26794888685,8299.17169130477,6954.544923579788
candi.none,common,boot7,C38M01,C38,M01,ATAC-seq,109047905,82.50688576465168,0.3582812515528423,0.3642135132719293,707.6563773608618,107.76129558398483,1274.5451245946858,66856.10176347508,8043.712950629704,5001.217201816792
candi.tcfloor,common,boot7,C38M01,C38,M01,ATAC-seq,109047905,61.26166026202816,0.6247746006781463,0.5590239044091495,376.6466581094799,79.86623535496034,1068.5092967741798,64939.880432592014,6015.961667756509,3760.8089162290926
avg.none,common,boot7,C38M01,C38,M01,ATAC-seq,109047905,58.556860012492294,0.6282697866399536,0.5881831087205831,348.7765150109403,76.70579205150759,1033.8379150414492,79303.465843534,5720.267243791339,3527.817839630629
avocado.none,common,boot7,C38M01,C38,M01,ATAC-seq,109047905,72.54262012729774,0.4773305105714723,0.4859652517016704,761.931779649771,105.07566557270968,1009.5190770398112,116186.2229606195,7001.580161289312,5831.039931126803
candi.none,common,boot8,C38M01,C38,M01,ATAC-seq,109595876,99.72178092028466,0.34776788144504905,0.3738957388027086,789.0496606688042,128.23575228372243,1408.1079735496464,81154.79572647113,9752.947763336753,5842.995025215818
candi.tcfloor,common,boot8,C38M01,C38,M01,ATAC-seq,109595876,76.6042224626535,0.604629026222711,0.5653044184545031,439.58598282021507,98.36466802981217,1193.3805173719904,77569.6209246752,7538.875502609823,4749.615395233889
avg.none,common,boot8,C38M01,C38,M01,ATAC-seq,109595876,73.44007062489653,0.6080285777770489,0.59540271373903,407.6681090895602,94.6432951186993,1156.2095581257956,90979.24053467065,7196.408160191994,4472.976913569876
avocado.none,common,boot8,C38M01,C38,M01,ATAC-seq,109595876,87.59211009404564,0.4631051377312747,0.49056025521394664,834.1857259617688,122.60455836849253,1110.6014107116303,126131.87704048338,8483.136017977213,7019.526146986546
candi.none,common,boot9,C38M01,C38,M01,ATAC-seq,109214135,95.44311294258061,0.34987790416190284,0.3695498161519933,777.5865380681607,123.83218498628503,1432.6476006282483,81073.94587212217,9344.36931416243,5734.6654192056985
candi.tcfloor,common,boot9,C38M01,C38,M01,ATAC-seq,109214135,73.43998708546614,0.6062069056526568,0.5596303186683429,428.15108791518594,95.4706027962873,1219.737667288918,77863.94066670809,7233.319742777339,4588.689876644087
avg.none,common,boot9,C38M01,C38,M01,ATAC-seq,109214135,70.3678998424577,0.6095538580410799,0.5894128047004636,393.85795173255605,91.9763586913404,1183.004511667027,91335.13488127544,6902.079521598416,4323.787078486615
avocado.none,common,boot9,C38M01,C38,M01,ATAC-seq,109214135,83.96764116858799,0.46179894152708056,0.4923572258836546,837.057925571413,119.2381574982379,1135.8129225153853,129422.15094850419,8155.475213013266,6813.907851938375
avg.none,full,all23,C38M02,C38,M02,DNase-seq,121240998,70.48835846910329,0.7964622572703036,0.4717962231188611,1387.8090828477152,118.48485887396593,780.2546356072606,43329369.16343689,5425.968720318107,6433.48215407066
avocado.none,full,all23,C38M02,C38,M02,DNase-seq,121240998,114.79250298062236,0.7295335911824422,0.3682087093548058,3120.2247002761173,239.87014435958145,900.9797768771867,171025944.161625,11289.39090206632,10892.64929260482
avocado005.none,full,all23,C38M02,C38,M02,DNase-seq,121240998,135.83147136351107,0.7081942806864299,0.35269109163727996,2681.985412585041,237.68800821583616,2454.0696783583494,141700647.4758535,12960.630014730223,12880.441562153557
avg.none,full,boot0,C38M02,C38,M02,DNase-seq,109250012,58.60073271170865,0.6874143675559361,0.4703868658684848,793.5783300345234,74.69770335034008,806.5604221725355,70406.9286082348,4162.787905030148,5248.516186440975
avocado.none,full,boot0,C38M02,C38,M02,DNase-seq,109250012,69.31636358997824,0.6015802466123765,0.3707870088963775,801.9074343481876,86.39774721147438,904.6320368423854,137157.70179159343,6763.481852440975,6459.137497789938
avocado005.none,full,boot0,C38M02,C38,M02,DNase-seq,109250012,99.25584554831238,0.48791953720021974,0.34845370682035887,817.3671676012267,116.7950779379013,2412.1119496673114,126727.47092060062,9299.860799544173,9344.109108745019
avg.none,full,boot1,C38M02,C38,M02,DNase-seq,109208595,66.26545613832583,0.8159058659955858,0.4723932192314318,1473.4018656128667,110.16679239329797,816.7981917214609,50066752.73393227,5627.937551596827,6009.659266974841
avocado.none,full,boot1,C38M02,C38,M02,DNase-seq,109208595,119.52971448583428,0.7362711824525746,0.3676177686518202,3433.74342762565,259.0861110972005,920.5616792756342,197627497.7637445,11764.655273346174,11360.970487471413
avocado005.none,full,boot1,C38M02,C38,M02,DNase-seq,109208595,138.62397208143042,0.7179679299232763,0.3535842709013405,2930.2520715894384,252.4502026715614,2522.5964988639817,163739659.19041264,13248.46960383689,13135.162933698064
avg.none,full,boot2,C38M02,C38,M02,DNase-seq,109027451,74.02031413192097,0.796663924910861,0.4721209955043753,1476.8880708873683,127.20376558148362,781.9809168783098,46705479.20704976,5619.261337411251,6774.392038700547
avocado.none,full,boot2,C38M02,C38,M02,DNase-seq,109027451,121.17701369171442,0.7326208935838137,0.36987346217224465,3351.5162729463227,260.6158747779469,891.2741192074703,184366744.9888541,11955.863930353786,11509.845891407385
avocado005.none,full,boot2,C38M02,C38,M02,DNase-seq,109027451,140.73642854886003,0.7184925065132174,0.35344688855633705,2851.0745762986667,253.73048035479658,2504.742938779355,152748864.72257867,13447.545449962388,13360.101455316708
avg.none,full,boot3,C38M02,C38,M02,DNase-seq,109057867,76.68988708900811,0.7965925081798765,0.4745288201155925,1470.4151009796944,127.51647699388705,816.4861697245207,45071932.95018827,5880.504476709415,7001.805596585961
avocado.none,full,boot3,C38M02,C38,M02,DNase-seq,109057867,125.05626935827806,0.731206121795414,0.36770488428584613,3305.705504954518,259.2327706221671,925.5104610841248,177907330.34894648,12302.733177436194,11853.657406270244
avocado005.none,full,boot3,C38M02,C38,M02,DNase-seq,109057867,146.3299509625395,0.7125617667480773,0.355925035693672,2834.744675096023,254.93904562793378,2527.6060810349554,147401188.1919055,13967.131005503861,13794.078739252867
avg.none,full,boot4,C38M02,C38,M02,DNase-seq,108648525,72.78546529890026,0.8005844649252286,0.4737074806808386,1468.5884655812415,123.00707166455726,636.2897600618096,46173318.84144083,5522.71762774141,6674.958025177328
avocado.none,full,boot4,C38M02,C38,M02,DNase-seq,108648525,121.94107100277265,0.7346210549581034,0.3687527428719903,3397.4613212792865,261.34258094319586,917.5281879762359,182260325.55634132,11993.160970749537,11598.924491698568
avocado005.none,full,boot4,C38M02,C38,M02,DNase-seq,108648525,139.86694209739818,0.7190455171423183,0.3545995494318508,2898.900136590924,253.11614680440945,2524.9332650669344,151007234.2402954,13360.43689616408,13291.533440176232
avg.none,full,boot5,C38M02,C38,M02,DNase-seq,109056943,75.27238620206431,0.7968807279251593,0.4728109774791437,1502.0983332767119,128.2237554558745,806.8497770645859,46120319.72873687,5755.706439064986,6903.890875099934
avocado.none,full,boot5,C38M02,C38,M02,DNase-seq,109056943,122.28084462097945,0.7370641740602645,0.36445059706084876,3364.8086862667724,260.2065952465366,927.2966051121723,182043380.18615216,12028.01847971724,11614.11821829501
avocado005.none,full,boot5,C38M02,C38,M02,DNase-seq,109056943,140.22183874819348,0.7184078858577942,0.35538729251827866,2896.800174977397,251.4070127855685,2375.1602961697968,150829476.99561435,13411.785482080531,13297.57418476533
avg.none,full,boot6,C38M02,C38,M02,DNase-seq,109061613,75.46900532378395,0.7968257365108253,0.47410107098401283,1500.737945175239,129.31416736394215,799.3590463676957,46012221.80717344,5769.376891707471,6911.850531957119
avocado.none,full,boot6,C38M02,C38,M02,DNase-seq,109061613,123.04982229282388,0.7330930360735344,0.3681214541690954,3377.03843398128,263.2421001330908,901.4309227971768,181620782.03832603,12108.607516698987,11699.425141750045
avocado005.none,full,boot6,C38M02,C38,M02,DNase-seq,109061613,141.88313017867517,0.7168726314741718,0.355970010032247,2879.772371975992,255.98929570367227,2322.0812948010057,150477386.5015429,13549.130051364677,13436.275383056054
avg.none,full,boot7,C38M02,C38,M02,DNase-seq,109047925,62.91756231789052,0.8148646804511119,0.4673774794916344,1448.7835764164035,112.20597042882532,733.3366425127997,46023218.57818573,4514.250940601861,5784.617409832194
avocado.none,full,boot7,C38M02,C38,M02,DNase-seq,109047925,105.25239881664824,0.7683986843431211,0.36784752444671637,3273.564522399629,238.1674713614197,834.1736545792455,181707403.07109568,10333.989281930486,10007.434558840041
avocado005.none,full,boot7,C38M02,C38,M02,DNase-seq,109047925,127.73155341467292,0.7410665052190117,0.34662913955103153,2828.017996467895,234.34125802869872,2363.8503663613333,150548396.95519617,12149.041763284016,12154.177876553247
avg.none,full,boot8,C38M02,C38,M02,DNase-seq,109595897,75.81457927971192,0.7961832727363114,0.47178910555856024,1517.0174913501442,127.29843046519451,805.7309551227625,45590256.47957173,5834.312146070543,6913.497943783185
avocado.none,full,boot8,C38M02,C38,M02,DNase-seq,109595897,122.62916040997872,0.7345854892666036,0.3690765743963843,3396.0381610385534,256.60570766683816,894.7809587637292,179951890.59707412,12068.50580584265,11624.89649962256
avocado005.none,full,boot8,C38M02,C38,M02,DNase-seq,109595897,145.0669491707382,0.7123704006882957,0.3543921102809186,2928.021848295303,253.8136046021321,2492.4241218783727,149096699.9329199,13836.327680666236,13701.317058578035
avg.none,full,boot9,C38M02,C38,M02,DNase-seq,109214154,67.06239644398299,0.8136365965918457,0.46834041913774,1205.824410086055,125.13442156817342,797.6988562999572,48926459.85386207,5573.294007621911,6111.2700889366815
avocado.none,full,boot9,C38M02,C38,M02,DNase-seq,109214154,117.75056869943221,0.7412211770066071,0.36871844336975457,3465.399000867246,254.26257532096216,892.3205898005116,193124012.7318074,11582.437807347613,11204.792999296325
avocado005.none,full,boot9,C38M02,C38,M02,DNase-seq,109214154,138.62472486910332,0.7196562652640092,0.34800621237753937,2925.3090983680518,250.5661795676191,2490.034831001314,160011772.71250716,13340.66380732423,13151.728775858157
candi.none,common,all23,C38M02,C38,M02,DNase-seq,121240975,179.74156002343256,0.25167804418245315,0.49425899306727433,5622.528632056228,397.48474364104624,1026.1044014542392,400534945.43222207,17555.197587050265,14600.23549219098
candi.tcfloor,common,all23,C38M02,C38,M02,DNase-seq,121240975,70.37108036583159,0.7971915708467182,0.4922123632634263,1438.8978556900101,122.28405246682026,741.9063122844535,58192308.338577405,5753.169590302654,6481.22531813164
avg.none,common,all23,C38M02,C38,M02,DNase-seq,121240975,70.48837184108619,0.7964622571686798,0.47179590353782186,1387.8090828477152,118.48485887396593,780.2546356072606,43329369.16343689,5425.968720318107,6433.48215407066
avocado.none,common,all23,C38M02,C38,M02,DNase-seq,121240975,114.7925247567515,0.7295335911286255,0.3682084022750435,3120.2247002761173,239.87014435958145,900.9797768771867,171025944.161625,11289.39090206632,10892.64929260482
candi.none,common,boot0,C38M02,C38,M02,DNase-seq,109249991,96.68701985540555,0.33302199546219013,0.49597426121280064,1287.1414921344615,121.63673456828063,1033.0623334950492,222374.8021278773,9260.623987370675,7633.924188202524
candi.tcfloor,common,boot0,C38M02,C38,M02,DNase-seq,109249991,56.23597149910969,0.694716001868123,0.4924655811250645,712.8559620050783,71.64425556763415,762.9620954821576,80619.44659494447,4288.98301097574,5073.491441313766
avg.none,common,boot0,C38M02,C38,M02,DNase-seq,109249991,58.60074397592365,0.6874143672482453,0.4703865411762104,793.5783300345234,74.69770335034008,806.5604221725355,70406.9286082348,4162.787905030148,5248.519933909807
avocado.none,common,boot0,C38M02,C38,M02,DNase-seq,109249991,69.31637691335203,0.6015802462547141,0.3707867039406017,801.9074343481876,86.39774721147438,904.6320368423854,137157.70179159343,6763.481852440975,6459.143398716728
candi.none,common,boot1,C38M02,C38,M02,DNase-seq,109208574,186.79659248258525,0.2424317203077302,0.49628238211733255,6166.612764479709,430.10346048460644,1058.1396316313744,462840287.9249794,18275.293898969092,15254.936614457809
candi.tcfloor,common,boot1,C38M02,C38,M02,DNase-seq,109208574,68.06122614593143,0.815470610190791,0.4931541165696218,1542.58630095059,118.93486064601339,775.2169305768313,67241469.41355594,5979.41887980002,6258.39672750829
avg.none,common,boot1,C38M02,C38,M02,DNase-seq,109208574,66.2654688806823,0.8159058659142445,0.4723928949366098,1473.4018656128667,110.16679239329797,816.7981917214609,50066752.73393227,5627.937551596827,6009.659266974841
avocado.none,common,boot1,C38M02,C38,M02,DNase-seq,109208574,119.52973746989706,0.7362711824107678,0.36761746809456675,3433.74342762565,259.0861110972005,920.5616792756342,197627497.7637445,11764.655273346174,11360.970487471413
candi.none,common,boot2,C38M02,C38,M02,DNase-seq,109027430,189.054673903005,0.24504069610684703,0.49268019389691364,6017.783869864098,431.12657462675526,999.2889545677468,431776456.752653,18481.569282154083,15334.19702767886
candi.tcfloor,common,boot2,C38M02,C38,M02,DNase-seq,109027430,73.58921753248853,0.7973688275321935,0.4919501856577468,1526.4344902164219,131.03552419403573,737.1729552188564,62727410.50370525,5957.374473550383,6789.641440164832
avg.none,common,boot2,C38M02,C38,M02,DNase-seq,109027430,74.02032838912757,0.7966639248119268,0.4721206712303613,1476.8880708873683,127.20376558148362,781.9809168783098,46705479.20704976,5619.261337411251,6774.392038700547
avocado.none,common,boot2,C38M02,C38,M02,DNase-seq,109027430,121.17703703138507,0.7326208935394075,0.36987314459200676,3351.5162729463227,260.6158747779469,891.2741192074703,184366744.9888541,11955.863930353786,11509.845891407385
candi.none,common,boot3,C38M02,C38,M02,DNase-seq,109057846,195.90287483372154,0.24938541312659013,0.4909459244159267,5959.813096214204,429.4584851463016,1056.2577279751408,416652222.9522146,19150.271739026095,15817.20438898631
candi.tcfloor,common,boot3,C38M02,C38,M02,DNase-seq,109057846,76.49219759669369,0.7974755918292028,0.4918979194138995,1522.7599003945666,131.56316392164393,774.5752929460081,60532883.33116445,6239.16360687516,7035.041726001607
avg.none,common,boot3,C38M02,C38,M02,DNase-seq,109057846,76.68990185628702,0.7965925080750882,0.4745284992443741,1470.4151009796944,127.51647699388705,816.4861697245207,45071932.95018827,5880.504476709415,7001.805596585961
avocado.none,common,boot3,C38M02,C38,M02,DNase-seq,109057846,125.05629343834174,0.7312061217438257,0.3677045694076158,3305.705504954518,259.2327706221671,925.5104610841248,177907330.34894648,12302.733177436194,11853.657406270244
candi.none,common,boot4,C38M02,C38,M02,DNase-seq,108648504,189.7609914926647,0.24408583975325887,0.4938449245633694,6113.24411140694,432.0202784741061,1027.506238632999,426846865.68073153,18557.676331696355,15428.009526183423
candi.tcfloor,common,boot4,C38M02,C38,M02,DNase-seq,108648504,72.81243367163184,0.8010929054925745,0.49345754458794555,1530.5065266337074,128.04415099725807,639.3390941424211,62012559.748368435,5900.942163451012,6736.567707605303
avg.none,common,boot4,C38M02,C38,M02,DNase-seq,108648504,72.78547936715445,0.8005844648308932,0.4737071555774914,1468.5884655812415,123.00707166455726,636.2897600618096,46173318.84144083,5522.71762774141,6674.958025177328
avocado.none,common,boot4,C38M02,C38,M02,DNase-seq,108648504,121.94109457138354,0.734621054910041,0.3687524387898567,3397.4613212792865,261.34258094319586,917.5281879762359,182260325.55634132,11993.160970749537,11598.924491698568
candi.none,common,boot5,C38M02,C38,M02,DNase-seq,109056922,192.75228177292985,0.2471561871187618,0.49326599802614024,6089.401239832269,433.0295390951939,1045.6146747120267,426343416.5702267,18855.54674859308,15681.80684378695
candi.tcfloor,common,boot5,C38M02,C38,M02,DNase-seq,109056922,75.08008613129807,0.7978190833801466,0.49223284818562346,1556.54418134449,132.2847547728858,763.689986731514,61940918.80715706,6116.034086783099,6944.918865780594
avg.none,common,boot5,C38M02,C38,M02,DNase-seq,109056922,75.27240069651438,0.7968807278266037,0.4728106535072782,1502.0983332767119,128.2237554558745,806.8497770645859,46120319.72873687,5755.706439064986,6903.890875099934
avocado.none,common,boot5,C38M02,C38,M02,DNase-seq,109056922,122.28086816678099,0.7370641740101518,0.3644502832005123,3364.8086862667724,260.2065952465366,927.2966051121723,182043380.18615216,12028.01847971724,11614.11821829501
candi.none,common,boot6,C38M02,C38,M02,DNase-seq,109061592,193.14298641222757,0.24768185475532706,0.49275911635318365,6083.5901455940275,437.4303403555258,1039.5116687573775,425349271.5393005,18889.44086229961,15693.056286589093
candi.tcfloor,common,boot6,C38M02,C38,M02,DNase-seq,109061592,75.27780735450601,0.7977319818147065,0.49252194351898393,1554.4279403802136,133.44229445955833,758.6539077698043,61795878.707972094,6129.879964265551,6951.861278572099
avg.none,common,boot6,C38M02,C38,M02,DNase-seq,109061592,75.46901985547271,0.7968257364107925,0.47410074818733594,1500.737945175239,129.31416736394215,799.3590463676957,46012221.80717344,5769.382167782195,6911.8568186376915
avocado.none,common,boot6,C38M02,C38,M02,DNase-seq,109061592,123.04984598569825,0.7330930360246155,0.3681211448038979,3377.03843398128,263.2421001330908,901.4309227971768,181620782.03832603,12108.618609664056,11699.435811779636
candi.none,common,boot7,C38M02,C38,M02,DNase-seq,109047905,173.20681893425342,0.24469300994942622,0.4951777564866155,6022.433555065914,406.95973095831687,941.9841156373894,425585235.6212472,16907.202161784895,14177.398851018832
candi.tcfloor,common,boot7,C38M02,C38,M02,DNase-seq,109047905,62.02878203404811,0.814958309242277,0.49107249437201467,1496.9600994229575,115.43415284914941,687.8340030969786,61815386.63525198,4807.934500098549,5747.264161692772
avg.none,common,boot7,C38M02,C38,M02,DNase-seq,109047905,62.91757385732584,0.8148646803694705,0.46737716659614026,1448.7835764164035,112.20597042882532,733.3366425127997,46023218.57818573,4514.250940601861,5784.617409832194
avocado.none,common,boot7,C38M02,C38,M02,DNase-seq,109047905,105.25241812009315,0.7683986843055771,0.367847215472274,3273.564522399629,238.1674713614197,834.1736545792455,181707403.07109568,10333.989281930486,10007.434558840041
candi.none,common,boot8,C38M02,C38,M02,DNase-seq,109595876,193.53830863744366,0.2481832275578172,0.49676197786213344,6144.148264128185,427.65157059584203,1049.7672963618418,421444157.15604764,18923.21466710977,15669.014471760329
candi.tcfloor,common,boot8,C38M02,C38,M02,DNase-seq,109595876,75.6856146338483,0.7971304469408133,0.49241477867598166,1572.0529591352868,131.29155881556565,765.2304620300496,61229028.58532313,6190.965019665824,6961.85054384886
avg.none,common,boot8,C38M02,C38,M02,DNase-seq,109595876,75.81459380677465,0.7961832726333213,0.4717887844108109,1517.0174913501442,127.29843046519451,805.7309551227625,45590256.47957173,5834.312146070543,6913.497943783185
avocado.none,common,boot8,C38M02,C38,M02,DNase-seq,109595876,122.62918390673099,0.7345854892169212,0.36907626652814934,3396.0381610385534,256.60570766683816,894.7809587637292,179951890.59707412,12068.50580584265,11624.89649962256
candi.none,common,boot9,C38M02,C38,M02,DNase-seq,109214135,186.67089521660355,0.24464621737229594,0.49469097884597923,6275.7256519586535,426.1177197838929,1008.3128672774338,452302809.15417314,18264.105408970976,15304.538565266057
candi.tcfloor,common,boot9,C38M02,C38,M02,DNase-seq,109214135,68.46125357061847,0.813327365843408,0.4906150839046277,1354.4708707939571,129.164796900957,752.9950418240513,65710188.918393455,5921.863663032543,6313.516153062815
avg.none,common,boot9,C38M02,C38,M02,DNase-seq,109214135,67.0624081108385,0.8136365965171232,0.4683401233555396,1205.824410086055,125.13442156817342,797.6988562999572,48926459.85386207,5573.294007621911,6111.2700889366815
avocado.none,common,boot9,C38M02,C38,M02,DNase-seq,109214135,117.7505891839782,0.7412211769630895,0.3687181553082215,3465.399000867246,254.26257532096216,892.3205898005116,193124012.7318074,11582.437807347613,11204.792999296325
avg.none,full,all23,C38M17,C38,M17,H3K27me3,121240998,1.072501584096372,0.4418004352204537,0.22466585075163656,4.054225899841072,1.2189707623730746,4.2023751648779175,146.62313567561793,62.403202441413875,47.942054896550005
avocado.none,full,all23,C38M17,C38,M17,H3K27me3,121240998,1.4279768994518525,0.1295555196758504,0.17164017422050304,5.7959712134242976,1.6589292560653952,7.325538456533179,213.9623060919009,93.78750790149802,47.806214305968076
avocado005.none,full,all23,C38M17,C38,M17,H3K27me3,121240998,1.3854960240130993,0.19251928275909655,0.2423790077234115,5.779553517621266,1.5921212249383212,6.259927652906469,209.53656982065718,91.23606715522709,38.989491891410516
avg.none,full,boot0,C38M17,C38,M17,H3K27me3,109250012,1.101841809644606,0.445188556323891,0.21062399511963734,4.2455793300686455,1.2514675841103058,4.405402475083522,156.57304096461723,65.15427936005575,49.58480694442141
avocado.none,full,boot0,C38M17,C38,M17,H3K27me3,109250012,1.4716981906571192,0.12993756634080772,0.15077617532458504,6.102486592481954,1.7063204150350382,7.67953293345651,227.1161801486976,97.29537938451824,49.47253906882802
avocado005.none,full,boot0,C38M17,C38,M17,H3K27me3,109250012,1.4144755691076443,0.1955536311474428,0.23567361612174875,6.058324348782613,1.6189499696524257,6.523122020519261,221.54734175971257,93.92824377538972,38.78521053059728
avg.none,full,boot1,C38M17,C38,M17,H3K27me3,109208595,1.0870488103170786,0.4434745496148789,0.23230039241437828,4.153410349897544,1.2456595144884786,4.316420022433639,152.6866762429089,64.3346660848516,48.709469203825755
avocado.none,full,boot1,C38M17,C38,M17,H3K27me3,109208595,1.4230386376654276,0.13879776801010305,0.18003910820259908,5.795978152738946,1.6685319439900446,7.31463113527002,220.06728949572758,95.6291175234412,50.275840863744875
avocado005.none,full,boot1,C38M17,C38,M17,H3K27me3,109208595,1.405750881239768,0.19234758117333506,0.24742209829240694,5.902628962084811,1.6260510275667714,6.479723594062849,217.39512993311544,93.42702011411342,39.161827285807775
avg.none,full,boot2,C38M17,C38,M17,H3K27me3,109027451,1.0705930112403372,0.44581259186075534,0.22631929632131778,4.002798187657466,1.1989857576060492,4.161127520798693,147.82089504248734,62.025772416474524,48.48439656867254
avocado.none,full,boot2,C38M17,C38,M17,H3K27me3,109027451,1.4050962197072328,0.13958600813712385,0.1736899892750667,5.693142768618255,1.6086134886826065,6.863918955096481,215.99427974897122,94.23396134091433,45.78156197313277
avocado005.none,full,boot2,C38M17,C38,M17,H3K27me3,109027451,1.3910389317433776,0.19358448986308666,0.24163071858407234,5.770324319760901,1.574908745981086,6.276389697748867,211.97777109300972,91.67995952984118,39.633680153839784
avg.none,full,boot3,C38M17,C38,M17,H3K27me3,109057867,1.1097781875296717,0.43722195982181783,0.2285909037374867,4.049520517660132,1.2494870492660457,4.2150355171666565,154.32591492307458,64.58267349267031,49.71957658092023
avocado.none,full,boot3,C38M17,C38,M17,H3K27me3,109057867,1.4752737432394474,0.12469955424770075,0.16848935101009152,5.786773866515053,1.6992513667628804,7.352757819560011,224.6628264208996,96.90370735832953,48.87531529116079
avocado005.none,full,boot3,C38M17,C38,M17,H3K27me3,109057867,1.4302612310821614,0.19045295355400485,0.2441569548088541,5.733205159765464,1.6279039210088009,6.259740627138411,219.37526336391593,94.0377966494072,40.096394948447134
avg.none,full,boot4,C38M17,C38,M17,H3K27me3,108648525,1.0522277477604005,0.44354421804463395,0.2348067056613954,3.997756878583396,1.19213109493352,4.183715820891065,150.79020009154692,61.22655760833292,47.32253988153642
avocado.none,full,boot4,C38M17,C38,M17,H3K27me3,108648525,1.4132975931607847,0.12872549791031918,0.18137521991398195,5.749893795247275,1.6422839579067188,7.421933733164258,218.6043927202521,92.23827607462381,48.20242279088565
avocado005.none,full,boot4,C38M17,C38,M17,H3K27me3,108648525,1.36322748785779,0.19272470943696685,0.2484518457267187,5.714317418406243,1.565418283178688,6.271532109204003,214.99243502316196,89.97111743011298,39.08529827860848
avg.none,full,boot5,C38M17,C38,M17,H3K27me3,109056943,1.0798456780906058,0.4380393654070937,0.23517974041592876,4.096052119464389,1.2423630568869142,4.355513106253207,152.98741046278568,63.372187174725454,48.59250160798915
avocado.none,full,boot5,C38M17,C38,M17,H3K27me3,109056943,1.4491218415173535,0.11923219672711835,0.18287245664692667,5.867070765288176,1.7037318853480081,7.710992808669031,222.08653162089115,94.9627462744798,48.44508774276067
avocado005.none,full,boot5,C38M17,C38,M17,H3K27me3,109056943,1.387728428787599,0.19338525380142335,0.24957466363234557,5.791396340139147,1.6157927320695358,6.440877607501529,216.45694066728612,91.8914127084381,39.13419284526959
avg.none,full,boot6,C38M17,C38,M17,H3K27me3,109061613,1.0817718507581273,0.4442827496880015,0.23238025978485669,4.026163472056763,1.2374227380160212,4.2750404008666925,154.5684672401738,63.909316515147424,49.063945093197226
avocado.none,full,boot6,C38M17,C38,M17,H3K27me3,109061613,1.4563499547504128,0.12484207601076464,0.17602534852783222,5.84697174663192,1.7087854318407705,7.5234663255041125,225.04314356927475,95.869400890715,48.02543418048546
avocado005.none,full,boot6,C38M17,C38,M17,H3K27me3,109061613,1.3940131161784717,0.19493087055348415,0.2467028146583807,5.677155208260823,1.6145420481991186,6.264209833329093,219.75327908370312,93.16176946248804,38.914806720013935
avg.none,full,boot7,C38M17,C38,M17,H3K27me3,109047925,0.9457476483566699,0.4383844035955883,0.20270664931379237,3.611442085418229,1.1049441495921664,3.5773653333126583,86.34307463444492,50.37233708810118,39.62116471475105
avocado.none,full,boot7,C38M17,C38,M17,H3K27me3,109047925,1.2443603632163334,0.13731172553720228,0.1527078978831488,5.143857291538052,1.4744231757804234,6.392261742059995,136.54261711239673,77.99198976573796,40.88766846344244
avocado005.none,full,boot7,C38M17,C38,M17,H3K27me3,109047925,1.2269615319770408,0.19296485361643767,0.2285702880389932,5.220650947507644,1.447714004745869,5.342909338435541,132.79852704658674,76.02733273834755,35.24234327356928
avg.none,full,boot8,C38M17,C38,M17,H3K27me3,109595897,1.129644505120481,0.44160307056074105,0.23081063257339332,4.2662757523214605,1.259494513050654,4.32830680772949,156.54167096574568,66.03229270890759,50.510171311591805
avocado.none,full,boot8,C38M17,C38,M17,H3K27me3,109595897,1.510149013830225,0.12800588124986836,0.19086141100890688,6.092184644567305,1.7167885079379026,7.57869889696141,227.9106732055433,99.06990029885736,49.406879597548794
avocado005.none,full,boot8,C38M17,C38,M17,H3K27me3,109595897,1.4598450007621107,0.19181776277626852,0.2465579272116672,6.070451251883747,1.6434189848736385,6.447780367526517,223.12552230503064,96.39785016215619,40.86181821689921
avg.none,full,boot9,C38M17,C38,M17,H3K27me3,109214154,1.0660836391671011,0.4415534107301546,0.21217366633856763,4.099550995465512,1.2069663939394923,4.2032635767962665,151.79631067538375,62.618356643450795,47.75701314381763
avocado.none,full,boot9,C38M17,C38,M17,H3K27me3,109214154,1.4308247453442635,0.1278048076721227,0.15893523485123154,5.888058982716253,1.6596383826746202,7.416575955660058,219.18058046202205,93.06641255520762,48.624314130799476
avocado005.none,full,boot9,C38M17,C38,M17,H3K27me3,109214154,1.3811217183551052,0.18826603258233934,0.2338261411634555,5.868710957521204,1.5857934527617052,6.289352398282351,215.6236411106144,91.23867050898137,38.41958386938828
candi.none,common,all23,C38M17,C38,M17,H3K27me3,121240975,1.3141365617419036,0.13898352006427966,0.23489221543410813,5.82029509547716,1.5256467587500664,6.326175251974903,230.5532167328584,103.29359678397732,25.702624521688794
candi.tcfloor,common,all23,C38M17,C38,M17,H3K27me3,121240975,1.1295280416945437,0.42573017123175905,0.24302922194816676,4.669020858724402,1.29323484503163,4.97177329785654,189.60208144387147,82.41230863065223,56.59928916686949
avg.none,common,all23,C38M17,C38,M17,H3K27me3,121240975,1.0725017875551155,0.4418004155551374,0.22466540922360465,4.054225899841072,1.2189707623730746,4.2023751648779175,146.62313567561793,62.403202441413875,47.942054896550005
avocado.none,common,all23,C38M17,C38,M17,H3K27me3,121240975,1.4279771699001553,0.12955548926459712,0.17163971238408401,5.7959712134242976,1.6589292560653952,7.325538456533179,213.9623060919009,93.78750790149802,47.806214305968076
candi.none,common,boot0,C38M17,C38,M17,H3K27me3,109249991,1.3609660678705617,0.13658641488125958,0.2218157087214369,6.131607612499997,1.579619560762321,6.680101130057037,244.4855249275553,106.97245181471237,27.061338392373735
candi.tcfloor,common,boot0,C38M17,C38,M17,H3K27me3,109249991,1.1707691461925231,0.4286756515651931,0.22947235792243167,4.928322550922358,1.3397691053056549,5.264157691026105,201.72785329802497,85.6967810224449,59.073160515352996
avg.none,common,boot0,C38M17,C38,M17,H3K27me3,109249991,1.1018420214403033,0.4451885363476629,0.2106235397737128,4.2455793300686455,1.2514675841103058,4.405402475083522,156.57304096461723,65.1543333606206,49.5848477923255
avocado.none,common,boot0,C38M17,C38,M17,H3K27me3,109249991,1.4716984730921563,0.12993753581514428,0.15077569607114444,6.102486592481954,1.7063204150350382,7.67953293345651,227.1161801486976,97.2954604086963,49.47253906882802
candi.none,common,boot1,C38M17,C38,M17,H3K27me3,109208574,1.3366862832047108,0.14357202343117662,0.2484023196161554,5.919183034768541,1.5603953107025852,6.552152128802601,238.1410075042786,105.40239248635906,26.372989884765655
candi.tcfloor,common,boot1,C38M17,C38,M17,H3K27me3,109208574,1.1507990643418942,0.4275115130828187,0.2544122953941,4.775359474306765,1.3273236991111736,5.151341467881632,196.52021958992876,84.51469882278275,57.95451200294483
avg.none,common,boot1,C38M17,C38,M17,H3K27me3,109208574,1.0870490193485143,0.44347452995490294,0.23229994921230934,4.153410349897544,1.2456595144884786,4.316420022433639,152.6866762429089,64.3346660848516,48.709469203825755
avocado.none,common,boot1,C38M17,C38,M17,H3K27me3,109208574,1.4230389108425352,0.13879773663762907,0.18003864619010657,5.795978152738946,1.6685319439900446,7.31463113527002,220.06728949572758,95.6291175234412,50.275840863744875
candi.none,common,boot2,C38M17,C38,M17,H3K27me3,109027430,1.315044468300575,0.13921029336788604,0.23559948171349637,5.752632810486541,1.4952156342040575,6.394613100656554,233.17213402188483,103.96213274095003,26.171132925669212
candi.tcfloor,common,boot2,C38M17,C38,M17,H3K27me3,109027430,1.1255316945382265,0.4297178987934973,0.24428487220731782,4.594825021022726,1.2625548131889375,4.976714615769309,191.47308250829005,82.47216525234532,57.17404135501261
avg.none,common,boot2,C38M17,C38,M17,H3K27me3,109027430,1.0705932174494834,0.4458125725339762,0.22631884893376736,4.002798187657466,1.1989857576060492,4.161127520798693,147.82089504248734,62.025772416474524,48.48439656867254
avocado.none,common,boot2,C38M17,C38,M17,H3K27me3,109027430,1.4050964898881992,0.13958597679518886,0.17368952244580252,5.693142768618255,1.6086134886826065,6.863918955096481,215.99427974897122,94.23396134091433,45.78156197313277
candi.none,common,boot3,C38M17,C38,M17,H3K27me3,109057846,1.350793873215425,0.14124739554086804,0.24181683436886414,5.768129035893128,1.5523770137573119,6.248454452794369,240.89610225111034,106.32404221482916,26.34635439358653
candi.tcfloor,common,boot3,C38M17,C38,M17,H3K27me3,109057846,1.1629902385478394,0.42244528645695517,0.24947905447205188,4.630964087471344,1.3179487960626024,4.937587437347779,198.69904386995898,85.05374459309556,58.34355720618754
avg.none,common,boot3,C38M17,C38,M17,H3K27me3,109057846,1.10977840122674,0.43722194000487646,0.22859045786483162,4.049520517660132,1.2494870492660457,4.2150355171666565,154.32591492307458,64.58267349267031,49.71957658092023
avocado.none,common,boot3,C38M17,C38,M17,H3K27me3,109057846,1.4752740268229578,0.12469952375457936,0.1684888811647786,5.786773866515053,1.6992513667628804,7.352757819560011,224.6628264208996,96.90370735832953,48.87531529116079
candi.none,common,boot4,C38M17,C38,M17,H3K27me3,108648504,1.290281274920279,0.13850326619448455,0.23980379324047404,5.745455168830317,1.495276653415073,6.335357977100796,235.95381669712833,101.82174760957237,25.67272214372514
candi.tcfloor,common,boot4,C38M17,C38,M17,H3K27me3,108648504,1.1076053548999383,0.42631868626860886,0.25006422817237417,4.610263324720191,1.2650918976987522,4.963588592661414,194.5597769288485,81.08096924384343,55.827743820239775
avg.none,common,boot4,C38M17,C38,M17,H3K27me3,108648504,1.0522279511390196,0.44354419839789466,0.2348062615501299,3.997756878583396,1.19213109493352,4.183715820891065,150.79020009154692,61.22655760833292,47.32253988153642
avocado.none,common,boot4,C38M17,C38,M17,H3K27me3,108648504,1.413297865832644,0.1287254678500551,0.18137475566830594,5.749893795247275,1.6422839579067188,7.421933733164258,218.6043927202521,92.23827607462381,48.20242279088565
candi.none,common,boot5,C38M17,C38,M17,H3K27me3,109056922,1.3162775710048402,0.14296105647704999,0.2508095121722738,5.840921623959402,1.5498947527320572,6.509983958696152,237.81299083426157,103.82374890951006,25.681383752813613
candi.tcfloor,common,boot5,C38M17,C38,M17,H3K27me3,109056922,1.134662839628937,0.4231382767560972,0.2570195938750354,4.701972858809696,1.3161924040992798,5.141845219141469,196.59212118765927,83.23793369256738,57.038313740569095
avg.none,common,boot5,C38M17,C38,M17,H3K27me3,109056922,1.0798458860256805,0.4380393456202357,0.2351792982308986,4.096052119464389,1.2423630568869142,4.355513106253207,152.98741046278568,63.372187174725454,48.59250160798915
avocado.none,common,boot5,C38M17,C38,M17,H3K27me3,109056922,1.449122120076259,0.11923216662955125,0.1828719953713362,5.867070765288176,1.7037318853480081,7.710992808669031,222.08653162089115,94.9627462744798,48.44508774276067
candi.none,common,boot6,C38M17,C38,M17,H3K27me3,109061592,1.3291657730404163,0.1434530953746518,0.24815166827559518,5.875011172999705,1.564272600683527,6.355613540634705,241.9239997289283,105.24544767153141,26.654968286643104
candi.tcfloor,common,boot6,C38M17,C38,M17,H3K27me3,109061592,1.1424314689171415,0.4284470820138669,0.2545487223897048,4.702444040195275,1.3240754838000637,5.023847735222087,199.57172542223566,84.18049368756141,58.1574536234903
avg.none,common,boot6,C38M17,C38,M17,H3K27me3,109061592,1.0817720590551865,0.4442827303917008,0.23237981603229277,4.026163472056763,1.2374227380160212,4.2750404008666925,154.5684672401738,63.909316515147424,49.06402837392779
avocado.none,common,boot6,C38M17,C38,M17,H3K27me3,109061592,1.4563502347676778,0.12484204673774453,0.17602488394517157,5.84697174663192,1.7087854318407705,7.5234663255041125,225.04314356927475,95.869400890715,48.02543418048546
candi.none,common,boot7,C38M17,C38,M17,H3K27me3,109047905,1.146368981363395,0.12982261340806223,0.20719562892381482,5.214297782479498,1.371598205463665,5.378579838002729,149.1147564798629,86.93745970216085,19.978224801920845
candi.tcfloor,common,boot7,C38M17,C38,M17,H3K27me3,109047905,0.9812041113958071,0.42090099940867126,0.21742557644543842,4.132500096582954,1.158279809475909,4.166616568696323,117.45730432936473,67.98484153600316,46.084746451310444
avg.none,common,boot7,C38M17,C38,M17,H3K27me3,109047905,0.9457478218121157,0.43838438264600504,0.20270621033814873,3.611442085418229,1.1049441495921664,3.5773653333126583,86.34307463444492,50.37233708810118,39.62116471475105
avocado.none,common,boot7,C38M17,C38,M17,H3K27me3,109047905,1.2443605911281421,0.13731169250749728,0.15270743382591168,5.143857291538052,1.4744231757804234,6.392261742059995,136.54261711239673,77.99198976573796,40.88766846344244
candi.none,common,boot8,C38M17,C38,M17,H3K27me3,109595876,1.3869645403186068,0.1361457214767535,0.22659573420119603,6.086723385585381,1.5727063136348847,6.513606852085347,245.2511880802638,108.98333113061318,27.29494077605663
candi.tcfloor,common,boot8,C38M17,C38,M17,H3K27me3,109595876,1.1924153642665625,0.4256659227107891,0.23898563247121618,4.897029730871571,1.3350235822074816,5.130002630479991,202.0093219555452,87.0912396897412,59.745601400551244
avg.none,common,boot8,C38M17,C38,M17,H3K27me3,109595876,1.1296447215751095,0.44160305054534565,0.23081019027935784,4.2662757523214605,1.259494513050654,4.32830680772949,156.54167096574568,66.03229270890759,50.510171311591805
avocado.none,common,boot8,C38M17,C38,M17,H3K27me3,109595876,1.5101493027083697,0.12800585067429346,0.19086095666659678,6.092184644567305,1.7167885079379026,7.57869889696141,227.9106732055433,99.06990029885736,49.406879597548794
candi.none,common,boot9,C38M17,C38,M17,H3K27me3,109214135,1.3082471820948194,0.1370435186441309,0.22620184332926743,5.878801660134528,1.5146003367482463,6.291943155127469,236.27729096370987,102.78911793292448,25.860191307025108
candi.tcfloor,common,boot9,C38M17,C38,M17,H3K27me3,109214135,1.1263660353051037,0.42506170239484864,0.23276619699671303,4.725338594625111,1.2855750480275179,4.960412918242994,195.22739393489968,82.27361056611151,56.531966706291406
avg.none,common,boot9,C38M17,C38,M17,H3K27me3,109214135,1.0660838246338373,0.44155339250179304,0.21217325495446773,4.099550995465512,1.2069663939394923,4.2032635767962665,151.79631067538375,62.618356643450795,47.75701314381763
avocado.none,common,boot9,C38M17,C38,M17,H3K27me3,109214135,1.4308249938562987,0.12780477987893907,0.1589348045309066,5.888058982716253,1.6596383826746202,7.416575955660058,219.18058046202205,93.06641255520762,48.624314130799476
avg.none,full,all23,C38M18,C38,M18,H3K36me3,121240998,1.8764225161182624,0.5322380751391851,0.40625453677070233,6.748340612714509,3.3684488604500995,2.740785974854329,263.83820195539687,132.58633871527653,44.79693808513763
avocado.none,full,all23,C38M18,C38,M18,H3K36me3,121240998,2.48472471396156,0.3383967356167233,0.38473721322470705,5.9860936088538885,4.389333656883925,4.429082947344949,202.43764386722182,144.42675353938006,83.73283002232816
avocado005.none,full,all23,C38M18,C38,M18,H3K36me3,121240998,12.948398282907046,0.2663936024101691,0.28370442862237527,36.788519606153855,23.360874979429756,12.901143020774082,542.2758487417489,553.7793395827664,1114.1952217980547
avg.none,full,boot0,C38M18,C38,M18,H3K36me3,109250012,1.8944285002087917,0.5307027997009225,0.39243033145536893,7.1740941324259,3.4049589080621154,2.8880318450025477,282.294994210542,134.86129747569214,46.11461780871151
avocado.none,full,boot0,C38M18,C38,M18,H3K36me3,109250012,2.499968247326382,0.33235460894774643,0.3660602489170824,6.308237877303095,4.4101312309678695,4.57924122959716,214.066013605118,146.8247457646547,82.69606444269763
avocado005.none,full,boot0,C38M18,C38,M18,H3K36me3,109250012,12.835500901800065,0.2612468903226316,0.27431531136575,38.24787959215623,23.19221201066855,13.748447300930902,554.9580379317848,552.2643858937221,1084.1419707852983
avg.none,full,boot1,C38M18,C38,M18,H3K36me3,109208595,1.8885533048108112,0.5339340989233365,0.4086889722426049,7.21956619480778,3.433053770274851,2.890242285818238,290.7961474609787,135.47927888860136,46.99510375193156
avocado.none,full,boot1,C38M18,C38,M18,H3K36me3,109208595,2.494475084324082,0.3377055112312384,0.38977722312719243,6.296477361312804,4.475673676519006,4.550909067689191,221.00989377054938,147.26515461992295,85.62630587879842
avocado005.none,full,boot1,C38M18,C38,M18,H3K36me3,109208595,12.53643333160968,0.2659370325462638,0.28305815060292433,26.815978643543964,23.01116645571945,13.702812230951713,555.7451593391766,535.9336715774352,1066.0961419811442
avg.none,full,boot2,C38M18,C38,M18,H3K36me3,109027451,1.8619563190295114,0.5315487078944654,0.40726774953268047,6.985228184025407,3.3481687747653015,2.822245993596505,274.26678777440225,131.83196031308674,44.967039932152915
avocado.none,full,boot2,C38M18,C38,M18,H3K36me3,109027451,2.3748874114435603,0.3512696006417139,0.386289750849648,5.970604711211612,4.217296493262269,3.756003846407148,208.31180880740249,144.5348389219425,74.58767875142905
avocado005.none,full,boot2,C38M18,C38,M18,H3K36me3,109027451,13.075510687571295,0.2649812868145417,0.2837897473621923,37.33375008779244,23.696822320173464,11.223355720169238,558.0341679259042,564.2322150036002,1126.1399556695815
avg.none,full,boot3,C38M18,C38,M18,H3K36me3,109057867,1.9761191792293906,0.533657608076125,0.41402779383894484,7.00387217477305,3.4976164699092345,2.867341673156767,277.3985156946087,139.68744925590258,46.39666876819778
avocado.none,full,boot3,C38M18,C38,M18,H3K36me3,109057867,2.6073420014125874,0.3440903296833746,0.3899725519345234,6.13535347837016,4.54841778091654,4.555493549751828,211.74542756876306,151.32962889485077,88.10484501525718
avocado005.none,full,boot3,C38M18,C38,M18,H3K36me3,109057867,13.819117202457088,0.26747946782098103,0.2898339328756383,38.891329057170516,24.61545709933079,12.420134819255923,570.9923775425642,596.6544695425607,1192.7253606986594
avg.none,full,boot4,C38M18,C38,M18,H3K36me3,108648525,1.8266372955616763,0.530297591566448,0.4151623311217428,6.968766553066933,3.3043185134017037,2.820851013749852,290.84871339566195,128.94304770061288,44.02522354343709
avocado.none,full,boot4,C38M18,C38,M18,H3K36me3,108648525,2.449148684282667,0.34222040261660774,0.393622449462342,6.111227749922065,4.355431392462652,4.649591155653681,216.2868412599611,139.60503565226972,87.24873917216564
avocado005.none,full,boot4,C38M18,C38,M18,H3K36me3,108648525,12.765778374947754,0.267753680352195,0.28926512133794124,38.52388021754315,23.17226883691144,13.372196829848058,569.4153295600039,556.6218574863695,1104.6240870488155
avg.none,full,boot5,C38M18,C38,M18,H3K36me3,109056943,1.9294741101179025,0.5324576681948866,0.41653276828765473,7.086810101979869,3.4721507234771374,2.8696783135459065,277.2161737896904,136.89497793592324,46.06969040242394
avocado.none,full,boot5,C38M18,C38,M18,H3K36me3,109056943,2.521551152914666,0.3446495551416659,0.39718288084363923,6.186362391095537,4.474269167199609,4.640211152736996,209.4724254602596,147.35554972000867,84.69864352362288
avocado005.none,full,boot5,C38M18,C38,M18,H3K36me3,109056943,12.819110711231891,0.26972698549754376,0.289788097207859,39.09170864532379,23.298940424997507,13.186833333780683,544.10601410926,550.9411476951045,1087.7089159860025
avg.none,full,boot6,C38M18,C38,M18,H3K36me3,109061613,1.9406567896137865,0.5333225016000271,0.41518341138416476,7.261682427778478,3.511372301797893,2.937089018673973,279.9499115782343,137.6604923695029,46.59453368342928
avocado.none,full,boot6,C38M18,C38,M18,H3K36me3,109061613,2.586615571896196,0.3384092793919841,0.39179169387284135,6.380208301129406,4.601363347245164,4.7470937767869605,213.2164891403786,149.30060887106657,88.94379035914585
avocado005.none,full,boot6,C38M18,C38,M18,H3K36me3,109061613,13.061790995077663,0.26956526507911754,0.2907729410354748,38.32383393838203,23.59138505028696,13.261684112109743,563.4051187810564,537.1876922731172,1120.2802126299691
avg.none,full,boot7,C38M18,C38,M18,H3K36me3,109047925,1.6316154934561675,0.536274217429602,0.389707754855674,3.817672118573215,2.887687201462875,1.6765067545798258,126.07091379238383,110.43182510483177,34.85241504295068
avocado.none,full,boot7,C38M18,C38,M18,H3K36me3,109047925,2.2469826047774326,0.3256166223488252,0.3699822882452994,4.295111629949097,3.9030981886042353,3.938773881623939,122.42722523492883,125.20109835346618,74.89123469244463
avocado005.none,full,boot7,C38M18,C38,M18,H3K36me3,109047925,12.505886383682869,0.2684403824883924,0.27241941245912527,33.37634999177585,22.394915388568574,11.215619981325665,430.53837226131964,526.436972571082,1072.014020718832
avg.none,full,boot8,C38M18,C38,M18,H3K36me3,109595897,1.9717387580057595,0.531117021473067,0.40793203912517906,6.9233469956082745,3.4991466263203943,2.8804599825500152,270.2458139520648,138.63118485081776,45.72969352660769
avocado.none,full,boot8,C38M18,C38,M18,H3K36me3,109595897,2.6226382672535924,0.33619297352014926,0.37690803624533875,6.039909744889523,4.573657941467331,4.66188749132993,204.6963106590447,150.1249397294517,88.01112742160838
avocado005.none,full,boot8,C38M18,C38,M18,H3K36me3,109595897,13.571759427929965,0.26450836215169793,0.2890783273417161,38.45587363399769,24.14368277942907,13.296884518951558,556.4378845532646,584.5805062464754,1163.60764923006
avg.none,full,boot9,C38M18,C38,M18,H3K36me3,109214154,1.8423605231965896,0.5305594587704975,0.3943203436599322,7.045774732696291,3.3247256321377803,2.743487838203867,265.67957540279787,131.10519803541558,46.08860213503474
avocado.none,full,boot9,C38M18,C38,M18,H3K36me3,109214154,2.442788463926459,0.3323173699695568,0.383973402430397,6.141573626121625,4.331094681513011,4.206384463827883,200.92380238797796,143.1018257954809,82.54803473493227
avocado005.none,full,boot9,C38M18,C38,M18,H3K36me3,109214154,12.490748293697202,0.26477360536888145,0.2742891666642646,38.552374259853096,22.456837248500875,13.628341069879061,514.5506791909487,538.7022493602369,1058.795592517598
candi.none,common,all23,C38M18,C38,M18,H3K36me3,121240975,2.450179499947765,0.25924851099080853,0.33417396240762676,8.516099417701133,4.420376797058871,3.25553373989324,314.6093978973253,178.09597390348264,15.016260673547746
candi.tcfloor,common,all23,C38M18,C38,M18,H3K36me3,121240975,1.8882775232272992,0.5364295812322757,0.4101263367307288,6.878449370724827,3.389967698282928,2.7634000787085227,267.90707940848137,135.3963698207728,45.952596649920395
avg.none,common,all23,C38M18,C38,M18,H3K36me3,121240975,1.876422872084699,0.532238063276759,0.4062541985225417,6.748340612714509,3.3684488604500995,2.740785974854329,263.83820195539687,132.58633871527653,44.79693808513763
avocado.none,common,all23,C38M18,C38,M18,H3K36me3,121240975,2.4847251847205323,0.3383967229382333,0.3847368710699582,5.9860936088538885,4.389333656883925,4.429082947344949,202.43764386722182,144.42675353938006,83.73283002232816
candi.none,common,boot0,C38M18,C38,M18,H3K36me3,109249991,2.4622946354054496,0.2591044949728382,0.3215339110930183,9.017133801268592,4.448482812359625,3.4283466815830024,335.39009159799815,179.88130612085547,15.834326999809573
candi.tcfloor,common,boot0,C38M18,C38,M18,H3K36me3,109249991,1.9067900967474685,0.5348975482832223,0.3961656656829908,7.31178609978899,3.4273441508867153,2.913733015941403,286.5891175998765,137.61956536352508,47.42463193516802
avg.none,common,boot0,C38M18,C38,M18,H3K36me3,109249991,1.8944288643552611,0.5307027876756135,0.39242998087085346,7.1740941324259,3.4049589080621154,2.8880318450025477,282.2949942105419,134.8614127490638,46.11465967752214
avocado.none,common,boot0,C38M18,C38,M18,H3K36me3,109249991,2.499968727298735,0.33235459597090095,0.36605989040637,6.308237877303095,4.4101312309678695,4.57924122959716,214.066013605118,146.82485271661824,82.69614007466468
candi.none,common,boot1,C38M18,C38,M18,H3K36me3,109208574,2.456116681130654,0.2626486615126982,0.3412143708887614,9.046053036701254,4.48522375887453,3.421502754999416,345.25617266683133,180.40596960591017,16.353292823461494
candi.tcfloor,common,boot1,C38M18,C38,M18,H3K36me3,109208574,1.9004139446691226,0.5387335911394087,0.41415067665314803,7.354856011563917,3.4551262803504663,2.9139840228140286,295.21788583997153,138.20716000765577,48.466163592382934
avg.none,common,boot1,C38M18,C38,M18,H3K36me3,109208574,1.8885536679656252,0.5339340874315384,0.4086886307458753,7.21956619480778,3.433053770274851,2.890242285818238,290.7961474609787,135.47927888860136,46.99510375193156
avocado.none,common,boot1,C38M18,C38,M18,H3K36me3,109208574,2.4944755633308318,0.3377054987798121,0.38977688020723644,6.296477361312804,4.475673676519006,4.550909067689191,221.00989377054938,147.26515461992295,85.62630587879842
candi.none,common,boot2,C38M18,C38,M18,H3K36me3,109027430,2.4338099942718276,0.25732761987884856,0.33382360192448707,8.773226969158667,4.399771618791895,3.3583937919213316,326.71608712991474,177.52521433805077,14.974555843964342
candi.tcfloor,common,boot2,C38M18,C38,M18,H3K36me3,109027430,1.8738194940736086,0.5353781266114171,0.41098472697305793,7.117594947485681,3.3697154177278805,2.8467953100622445,278.50671482172555,134.65895495532337,46.005176197593215
avg.none,common,boot2,C38M18,C38,M18,H3K36me3,109027430,1.8619566776647898,0.5315486959559105,0.40726740664388505,6.985228184025407,3.3481687747653015,2.822245993596505,274.26678777440225,131.83196031308674,44.967039932152915
avocado.none,common,boot2,C38M18,C38,M18,H3K36me3,109027430,2.374887868227555,0.35126958763426214,0.38628940545131396,5.970604711211612,4.217296493262269,3.756003846407148,208.31180880740249,144.5348389219425,74.58767875142905
candi.none,common,boot3,C38M18,C38,M18,H3K36me3,109057846,2.585908620987229,0.25908979740909854,0.33841764945247804,8.820716586055653,4.59629188853542,3.4094823420887113,330.6113396829964,187.46958191548723,14.863752411755693
candi.tcfloor,common,boot3,C38M18,C38,M18,H3K36me3,109057846,1.9888775802702332,0.5377088734053972,0.41755883430688673,7.13661689345767,3.5201261741624372,2.892129231846149,281.67271071032945,142.6380165162876,47.572361141795696
avg.none,common,boot3,C38M18,C38,M18,H3K36me3,109057846,1.9761195597476595,0.5336575962486517,0.41402745503202,7.00387217477305,3.4976164699092345,2.867341673156767,277.3985156946087,139.68744925590258,46.39666876819778
avocado.none,common,boot3,C38M18,C38,M18,H3K36me3,109057846,2.607342502810349,0.3440903171414759,0.38997220875647154,6.13535347837016,4.54841778091654,4.555493549751828,211.74542756876306,151.32962889485077,88.10484501525718
candi.none,common,boot4,C38M18,C38,M18,H3K36me3,108648504,2.3828958756756418,0.2598296273348644,0.3415647293909298,8.807752697772669,4.331254832351948,3.3270598469722756,344.4021133551114,173.47294768761057,15.148781396861029
candi.tcfloor,common,boot4,C38M18,C38,M18,H3K36me3,108648504,1.8373227513153456,0.5343841520260861,0.4177128747955705,7.106676641285024,3.3239114285637603,2.843640559261923,295.2358318955729,131.64829523884976,45.11368672921714
avg.none,common,boot4,C38M18,C38,M18,H3K36me3,108648504,1.826637648621146,0.530297579443623,0.41516199152253475,6.968766553066933,3.3043185134017037,2.820851013749852,290.84871339566195,128.94304770061288,44.02522354343709
avocado.none,common,boot4,C38M18,C38,M18,H3K36me3,108648504,2.449149157035069,0.3422203902840109,0.3936221071359824,6.111227749922065,4.355431392462652,4.649591155653681,216.2868412599611,139.60503565226972,87.24873917216564
candi.none,common,boot5,C38M18,C38,M18,H3K36me3,109056922,2.5181327023433973,0.26126865674046973,0.34468126877029615,8.93145639409892,4.553114219125111,3.4011190696283067,329.92349810904284,183.4920265107454,15.190488773951726
candi.tcfloor,common,boot5,C38M18,C38,M18,H3K36me3,109056922,1.9413438831887397,0.536705551277315,0.4205716443799267,7.223415532280515,3.4941144896970666,2.892098012938281,281.44252914935333,139.7445250023996,47.181194327742226
avg.none,common,boot5,C38M18,C38,M18,H3K36me3,109056922,1.9294744816574212,0.5324576564039083,0.4165324308308007,7.086810101979869,3.4721507234771374,2.8696783135459065,277.2161737896904,136.89497793592324,46.06969040242394
avocado.none,common,boot5,C38M18,C38,M18,H3K36me3,109056922,2.5215516378468172,0.3446495423940811,0.39718253990205743,6.186362391095537,4.474269167199609,4.640211152736996,209.4724254602596,147.35554972000867,84.69864352362288
candi.none,common,boot6,C38M18,C38,M18,H3K36me3,109061592,2.535487497314523,0.2601584979398357,0.3429184725985931,9.159598594670728,4.610375923269364,3.4899880041474303,333.09878702614367,184.62331789297954,15.441979618020376
candi.tcfloor,common,boot6,C38M18,C38,M18,H3K36me3,109061592,1.9530946838475345,0.5375502262628641,0.4195103804706468,7.4030100114199975,3.534314418935554,2.9629320628199634,284.22296643706426,140.56388178421108,47.76544772471117
avg.none,common,boot6,C38M18,C38,M18,H3K36me3,109061592,1.9406571632906402,0.5333224898139347,0.4151830731940322,7.261682427778478,3.511372301797893,2.937089018673973,279.9499115782343,137.66060885243166,46.59453368342928
avocado.none,common,boot6,C38M18,C38,M18,H3K36me3,109061592,2.5866160693211686,0.33840926694936874,0.39179135220945227,6.380208301129406,4.601363347245164,4.7470937767869605,213.2164891403786,149.30073966347948,88.94385176712778
candi.none,common,boot7,C38M18,C38,M18,H3K36me3,109047905,2.157516780325849,0.2578962625774324,0.3285981933371836,5.075084414461192,3.846581728981208,2.0145544653086103,156.65586681323083,152.72922989200413,11.509824635045604
candi.tcfloor,common,boot7,C38M18,C38,M18,H3K36me3,109047905,1.6419604222850293,0.5399620869489927,0.3990312503765145,3.899117060702409,2.9067773964119947,1.6828756047138511,128.13492297946473,113.17696509990846,35.409695303667
avg.none,common,boot7,C38M18,C38,M18,H3K36me3,109047905,1.6316157927036394,0.5362742050326715,0.38970741863484737,3.817672118573215,2.887687201462875,1.6765067545798258,126.07091379238383,110.43182510483177,34.85241504295068
avocado.none,common,boot7,C38M18,C38,M18,H3K36me3,109047905,2.2469830162645206,0.3256166089159011,0.36998194999181333,4.295111629949097,3.9030981886042353,3.938773881623939,122.42722523492883,125.20109835346618,74.89123469244463
candi.none,common,boot8,C38M18,C38,M18,H3K36me3,109595876,2.572643679120841,0.2557422705460336,0.322728463796636,8.7044612666657,4.586536119281876,3.418575103696979,321.74885748974543,185.4020537353958,14.81529167963711
candi.tcfloor,common,boot8,C38M18,C38,M18,H3K36me3,109595876,1.984827159503439,0.5350915054506903,0.40446965520853484,7.05331286126279,3.5218376441743566,2.904847172002683,274.401684328507,141.52536998164956,46.88864865962173
avg.none,common,boot8,C38M18,C38,M18,H3K36me3,109595876,1.9717391358166352,0.5311170090605097,0.407931698590921,6.9233469956082745,3.4991466263203943,2.8804599825500152,270.2458139520648,138.63118485081776,45.72969352660769
avocado.none,common,boot8,C38M18,C38,M18,H3K36me3,109595876,2.6226387692006488,0.33619296036755864,0.37690768365848903,6.039909744889523,4.573657941467331,4.66188749132993,204.6963106590447,150.1249397294517,88.01112742160838
candi.none,common,boot9,C38M18,C38,M18,H3K36me3,109214135,2.3961461049076758,0.25919109887251274,0.32505690452962627,8.827235984755552,4.34382255249166,3.2719879716558267,318.06784918294403,175.47808189098072,15.814531341028012
candi.tcfloor,common,boot9,C38M18,C38,M18,H3K36me3,109214135,1.853629640480064,0.5352864947424963,0.3997925018483934,7.181599475785234,3.345082031226932,2.768837746141388,269.9776847589308,133.84032149871845,47.39203901502571
avg.none,common,boot9,C38M18,C38,M18,H3K36me3,109214135,1.842360843712335,0.5305594479255711,0.3943200272816624,7.045774732696291,3.3247256321377803,2.743487838203867,265.67957540279787,131.10519803541558,46.08860213503474
avocado.none,common,boot9,C38M18,C38,M18,H3K36me3,109214135,2.442788888479182,0.33231735810340457,0.3839730868037513,6.141573626121625,4.331094681513011,4.206384463827883,200.92380238797796,143.1018257954809,82.54803473493227
avg.none,full,all23,C38M20,C38,M20,H3K4me1,121240998,1.912667637093893,0.2152104532145428,0.24338687237673817,3.6381680865079455,2.4530681225007505,11.080921162327293,76.63900521192235,115.78532967246942,37.75067518969276
avocado.none,full,all23,C38M20,C38,M20,H3K4me1,121240998,5.762370955700212,0.471176952272727,0.25652197301361196,12.69091124148933,7.781867717494653,74.01714148542642,262.5520745651917,325.3091296960981,503.5067326548061
avocado005.none,full,all23,C38M20,C38,M20,H3K4me1,121240998,1.844441071009095,0.3952943536702614,0.18151611921185884,3.9771487387402096,2.396745976054015,14.779527584748102,79.57034557969668,104.42327286440347,87.41175807749036
avg.none,full,boot0,C38M20,C38,M20,H3K4me1,109250012,1.921897950502508,0.2134061926701317,0.23140624231396834,3.584686933439926,2.4582693466317034,10.828510949112717,79.84039155004017,118.84902458821627,36.72762194095764
avocado.none,full,boot0,C38M20,C38,M20,H3K4me1,109250012,5.581273926500523,0.46772133229565044,0.24005489349217676,12.715629493736033,7.579686391831185,69.05229259787802,256.04188662708793,322.4123841169378,485.20110732685424
avocado005.none,full,boot0,C38M20,C38,M20,H3K4me1,109250012,1.8293650455314112,0.3979306563432754,0.17756848340171025,3.667533081740939,2.385259870290708,14.674835835724567,81.10632522500784,104.74319442296982,84.74180175983062
avg.none,full,boot1,C38M20,C38,M20,H3K4me1,109208595,1.9144528401089058,0.21787838663230216,0.25084899489397494,3.681648852472121,2.4900874873147636,11.275610777731792,89.06486890767044,117.770960708933,37.32414792270218
avocado.none,full,boot1,C38M20,C38,M20,H3K4me1,109208595,5.7101393231295345,0.4645926857680511,0.25714482250490706,12.915312164721744,7.916155871033405,76.45861319520917,295.46576878194935,329.0164989347845,498.8777936524415
avocado005.none,full,boot1,C38M20,C38,M20,H3K4me1,109208595,1.8583265150918749,0.3957140275186672,0.1833256448853587,4.153385481762166,2.4613933763114977,15.145292870135926,92.24239195320628,106.67110381479115,88.49597084432298
avg.none,full,boot2,C38M20,C38,M20,H3K4me1,109027451,1.8997301918957334,0.21387724359541652,0.24414112618013947,3.598726121449152,2.444230019589292,10.817692330438348,74.97672587001063,114.16607749881902,38.0712434868964
avocado.none,full,boot2,C38M20,C38,M20,H3K4me1,109027451,5.165850494296873,0.4736011588845561,0.2510271472863781,11.76077041723914,6.765589084524123,61.30637089168024,237.0410453458925,287.31126807685285,444.5855297364754
avocado005.none,full,boot2,C38M20,C38,M20,H3K4me1,109027451,1.8151859043458558,0.3940470951960003,0.18082353103365564,3.9453139945027162,2.351393137170374,14.03279512263362,76.84693995209403,102.38883300780483,84.7520480909536
avg.none,full,boot3,C38M20,C38,M20,H3K4me1,109057867,1.97934793654691,0.21712552729995527,0.24646988036820616,3.7276336432818455,2.516464937414616,11.217731075162297,77.63464418469937,119.29706635137151,39.37019740576483
avocado.none,full,boot3,C38M20,C38,M20,H3K4me1,109057867,5.968001268620506,0.4716367874512467,0.25236034026224746,13.083103044102652,8.066125242453563,76.10743747907533,274.0586365480677,337.15167819549714,521.9855524770592
avocado005.none,full,boot3,C38M20,C38,M20,H3K4me1,109057867,1.9191102400537718,0.3964820275191589,0.18383367331643533,4.108356527197225,2.4706057889128408,15.237277254805143,81.53113563527508,108.1329854351515,91.89043079613408
avg.none,full,boot4,C38M20,C38,M20,H3K4me1,108648525,1.8720849044947911,0.21671890567994212,0.2525983622656047,3.649102025526252,2.4242562494931605,11.091190101098785,75.98984663081853,111.7407446978747,38.17844155151149
avocado.none,full,boot4,C38M20,C38,M20,H3K4me1,108648525,6.2142539962004895,0.47805745522704746,0.2659608492811603,13.734297942060548,8.47914113197071,80.95730882510665,299.8891177796523,352.0745190036701,550.8375013847314
avocado005.none,full,boot4,C38M20,C38,M20,H3K4me1,108648525,1.8167031925042156,0.39500067056229504,0.1843112363844758,3.974759217062523,2.379731702863841,14.746946248414842,78.67146783880722,101.93665410993714,87.61906043849159
avg.none,full,boot5,C38M20,C38,M20,H3K4me1,109056943,1.9189445168783406,0.2143967404587992,0.25139569805941464,3.682792409984078,2.476091603336766,11.385021061250013,78.1535031479854,116.40032526183604,38.42500796807291
avocado.none,full,boot5,C38M20,C38,M20,H3K4me1,109056943,6.1717490908605805,0.47232336072207654,0.26783880570889984,13.287363497940072,8.362794760619051,81.70049183502157,280.6135661974406,352.8532717517217,544.7654363646171
avocado005.none,full,boot5,C38M20,C38,M20,H3K4me1,109056943,1.8458985640431929,0.3952889702736496,0.18241581890262235,4.049789834512716,2.42218078979532,14.951150321808294,81.61048419179741,105.23140254867201,88.28374858741876
avg.none,full,boot6,C38M20,C38,M20,H3K4me1,109061613,1.9405484304326315,0.21653438709909248,0.25053393430255816,3.7016729732937397,2.4946973008117173,11.23334760441074,77.94577124889933,117.77809068163592,38.356776087060254
avocado.none,full,boot6,C38M20,C38,M20,H3K4me1,109061613,6.222659093938035,0.4759714328937921,0.26195530151880597,13.66876031179131,8.462574834994896,80.71354249656807,279.1856302120232,351.0279456509869,548.7598513001774
avocado005.none,full,boot6,C38M20,C38,M20,H3K4me1,109061613,1.8798170773531695,0.3956633298428742,0.184317955311818,4.004331606765328,2.448354139359529,15.175149540754086,81.39245752708442,106.62440036668849,90.27885044045718
avg.none,full,boot7,C38M20,C38,M20,H3K4me1,109047925,1.782304706848565,0.213576747509412,0.22942048914891633,3.48269963193104,2.27842410000752,10.608703907674041,56.405021515196324,103.35343282522865,36.20761673235457
avocado.none,full,boot7,C38M20,C38,M20,H3K4me1,109047925,5.364672708320354,0.4587023376741349,0.24090807135306264,11.619833793064386,7.0606131481776515,68.82019781320604,216.41911616389964,294.43665326886133,466.82385147897935
avocado005.none,full,boot7,C38M20,C38,M20,H3K4me1,109047925,1.7319039222679278,0.3889536714210745,0.17645895278438375,3.792788095660089,2.2223985160645956,14.374138539112337,62.45136606371,94.19399682529863,81.0617041515198
avg.none,full,boot8,C38M20,C38,M20,H3K4me1,109595897,2.0014440197625585,0.21355474862020177,0.24058658000493863,3.737456975313942,2.534532250844112,11.276441293647782,79.13196556578535,121.59819658450311,38.48079266463289
avocado.none,full,boot8,C38M20,C38,M20,H3K4me1,109595897,5.29677755631621,0.4810732311138041,0.2755148471489036,10.913201747161379,7.1482972310802415,66.22767364619973,218.28636514136835,286.4294907826374,452.626888068468
avocado005.none,full,boot8,C38M20,C38,M20,H3K4me1,109595897,1.9269025466958216,0.39561521812107026,0.18218410512643413,4.125057131887262,2.4779521738585144,14.863501284318513,80.14963042327969,108.91987485549222,89.65076039616288
avg.none,full,boot9,C38M20,C38,M20,H3K4me1,109214154,1.895320309126312,0.2155246250582864,0.23549153360658973,3.5271003763713926,2.412198322285908,11.068026311205188,78.52224869310804,116.74679921377142,36.27180110468391
avocado.none,full,boot9,C38M20,C38,M20,H3K4me1,109214154,5.932258021799215,0.4698347952259045,0.2517493520987901,13.216359789728543,7.99489750453964,79.33361375441903,276.39475745132626,339.9420401942672,520.9823681262567
avocado005.none,full,boot9,C38M20,C38,M20,H3K4me1,109214154,1.8207085314170688,0.3983178227871252,0.17985566454710575,3.941422557409826,2.346770805883761,14.5837660659372,81.005606816812,105.09206719692779,85.3067214647774
candi.none,common,all23,C38M20,C38,M20,H3K4me1,121240975,1.3099657359373458,0.5085876114244247,0.3161371287184104,2.078659196058085,1.6540055405463197,7.009191983143501,65.13208942588255,83.03946037450133,38.691912561281235
candi.tcfloor,common,all23,C38M20,C38,M20,H3K4me1,121240975,1.4584924853774481,0.5085138425005727,0.30994710553645494,2.8805297435391477,1.8748566510285902,7.79430639239571,57.593088983380945,66.36929550774832,44.73755861908868
avg.none,common,all23,C38M20,C38,M20,H3K4me1,121240975,1.912667999936205,0.21521042730052867,0.24338644082195654,3.6381680865079455,2.4530681225007505,11.080921162327293,76.63900521192235,115.78532967246942,37.75067518969276
avocado.none,common,all23,C38M20,C38,M20,H3K4me1,121240975,5.762372048225564,0.47117694825436934,0.25652156708265184,12.69091124148933,7.781867717494653,74.01714148542642,262.55207456519173,325.3091296960981,503.5067326548061
candi.none,common,boot0,C38M20,C38,M20,H3K4me1,109249991,1.3322828238309998,0.5074480707118131,0.3042787816690478,2.10503026330208,1.6770058494016482,6.974726328801133,67.98544284651577,85.24781926000024,39.929932981969245
candi.tcfloor,common,boot0,C38M20,C38,M20,H3K4me1,109249991,1.472220429572579,0.5074212396481795,0.2981772427261172,2.8880544709330795,1.8861384502876846,7.725436578959648,60.244705732132275,68.40779322071079,45.67529276627946
avg.none,common,boot0,C38M20,C38,M20,H3K4me1,109249991,1.9218983199291468,0.2134061660247043,0.23140579830324456,3.584686933439926,2.4582693466317034,10.828510949112717,79.84039155004017,118.84911798490198,36.72765535891409
avocado.none,common,boot0,C38M20,C38,M20,H3K4me1,109249991,5.581274998672097,0.4677213282442122,0.24005447264704508,12.715629493736033,7.579686391831185,69.05229259787802,256.04188662708793,322.41267106120233,485.201546696955
candi.none,common,boot1,C38M20,C38,M20,H3K4me1,109208574,1.3256344814067664,0.5086186868607914,0.32437850325257644,2.16461406399143,1.698762790664737,7.301897437766687,76.17531808921666,84.57902825044306,39.62697309890539
candi.tcfloor,common,boot1,C38M20,C38,M20,H3K4me1,109208574,1.4702993446603037,0.5090609227379912,0.31822515217451425,2.9464004427907393,1.916200420451659,8.02885448907279,67.3879541063881,67.70214851953567,45.707265300216406
avg.none,common,boot1,C38M20,C38,M20,H3K4me1,109208574,1.9144532082440089,0.21787836067245256,0.2508485616928287,3.681648852472121,2.4900874873147636,11.275610777731792,89.06486890767044,117.770960708933,37.32414792270218
avocado.none,common,boot1,C38M20,C38,M20,H3K4me1,109208574,5.710140420472739,0.464592681796667,0.2571444142309291,12.915312164721744,7.916155871033405,76.45861319520917,295.46576878194935,329.0164989347845,498.8777936524415
candi.none,common,boot2,C38M20,C38,M20,H3K4me1,109027430,1.2947996935129338,0.5074023132599974,0.31682352216236365,2.0258028278806735,1.6383674685882739,6.731654464083373,63.75100162483419,81.8225243476686,38.44882265434193
candi.tcfloor,common,boot2,C38M20,C38,M20,H3K4me1,109027430,1.4470941527270431,0.5071406602213391,0.31073641477107566,2.8399844473311715,1.8652122484586398,7.572014737612775,56.41265016754147,65.39612160632215,44.600982789717726
avg.none,common,boot2,C38M20,C38,M20,H3K4me1,109027430,1.8997305578067158,0.21387721744464647,0.24414068836055391,3.598726121449152,2.444230019589292,10.817692330438348,74.97672587001063,114.16607749881902,38.0712434868964
avocado.none,common,boot2,C38M20,C38,M20,H3K4me1,109027430,5.165851488618892,0.47360115453023144,0.2510267336859701,11.76077041723914,6.765589084524123,61.30637089168024,237.0410453458925,287.31126807685285,444.5855297364754
candi.none,common,boot3,C38M20,C38,M20,H3K4me1,109057846,1.3534852227017204,0.5077304043066885,0.31916551896881556,2.116426470725384,1.6941021575335697,7.0915726742758975,66.3004253180581,86.03111001149152,39.4073745362022
candi.tcfloor,common,boot3,C38M20,C38,M20,H3K4me1,109057846,1.5136538478932504,0.5078808650068044,0.3131624547497765,2.9544340936707902,1.9291414909849822,7.921420274949852,58.63953430836348,68.71205445964092,45.7380949463289
avg.none,common,boot3,C38M20,C38,M20,H3K4me1,109057846,1.979348317686903,0.21712550162185226,0.24646944412001293,3.7276336432818455,2.516464937414616,11.217731075162297,77.63464418469937,119.29706635137151,39.37019740576483
avocado.none,common,boot3,C38M20,C38,M20,H3K4me1,109057846,5.968002417143831,0.47163678339343856,0.25235992746640307,13.083103044102652,8.066125242453563,76.10743747907533,274.0586365480677,337.15167819549714,521.9855524770592
candi.none,common,boot4,C38M20,C38,M20,H3K4me1,108648504,1.2738603987881238,0.5084367842108856,0.3220559911946328,2.0453483321775416,1.622296158552597,6.942182079130416,64.95184687250486,80.12774246411114,38.03896413180777
candi.tcfloor,common,boot4,C38M20,C38,M20,H3K4me1,108648504,1.4261578540974782,0.5084323987706977,0.3162521395240704,2.8610060602147818,1.848489828288768,7.73005973862507,57.47411322050474,63.86244784319209,44.27016173443452
avg.none,common,boot4,C38M20,C38,M20,H3K4me1,108648504,1.8720852663385492,0.21671887955255073,0.25259792770000966,3.649102025526252,2.4242562494931605,11.091190101098785,75.98984663081853,111.7407446978747,38.17844155151149
avocado.none,common,boot4,C38M20,C38,M20,H3K4me1,108648504,6.214255196648813,0.47805745132215505,0.2659604427375058,13.734297942060548,8.47914113197071,80.95730882510665,299.8891177796523,352.0745190036701,550.8375013847314
candi.none,common,boot5,C38M20,C38,M20,H3K4me1,109056922,1.313527553049122,0.5073415816910175,0.3236792295209475,2.0841567703541153,1.6710411214706455,7.1576437177778915,66.51974519290026,83.50460579009139,39.37055113976563
candi.tcfloor,common,boot5,C38M20,C38,M20,H3K4me1,109056922,1.4661491504449493,0.5071504294859307,0.3175312511829044,2.8909634887769986,1.8994769476595856,7.963553238866331,58.88433546513954,66.82363237026783,45.45222234224702
avg.none,common,boot5,C38M20,C38,M20,H3K4me1,109056922,1.918944886390281,0.21439671467913166,0.25139526451966776,3.682792409984078,2.476091603336766,11.385021061250013,78.1535031479854,116.40032526183604,38.42500796807291
avocado.none,common,boot5,C38M20,C38,M20,H3K4me1,109056922,6.171750278650205,0.47232335687150495,0.2678384015110768,13.287363497940072,8.362794760619051,81.70049183502157,280.6135661974406,352.8532717517217,544.7654363646171
candi.none,common,boot6,C38M20,C38,M20,H3K4me1,109061592,1.331387998925333,0.5078989023037956,0.3235254957122566,2.1148691250055514,1.6848963973935804,7.1190140996149465,66.47186053757099,84.59207356362477,39.412926343852455
candi.tcfloor,common,boot6,C38M20,C38,M20,H3K4me1,109061592,1.4855129949166306,0.5079197453834243,0.31733591372365705,2.9345710522271644,1.9149807735103481,7.923995719363852,58.80471807804616,67.63244026347354,45.539726223895386
avg.none,common,boot6,C38M20,C38,M20,H3K4me1,109061592,1.9405488040886205,0.21653436129632003,0.25053350033508076,3.7016729732937397,2.4946973008117173,11.23334760441074,77.94577124889933,117.77818520557928,38.356776087060254
avocado.none,common,boot6,C38M20,C38,M20,H3K4me1,109061592,6.222660291509058,0.4759714290030556,0.2619548952615945,13.66876031179131,8.462574834994896,80.71354249656807,279.1856302120233,351.02825529877197,548.7608408179057
candi.none,common,boot7,C38M20,C38,M20,H3K4me1,109047905,1.183113108287936,0.5164441556798168,0.30933590216302714,1.8860982569071507,1.4817385636547216,6.48630299818104,46.70991179164988,73.36301095873657,33.20263204410429
candi.tcfloor,common,boot7,C38M20,C38,M20,H3K4me1,109047905,1.3193094629454354,0.5152333845848258,0.30205278374528244,2.66135749321243,1.6839916308903256,7.253050074885838,40.56488782767263,58.14433173686297,38.720196239776826
avg.none,common,boot7,C38M20,C38,M20,H3K4me1,109047905,1.782305033733287,0.21357672121192128,0.22942006423211542,3.48269963193104,2.27842410000752,10.608703907674041,56.405021515196324,103.35343282522865,36.20761673235457
avocado.none,common,boot7,C38M20,C38,M20,H3K4me1,109047905,5.364673691730843,0.4587023334076077,0.24090767006594016,11.619833793064386,7.0606131481776515,68.82019781320604,216.41911616389964,294.43665326886133,466.82385147897935
candi.none,common,boot8,C38M20,C38,M20,H3K4me1,109595876,1.376184487683748,0.5074189818499325,0.30637564301670744,2.1616648565400847,1.7172885760428984,7.13841024752687,67.06387356668992,87.53257006731204,39.63068534032967
candi.tcfloor,common,boot8,C38M20,C38,M20,H3K4me1,109595876,1.5260110222473922,0.5073962713586879,0.30053278528041877,2.963685720613527,1.9383842143832246,7.900862316627248,59.47189773683982,70.06639696724103,45.703594753221594
avg.none,common,boot8,C38M20,C38,M20,H3K4me1,109595876,2.0014444032653502,0.21355472201290768,0.2405861427228765,3.737456975313942,2.534532250844112,11.276441293647782,79.13196556578535,121.59819658450311,38.48079266463289
avocado.none,common,boot8,C38M20,C38,M20,H3K4me1,109595876,5.296778570688032,0.48107322678272313,0.2755144354925608,10.913201747161379,7.1482972310802415,66.22767364619973,218.28636514136835,286.4294907826374,452.626888068468
candi.none,common,boot9,C38M20,C38,M20,H3K4me1,109214135,1.314834934208363,0.5079869011392707,0.3106201559187226,2.0833524734610065,1.6538911060253763,7.148449275052748,66.54440642101228,83.52079574373954,39.482529573339264
candi.tcfloor,common,boot9,C38M20,C38,M20,H3K4me1,109214135,1.4580055933509977,0.5082851835182485,0.30435627859156134,2.8623677244753836,1.8658636181543966,7.921168678011163,59.06856445022615,66.89128885549238,45.44869504965039
avg.none,common,boot9,C38M20,C38,M20,H3K4me1,109214135,1.89532063885548,0.2155246009140886,0.23549113378673428,3.5271003763713926,2.412198322285908,11.068026311205188,78.52224869310804,116.74679921377142,36.27180110468391
avocado.none,common,boot9,C38M20,C38,M20,H3K4me1,109214135,5.932259053255663,0.46983479164127384,0.25174897877560365,13.216359789728543,7.99489750453964,79.33361375441903,276.39475745132626,339.9420401942672,520.9823681262567
avg.none,full,all23,C38M22,C38,M22,H3K4me3,121240998,575.3126627379243,0.8183251384177079,0.20144041241658772,6008.924129495445,994.3653823046865,1849.24490050279,305523.5892179863,57466.753104765674,56777.69433867238
avocado.none,full,all23,C38M22,C38,M22,H3K4me3,121240998,597.2610887200473,0.5902776805232428,0.13650153083992353,6195.140185423625,1036.6864830100594,1934.0791710226576,316887.4533641016,59604.57897180927,58602.260338644555
avocado005.none,full,all23,C38M22,C38,M22,H3K4me3,121240998,606.8540334536489,0.7742709074634867,0.023872362654927242,6328.631933187768,1046.588388407927,1955.6384471705983,314433.8627528335,60656.51371616386,59611.22480232716
avg.none,full,boot0,C38M22,C38,M22,H3K4me3,109250012,585.8305559082553,0.818016413572193,0.18890913912266355,6187.6321057049,1009.3872990175896,1939.4320831204432,305051.3410894503,58521.01828005431,57905.35549979027
avocado.none,full,boot0,C38M22,C38,M22,H3K4me3,109250012,613.4235605978104,0.5776007697553828,0.1331575430396199,6458.488254088449,1062.9774841963306,2007.5335907315746,319027.9844876562,61244.8449493722,60357.173709456205
avocado005.none,full,boot0,C38M22,C38,M22,H3K4me3,109250012,617.3940570658355,0.7744143031209497,0.025422584102735367,6512.035402873808,1061.8666766260612,2042.416965861853,314134.46971852944,61712.26665171225,60839.13690304623
avg.none,full,boot1,C38M22,C38,M22,H3K4me3,109208595,580.8401249216688,0.8154298195838219,0.20582194932801592,6099.042150154624,1012.81172490713,1904.5529029128375,310157.0700460287,58014.43411242232,57408.43662948955
avocado.none,full,boot1,C38M22,C38,M22,H3K4me3,109208595,603.3869305578029,0.576201996094708,0.13489979053499743,6307.751718867946,1054.637264519495,2021.4838162045817,322424.7310958294,60211.370354010505,59274.18938022408
avocado005.none,full,boot1,C38M22,C38,M22,H3K4me3,109208595,610.8313562237091,0.7716756438034803,0.021817580698691157,6397.7617699246675,1062.4576654604784,2009.351561637911,319350.49518380116,61045.824434832844,60183.7036498394
avg.none,full,boot2,C38M22,C38,M22,H3K4me3,109027451,573.8142081608759,0.8154870364721071,0.20431009381526075,5812.119847525182,987.9802847192153,1827.5427706814774,302481.8048259792,57314.97599832751,56585.15899645617
avocado.none,full,boot2,C38M22,C38,M22,H3K4me3,109027451,604.4368445977008,0.6975620342093652,0.13328250449451495,6131.543987178253,1047.9985603544255,1922.012466589603,317087.2021211171,60343.98159507872,59315.72511568689
avocado005.none,full,boot2,C38M22,C38,M22,H3K4me3,109027451,605.1677740059849,0.7717216216476964,0.0241174167571273,6124.019023748121,1040.6719513471621,1937.1481569702494,311515.91299792135,60486.55610781396,59420.11991457451
avg.none,full,boot3,C38M22,C38,M22,H3K4me3,109057867,614.0460034141821,0.8174055591356171,0.20342772424903546,6081.300727213874,1045.8226210916794,1869.4881842836219,311457.92723076144,61334.98141246815,60488.6954991018
avocado.none,full,boot3,C38M22,C38,M22,H3K4me3,109057867,633.6498136711144,0.588921131046196,0.1354004176507061,6215.647451433881,1084.230393222843,1943.0458060218712,319617.46747641196,63228.8938078023,62076.73748053554
avocado005.none,full,boot3,C38M22,C38,M22,H3K4me3,109057867,646.4623791546188,0.7727852525078792,0.02574075214686453,6387.994096303606,1098.6283696420198,1971.133271201515,319236.5738667428,64613.015410597625,63426.55099302154
avg.none,full,boot4,C38M22,C38,M22,H3K4me3,108648525,567.859866745351,0.8172576040070235,0.2117455827761843,5664.380891677415,996.4511642708808,1782.4453223204969,378412.3213364334,56722.851608448116,56017.38976777173
avocado.none,full,boot4,C38M22,C38,M22,H3K4me3,108648525,591.9515112997005,0.5796212500144636,0.1392035385139654,5871.971627953613,1043.4281193133727,1878.3480596524978,386620.34331246745,59070.268839852855,58043.23157089204
avocado005.none,full,boot4,C38M22,C38,M22,H3K4me3,108648525,600.4191673362337,0.7725729749255497,0.02268838096346204,5996.907541137887,1050.8621738080687,1887.5870768230056,385330.96067528904,60013.442474582866,58998.27317020159
avg.none,full,boot5,C38M22,C38,M22,H3K4me3,109056943,595.2072760615642,0.8157351805324476,0.2089733295894557,6085.406538203876,1031.813340810977,1939.7007681013456,310906.0893759213,59455.69900776155,58733.04436254307
avocado.none,full,boot5,C38M22,C38,M22,H3K4me3,109056943,614.8814238326831,0.5842149120370735,0.1469150225552224,6250.394749314845,1069.2697231082248,2015.9837125483698,322204.64690537634,61358.167840649214,60307.6430833693
avocado005.none,full,boot5,C38M22,C38,M22,H3K4me3,109056943,626.2999278795165,0.7733689200937198,0.022736075995657867,6400.065950186452,1083.4472779358582,2045.8329314628934,319836.59503334865,62601.47770914089,61627.319251421926
avg.none,full,boot6,C38M22,C38,M22,H3K4me3,109061613,596.6238634596934,0.8166593574179158,0.20725067604370703,6164.869840655492,1032.5476406873045,1916.4681048051214,309041.4953952477,59595.92486452712,58871.23455279497
avocado.none,full,boot6,C38M22,C38,M22,H3K4me3,109061613,616.5464076995481,0.5857129884015064,0.14440591272911338,6312.852746394988,1072.467640001162,1992.474766025155,319798.1771984814,61519.935565568856,60469.74471829679
avocado005.none,full,boot6,C38M22,C38,M22,H3K4me3,109061613,627.8875144779709,0.7734352046166241,0.02424555905523406,6477.46251135528,1084.2799156694311,2021.3841064567844,317847.9921990126,62758.44962924509,61754.81318605447
avg.none,full,boot7,C38M22,C38,M22,H3K4me3,109047925,468.6296470334552,0.8385086339430277,0.19160978007981241,5607.7260059133805,825.5033978013539,1511.9543162510038,246187.98704334217,46796.93026200006,46207.82647877072
avocado.none,full,boot7,C38M22,C38,M22,H3K4me3,109047925,490.3523698526546,0.6023855253581369,0.12357583445669494,5752.943839666415,866.132599775384,1608.1069152004623,259373.98598604865,48918.87077066406,48127.783865752215
avocado005.none,full,boot7,C38M22,C38,M22,H3K4me3,109047925,500.33285413139856,0.7899930492884022,0.025821372394940943,5937.250496778839,877.861806578194,1627.526041935714,256254.55642396494,50005.82814754012,49113.72910559409
avg.none,full,boot8,C38M22,C38,M22,H3K4me3,109595897,608.0901558527488,0.8174077160924964,0.1983721366957328,6306.901854315606,1035.1513630518766,1915.611095721744,308272.520208523,60741.49862578944,59967.081135271896
avocado.none,full,boot8,C38M22,C38,M22,H3K4me3,109595897,626.7066882437542,0.5882309877009928,0.1447944859190059,6436.631786444786,1070.7846426977349,1996.0166984312145,318356.2736483719,62535.40432587815,61391.300417394435
avocado005.none,full,boot8,C38M22,C38,M22,H3K4me3,109595897,641.1910626642921,0.7736577042948789,0.02250436335489244,6649.616112203769,1089.1475836489678,2024.4419340727568,317602.767376208,64088.38009112986,63021.86211254661
avg.none,full,boot9,C38M22,C38,M22,H3K4me3,109214154,561.9774793123311,0.8158464883271294,0.19272158804222997,6082.6266947067215,965.8472917274031,1883.5313194751504,299074.308056753,56137.20017691594,55542.315513494366
avocado.none,full,boot9,C38M22,C38,M22,H3K4me3,109214154,577.0938402249827,0.588528311530734,0.1313601977920421,6217.501861336182,994.933354819551,1954.6798437721022,308918.86515012494,57583.58187247937,56609.72912600576
avocado005.none,full,boot9,C38M22,C38,M22,H3K4me3,109214154,592.3466733158824,0.7727828388774697,0.023944957773525764,6406.371819620043,1016.2754588089864,1987.8675074481125,308327.3059463637,59207.51204068446,58212.02633958646
candi.none,common,all23,C38M22,C38,M22,H3K4me3,121240975,665.6961347061539,0.6741678896450726,0.18495212343765402,7038.95920640283,1158.4265418075415,2062.721199326302,349734.51938904694,66107.98986895972,61844.41011432762
candi.tcfloor,common,all23,C38M22,C38,M22,H3K4me3,121240975,562.6089862185072,0.828846007185214,0.1960797003098735,5861.584539932244,972.3338662810239,1794.2953843896044,300450.8475519447,56190.5546040038,55863.22304037508
avg.none,common,all23,C38M22,C38,M22,H3K4me3,121240975,575.312771877522,0.8183251383412993,0.20143995679002324,6008.924129495445,994.3653823046865,1849.24490050279,305523.5892179863,57466.753104765674,56777.69433867238
avocado.none,common,all23,C38M22,C38,M22,H3K4me3,121240975,597.2612020223398,0.5902776802009452,0.13650111944605503,6195.140185423625,1036.6864830100594,1934.0791710226576,316887.4533641016,59604.57897180927,58602.260338644555
candi.none,common,boot0,C38M22,C38,M22,H3K4me3,109249991,674.7305129194403,0.6734433715068839,0.17261389337749283,7213.40898394538,1170.6613300642045,2146.4759233337113,349857.4418925826,67017.01644915476,62898.9697331648
candi.tcfloor,common,boot0,C38M22,C38,M22,H3K4me3,109249991,573.0753905980139,0.8285637280844984,0.18304730675860365,6036.852895819875,987.3078727517242,1882.8006365216982,299976.63663786487,57239.86884100583,56958.83845464104
avg.none,common,boot0,C38M22,C38,M22,H3K4me3,109249991,585.8306685164263,0.8180164135029653,0.18890867047320983,6187.6321057049,1009.3872990175896,1939.4320831204432,305051.3410894503,58521.07184482738,57905.40839020423
avocado.none,common,boot0,C38M22,C38,M22,H3K4me3,109249991,613.4236785087836,0.5776007694397609,0.13315713514461006,6458.488254088449,1062.9774841963306,2007.5335907315746,319027.9844876562,61244.90100778803,60357.22893483317
candi.none,common,boot1,C38M22,C38,M22,H3K4me3,109208574,666.7986636593212,0.6732443456792977,0.18906766677127645,7094.845591282712,1168.9841666573766,2117.2640878358848,355347.7420232159,66216.41969900466,62238.616485431725
candi.tcfloor,common,boot1,C38M22,C38,M22,H3K4me3,109208574,568.1519555069341,0.8260970872475708,0.2005166283323477,5950.157636775121,990.5005200382743,1849.0898295482523,305065.4746332224,56740.227210495184,56454.76334308372
avg.none,common,boot1,C38M22,C38,M22,H3K4me3,109208574,580.8402366129231,0.8154298195131585,0.2058214899881833,6099.042150154624,1012.81172490713,1904.5529029128375,310157.0700460287,58014.43411242232,57408.43662948955
avocado.none,common,boot1,C38M22,C38,M22,H3K4me3,109208574,603.3870465837416,0.5762019957739538,0.1348993583593654,6307.751718867946,1054.637264519495,2021.4838162045817,322424.7310958294,60211.370354010505,59274.18938022408
candi.none,common,boot2,C38M22,C38,M22,H3K4me3,109027430,664.0540875103185,0.6729615425096847,0.18875720688114994,6828.698181415562,1152.6251213747466,2032.7730471708296,347345.98546612955,65942.83541253366,61702.346309625646
candi.tcfloor,common,boot2,C38M22,C38,M22,H3K4me3,109027430,561.1462585525426,0.826047528687217,0.19924174984113824,5668.682284625796,966.0196619107996,1772.8520246233788,297480.41710051766,56042.33937966784,55700.023503701865
avg.none,common,boot2,C38M22,C38,M22,H3K4me3,109027430,573.8143186844237,0.8154870363886423,0.20430963274876981,5812.119847525182,987.9802847192153,1827.5427706814774,302481.8048259792,57314.97599832751,56585.15899645617
avocado.none,common,boot2,C38M22,C38,M22,H3K4me3,109027430,604.436961018436,0.6975620339257192,0.13328208525033192,6131.543987178253,1047.9985603544255,1922.012466589603,317087.2021211171,60343.98159507872,59315.72511568689
candi.none,common,boot3,C38M22,C38,M22,H3K4me3,109057846,709.9250206278134,0.6716935051315537,0.18491632555728094,7125.464493592829,1217.7256565645437,2083.776162075884,356498.5916976563,70498.59706266869,65666.99804891222
candi.tcfloor,common,boot3,C38M22,C38,M22,H3K4me3,109057846,600.6881687328582,0.8279189786278989,0.1976733356303729,5934.527677268947,1022.967977348343,1815.024442032991,306432.5262411403,59992.70854579524,59587.79210997344
avg.none,common,boot3,C38M22,C38,M22,H3K4me3,109057846,614.0461216538737,0.8174055590484091,0.20342726302960554,6081.300727213874,1045.8226210916794,1869.4881842836219,311457.92723076144,61334.98141246815,60488.6954991018
avocado.none,common,boot3,C38M22,C38,M22,H3K4me3,109057846,633.6499356845437,0.5889211307105069,0.13540000362787233,6215.647451433881,1084.230393222843,1943.0458060218712,319617.46747641196,63228.8938078023,62076.73748053554
candi.none,common,boot4,C38M22,C38,M22,H3K4me3,108648504,657.995528580059,0.6723695969818047,0.19618612807087038,6675.304169643816,1162.4029402385895,1997.8730327717712,409918.40857876535,65346.12490527535,61067.2066904069
candi.tcfloor,common,boot4,C38M22,C38,M22,H3K4me3,108648504,555.3507245735833,0.8276999387768963,0.20688905775722974,5522.944669175269,974.4702497891388,1729.357302661667,372186.1328845945,55466.1818475171,55129.15184964544
avg.none,common,boot4,C38M22,C38,M22,H3K4me3,108648504,567.8599765034863,0.8172576039263876,0.21174512420983216,5664.380891677415,996.4511642708808,1782.4453223204969,378412.3213364334,56722.851608448116,56017.38976777173
avocado.none,common,boot4,C38M22,C38,M22,H3K4me3,108648504,591.9516257132495,0.5796212496838066,0.1392031272145354,5871.971627953613,1043.4281193133727,1878.3480596524978,386620.34331246745,59070.268839852855,58043.23157089204
candi.none,common,boot5,C38M22,C38,M22,H3K4me3,109056922,686.6469178880894,0.6721659027140788,0.19177595804930692,7113.470637670838,1198.8219805193,2151.8844318743754,356258.75231819187,68201.8902690628,63925.42984368818
candi.tcfloor,common,boot5,C38M22,C38,M22,H3K4me3,109056922,582.32556903355,0.826302863977893,0.20361069096597623,5938.415265834855,1009.365154207576,1882.9695851255547,305827.6585243139,58161.712401532764,57820.79512215015
avg.none,common,boot5,C38M22,C38,M22,H3K4me3,109056922,595.2073906746724,0.8157351804537615,0.20897287135211692,6085.406538203876,1031.813340810977,1939.7007681013456,310906.0893759213,59455.69900776155,58733.04436254307
avocado.none,common,boot5,C38M22,C38,M22,H3K4me3,109056922,614.8815422331244,0.5842149117093216,0.14691461386501017,6250.394749314845,1069.2697231082248,2015.9837125483698,322204.64690537634,61358.167840649214,60307.6430833693
candi.none,common,boot6,C38M22,C38,M22,H3K4me3,109061592,689.639419793881,0.6728128487609997,0.19017659727340472,7219.4611679206855,1202.5265779023018,2135.262753065367,354728.73882657493,68492.26211281001,64043.484112133265
candi.tcfloor,common,boot6,C38M22,C38,M22,H3K4me3,109061592,583.6442792382082,0.827102613126785,0.2019345680407419,6015.788462913427,1009.9977423732234,1859.8602209758526,303999.05591865355,58291.95432094766,57942.677191971554
avg.none,common,boot6,C38M22,C38,M22,H3K4me3,109061592,596.6239783406603,0.8166593573369534,0.20725021689182316,6164.869840655492,1032.5476406873045,1916.4681048051214,309041.4953952477,59595.97950868681,58871.28849430795
avocado.none,common,boot6,C38M22,C38,M22,H3K4me3,109061592,616.5465264157311,0.5857129880748523,0.14440550619410847,6312.852746394988,1072.467640001162,1992.474766025155,319798.1771984814,61519.991961378066,60469.800060954956
candi.none,common,boot7,C38M22,C38,M22,H3K4me3,109047905,555.8980035020418,0.687893632251782,0.18359529553494636,6644.300149735771,984.435155583036,1735.0439975425236,291300.64084961545,55152.83535824722,51202.699883077
candi.tcfloor,common,boot7,C38M22,C38,M22,H3K4me3,109047905,457.04653517607704,0.8488738338084084,0.18826585467532808,5464.991303534689,805.4040928897914,1461.6493567848734,241624.54911193025,45633.17851742472,45324.75702790067
avg.none,common,boot7,C38M22,C38,M22,H3K4me3,109047905,468.6297329827721,0.8385086338797432,0.1916093338565515,5607.7260059133805,825.5033978013539,1511.9543162510038,246187.98704334217,46796.93026200006,46207.82647877072
avocado.none,common,boot7,C38M22,C38,M22,H3K4me3,109047905,490.3524597849569,0.6023855250521163,0.12357543658434324,5752.943839666415,866.132599775384,1608.1069152004623,259373.98598604865,48918.87077066406,48127.783865752215
candi.none,common,boot8,C38M22,C38,M22,H3K4me3,109595876,701.5734209138344,0.6751666753603837,0.17535069079893237,7358.646644045839,1201.8632494813767,2132.1194079520187,352948.3357084751,69675.07064041213,65139.28928651971
candi.tcfloor,common,boot8,C38M22,C38,M22,H3K4me3,109595876,594.7964307153367,0.828001263425265,0.1911421826552687,6152.428793275084,1012.4130007888245,1859.4330700036035,303187.46274829376,59405.98373394916,59034.90411197656
avg.none,common,boot8,C38M22,C38,M22,H3K4me3,109595876,608.0902723707578,0.8174077160091989,0.1983716751073355,6306.901854315606,1035.1513630518766,1915.611095721744,308272.520208523,60741.49862578944,59967.081135271896
avocado.none,common,boot8,C38M22,C38,M22,H3K4me3,109595876,626.7068083279196,0.5882309873693228,0.14479407542735076,6436.631786444786,1070.7846426977349,1996.0166984312145,318356.2736483719,62535.40432587815,61391.300417394435
candi.none,common,boot9,C38M22,C38,M22,H3K4me3,109214135,649.4885439207507,0.672828845347031,0.17646125573051796,7117.411802876233,1123.6893689219473,2092.873280261693,344357.8915032953,64500.528520435735,60482.21962600806
candi.tcfloor,common,boot9,C38M22,C38,M22,H3K4me3,109214135,549.6603812331375,0.8263379060777555,0.18727565729503104,5933.656677401374,944.5679471913503,1828.1972046328008,294123.10772223206,54899.92775322842,54637.61502740409
avg.none,common,boot9,C38M22,C38,M22,H3K4me3,109214135,561.9775770796402,0.8158464882635029,0.19272116576028617,6082.6266947067215,965.8472917274031,1883.5313194751504,299074.308056753,56137.20017691594,55542.315513494366
avocado.none,common,boot9,C38M22,C38,M22,H3K4me3,109214135,577.0939406213041,0.5885283112405658,0.1313597905404694,6217.501861336182,994.933354819551,1954.6798437721022,308918.86515012494,57583.58187247937,56609.72912600576
avg.none,full,all23,C38M29,C38,M29,H3K9me3,121240998,0.33494784659673615,0.19389312744465345,0.26494836399607424,0.26593853809274226,0.2805452007359564,0.6368875850770845,8441.444096365854,13.380985159121206,7.673541433571373
avocado.none,full,all23,C38M29,C38,M29,H3K9me3,121240998,0.43874564404109295,0.06308057166192746,0.16313522279934287,0.3766823262424774,0.38032012649387875,1.2496268068251921,8468.231474974897,14.719924592039218,13.715436106603548
avocado005.none,full,all23,C38M29,C38,M29,H3K9me3,121240998,0.5275259845546536,0.10421869265615698,0.19642681030815612,0.6625892130134917,0.5169550262319643,0.7839645670162901,8488.147338322611,16.062146723329196,17.0479667192534
avg.none,full,boot0,C38M29,C38,M29,H3K9me3,109250012,0.34413006704051907,0.19132121365431942,0.254123353205348,0.26739773383539,0.2829797874720585,0.6904177680211455,8714.098713957163,14.01024710586461,8.19637070986473
avocado.none,full,boot0,C38M29,C38,M29,H3K9me3,109250012,0.4168109627683538,0.06983826205423009,0.17423750093966428,0.3423423485217712,0.35106204114358786,1.1108312458509622,8744.954037104091,15.364449874199067,11.069803894422595
avocado005.none,full,boot0,C38M29,C38,M29,H3K9me3,109250012,0.5483415757255425,0.10226284376315505,0.18775713105061956,0.7034983260358528,0.5354771924947916,0.8485122922249819,8765.053528148412,16.87652903708579,18.057284266449834
avg.none,full,boot1,C38M29,C38,M29,H3K9me3,109208595,0.3343108428966575,0.18694196135772645,0.26883913991078084,0.2577423187670409,0.26783604436845815,0.6860478310912768,9623.634097828095,14.004676888586527,7.681323782701182
avocado.none,full,boot1,C38M29,C38,M29,H3K9me3,109208595,0.44471745495286147,0.057478398767804216,0.16544228722784785,0.3810669605005723,0.38085585216053097,1.3460841002044832,9654.161918455227,15.34259541093378,14.20715467958329
avocado005.none,full,boot1,C38M29,C38,M29,H3K9me3,109208595,0.4852866824803543,0.09984754639438878,0.19995655509727675,0.40937453582030736,0.4373491758624358,0.8304373599277786,9676.143350443454,16.021050632366048,12.811882873965288
avg.none,full,boot2,C38M29,C38,M29,H3K9me3,109027451,0.3438767227649176,0.19368928693553383,0.26634986156025825,0.2666716655836366,0.2832106097003575,0.6794006850949589,9236.73492414724,14.144276938555048,8.232708994447991
avocado.none,full,boot2,C38M29,C38,M29,H3K9me3,109027451,0.43121553224210146,0.06643283004867563,0.16106303065496677,0.34624022783355773,0.3612122418392298,1.1353761024911926,9266.011686361653,15.52733399162907,12.559017758076669
avocado005.none,full,boot2,C38M29,C38,M29,H3K9me3,109027451,0.5436752932332839,0.10401094221843292,0.19773176455746433,0.6922312205431889,0.5330257226342576,0.8328378012230234,9287.78360191489,17.006217991206466,17.946899037101986
avg.none,full,boot3,C38M29,C38,M29,H3K9me3,109057867,0.3439191301839631,0.1955233140990976,0.268348576087565,0.2671729621905629,0.28166587700361595,0.6666842242237473,9295.734966009897,14.166693142223274,8.210067450485882
avocado.none,full,boot3,C38M29,C38,M29,H3K9me3,109057867,0.4478236454124412,0.06248194839615945,0.16781455193296857,0.3796896599112826,0.38100222537105644,1.2803912662917372,9325.211544535217,15.53718107235327,14.03620196254672
avocado005.none,full,boot3,C38M29,C38,M29,H3K9me3,109057867,0.539924633744562,0.1060987180215162,0.19903946423548552,0.6784712350443327,0.5251302254759034,0.8173174526267658,9347.104316539651,17.033527829197496,17.695776308079175
avg.none,full,boot4,C38M29,C38,M29,H3K9me3,108648525,0.3390652907369293,0.19216273628497674,0.2729802135457697,0.26392252938056954,0.27588703824841704,0.6842215402464572,9491.216630267903,14.050470131809773,8.163562062741077
avocado.none,full,boot4,C38M29,C38,M29,H3K9me3,108648525,0.4541287909599149,0.05877931309875842,0.16486890466228038,0.38911748115454814,0.38950086879823387,1.3603200488981997,9521.337530184663,15.414547405490161,14.909281876393713
avocado005.none,full,boot4,C38M29,C38,M29,H3K9me3,108648525,0.5344913596893326,0.10283970662252806,0.20370669679693015,0.6824407126170319,0.5223958820062187,0.8418225929283341,9543.637860352372,16.96188779081102,17.649788349652198
avg.none,full,boot5,C38M29,C38,M29,H3K9me3,109056943,0.3403093958832223,0.19669668148374592,0.27474463108611413,0.2667050352146468,0.2816480810320304,0.6906088660890062,9364.59042296974,14.095507233100431,8.217322218212326
avocado.none,full,boot5,C38M29,C38,M29,H3K9me3,109056943,0.45003921351118004,0.06327713874696936,0.16926174124477328,0.38316509132240995,0.38740581102408445,1.360844888477349,9394.301254371203,15.43474272906043,14.561391175033707
avocado005.none,full,boot5,C38M29,C38,M29,H3K9me3,109056943,0.5410207846076402,0.1062656169833535,0.20540106053526092,0.6936045806024572,0.5330285311693674,0.8478132334068325,9416.365879941179,16.99990789617423,18.098064947514718
avg.none,full,boot6,C38M29,C38,M29,H3K9me3,109061613,0.3374452987667882,0.19310976620404693,0.2698981722796302,0.26370327710218733,0.2776027289089838,0.6786440550008009,9419.770038205632,14.017068448673852,8.177501946391452
avocado.none,full,boot6,C38M29,C38,M29,H3K9me3,109061613,0.4521556709775728,0.06413267633965797,0.1652249746713954,0.38541649587991594,0.38824850162374214,1.3546831389760752,9449.651267795338,15.290516882906669,15.0028149375471
avocado005.none,full,boot6,C38M29,C38,M29,H3K9me3,109061613,0.5236622230274696,0.10361577255140511,0.2001891020607018,0.6853205615143172,0.5062872622610547,0.827569188872408,9471.730605810348,16.731816270104467,16.83358208023941
avg.none,full,boot7,C38M29,C38,M29,H3K9me3,109047925,0.3467352094171937,0.18590266589647564,0.24791760497621357,0.2631401496055197,0.283790040789135,0.6886817598165814,9209.441049411442,14.14559054238365,8.151874072886763
avocado.none,full,boot7,C38M29,C38,M29,H3K9me3,109047925,0.44944214311493624,0.06349836769304391,0.1570807540882491,0.3756218540820085,0.3813297125187938,1.3250738221409974,9238.65813999318,15.43661513143387,13.884421358617509
avocado005.none,full,boot7,C38M29,C38,M29,H3K9me3,109047925,0.5430745548367804,0.09965981038346898,0.18133062614505896,0.6929697111152875,0.5232863012915283,0.8466301296284313,9260.237300312121,16.68360471697378,17.584014472014427
avg.none,full,boot8,C38M29,C38,M29,H3K9me3,109595897,0.34917687614559706,0.19442637454456038,0.2699493164137693,0.2738779566227364,0.2877894426375692,0.6695736996321964,9061.584112744566,14.25485171175909,8.138245261106361
avocado.none,full,boot8,C38M29,C38,M29,H3K9me3,109595897,0.4592201958172223,0.060981683810298795,0.15790087946875692,0.39166228629155025,0.393957234909788,1.308675957299465,9090.334231335548,15.636149039591555,14.335928666979887
avocado005.none,full,boot8,C38M29,C38,M29,H3K9me3,109595897,0.5508924485519955,0.10484656143136839,0.20080411431855894,0.7040262187281453,0.53635040862496,0.8225786933018242,9111.687640932203,17.117537553290337,18.09860267554321
avg.none,full,boot9,C38M29,C38,M29,H3K9me3,109214154,0.27053542291960764,0.2119427877365967,0.2550863885743821,0.2689260853597792,0.28268067629987764,0.22932518324245296,736.0857162763363,6.9040549981493875,3.2589603349796077
avocado.none,full,boot9,C38M29,C38,M29,H3K9me3,109214154,0.38196982625675013,0.06659559541354414,0.14824502391984776,0.3925556702937303,0.38845085147537883,0.910367740188915,735.2255196519363,8.194810663739684,12.573625731570889
avocado005.none,full,boot9,C38M29,C38,M29,H3K9me3,109214154,0.4649187499229164,0.11439516971665731,0.1871291899649646,0.6779575126126689,0.5159022339353307,0.31804241630678104,738.6827996793969,9.450875641346926,16.93599057302624
candi.none,common,all23,C38M29,C38,M29,H3K9me3,121240975,0.30717271120111317,0.17721218790848273,0.2667025656727623,0.23210953567835557,0.24997571156603676,0.6024664485403002,8493.0607519766,15.113253589036287,0.3530864440437042
candi.tcfloor,common,all23,C38M29,C38,M29,H3K9me3,121240975,0.30322892432892057,0.22415890878621472,0.2998540007043003,0.22666497279785727,0.24634072225404266,0.6039945671606237,8460.882080739239,13.750508611639528,5.860585798182641
avg.none,common,all23,C38M29,C38,M29,H3K9me3,121240975,0.3349479101379645,0.19389301406687146,0.2649479446374364,0.26593853809274226,0.2805452007359564,0.6368875850770845,8441.444096365854,13.380985159121206,7.673541433571373
avocado.none,common,all23,C38M29,C38,M29,H3K9me3,121240975,0.43874572679882573,0.06308049689454295,0.1631347513976642,0.3766823262424774,0.38032012649387875,1.2496268068251921,8468.231474974897,14.719924592039218,13.715436106603548
candi.none,common,boot0,C38M29,C38,M29,H3K9me3,109249991,0.31543159932296344,0.1706554935760728,0.2568409232155036,0.23086237737349308,0.25140454994389655,0.6531439274984172,8771.233259949271,15.781176719568588,0.35351877148042204
candi.tcfloor,common,boot0,C38M29,C38,M29,H3K9me3,109249991,0.31151879663947984,0.22007096733962567,0.2893822865769337,0.22545008018191895,0.24748323042480636,0.6550091940342783,8735.31039074278,14.37958877375579,6.349750271874139
avg.none,common,boot0,C38M29,C38,M29,H3K9me3,109249991,0.34413013318909574,0.19132109888736581,0.25412292217749327,0.26739773383539,0.2829797874720585,0.6904177680211455,8714.098713957163,14.010266091722292,8.196378208682956
avocado.none,common,boot0,C38M29,C38,M29,H3K9me3,109249991,0.4168110424365579,0.06983818116155607,0.17423703002070706,0.3423423485217712,0.35106204114358786,1.1108312458509622,8744.954037104091,15.36447030600711,11.069813710601714
candi.none,common,boot1,C38M29,C38,M29,H3K9me3,109208574,0.3095341595290859,0.17993695780621113,0.2748360900050727,0.2262912222737584,0.24389431928229438,0.6520678472404282,9682.463185273831,15.616982076976711,0.3530152063345154
candi.tcfloor,common,boot1,C38M29,C38,M29,H3K9me3,109208574,0.3058047855838889,0.21918177126879468,0.30433803143632104,0.22157361869839612,0.2402184453305046,0.6539431617441455,9645.82775949955,14.37726572406343,6.191153102331409
avg.none,common,boot1,C38M29,C38,M29,H3K9me3,109208574,0.3343109071821568,0.18694184309008444,0.26883871700859585,0.2577423187670409,0.26783604436845815,0.6860478310912768,9623.634097828095,14.004676888586527,7.681323782701182
avocado.none,common,boot1,C38M29,C38,M29,H3K9me3,109208574,0.4447175399845143,0.05747832410667612,0.1654418107214861,0.3810669605005723,0.38085585216053097,1.3460841002044832,9654.161918455227,15.34259541093378,14.20715467958329
candi.none,common,boot2,C38M29,C38,M29,H3K9me3,109027430,0.3153520307343003,0.1746125720299259,0.2667211056198129,0.23334208281341237,0.25092510670555856,0.6444912855519355,9293.210789497378,15.919425205660984,0.35374953477341636
candi.tcfloor,common,boot2,C38M29,C38,M29,H3K9me3,109027430,0.31126217264418893,0.22315171658585362,0.3012709462557239,0.2275847924423139,0.24726510876414315,0.6461108687978575,9258.009272646783,14.517828700199914,6.3696881010741695
avg.none,common,boot2,C38M29,C38,M29,H3K9me3,109027430,0.34387678899972823,0.19368917479044861,0.2663494365174427,0.2666716655836366,0.2832106097003575,0.6794006850949589,9236.73492414724,14.144276938555048,8.232708994447991
avocado.none,common,boot2,C38M29,C38,M29,H3K9me3,109027430,0.43121561477560494,0.0664327530956543,0.1610625514157102,0.34624022783355773,0.3612122418392298,1.1353761024911926,9266.011686361653,15.52733399162907,12.559017758076669
candi.none,common,boot3,C38M29,C38,M29,H3K9me3,109057846,0.31637910136513947,0.17669641873342046,0.26845295776071526,0.23317155807790738,0.25063963507778453,0.6324840164075908,9352.561762918347,15.950938305757766,0.3644932475246853
candi.tcfloor,common,boot3,C38M29,C38,M29,H3K9me3,109057846,0.31175865422203625,0.22522022552355506,0.30378198131692197,0.22730377404082217,0.24688423916737726,0.6336384129221274,9317.143235355064,14.546874647309874,6.364424907182276
avg.none,common,boot3,C38M29,C38,M29,H3K9me3,109057846,0.3439191964084669,0.1955232026713522,0.2683481524137231,0.2671729621905629,0.28166587700361595,0.6666842242237473,9295.734966009897,14.166693142223274,8.210067450485882
avocado.none,common,boot3,C38M29,C38,M29,H3K9me3,109057846,0.4478237312452175,0.062481870719961245,0.1678140723682413,0.3796896599112826,0.38100222537105644,1.2803912662917372,9325.211544535217,15.53718107235327,14.03620196254672
candi.none,common,boot4,C38M29,C38,M29,H3K9me3,108648504,0.31103013689510517,0.177421550138141,0.27416470805225934,0.23145485067377541,0.2464693931247502,0.6497028545575221,9549.248510557518,15.758032828406405,0.34424365755785935
candi.tcfloor,common,boot4,C38M29,C38,M29,H3K9me3,108648504,0.30743887513154267,0.2225481744046752,0.30762928542030543,0.22594439524109486,0.24331600703945475,0.6510175113910628,9513.086553791958,14.416753541942095,6.350154606080169
avg.none,common,boot4,C38M29,C38,M29,H3K9me3,108648504,0.3390653562727705,0.19216262305711337,0.2729797907582087,0.26392252938056954,0.27588703824841704,0.6842215402464572,9491.216630267903,14.050470131809773,8.163562062741077
avocado.none,common,boot4,C38M29,C38,M29,H3K9me3,108648504,0.45412887831893906,0.05877924214864325,0.16486842610331537,0.38911748115454814,0.38950086879823387,1.3603200488981997,9521.337530184663,15.414547405490161,14.909281876393713
candi.none,common,boot5,C38M29,C38,M29,H3K9me3,109056922,0.3123554760417645,0.17981588613140545,0.2765870929658246,0.232254370939434,0.24997644964194018,0.6560677062670699,9421.85884132003,15.864518897726816,0.35288044145551184
candi.tcfloor,common,boot5,C38M29,C38,M29,H3K9me3,109056922,0.30821501036023224,0.2272026126324112,0.30994354964243254,0.2262080052690968,0.24614038994995624,0.6572080734957803,9386.169291153878,14.466200353923778,6.354660828681011
avg.none,common,boot5,C38M29,C38,M29,H3K9me3,109056922,0.34030946141319673,0.19669657085647949,0.274744210972234,0.2667050352146468,0.2816480810320304,0.6906088660890062,9364.59042296974,14.095507233100431,8.217322218212326
avocado.none,common,boot5,C38M29,C38,M29,H3K9me3,109056922,0.4500392996442848,0.06327706595872286,0.16926126706200917,0.38316509132240995,0.38740581102408445,1.360844888477349,9394.301254371203,15.43474272906043,14.561391175033707
candi.none,common,boot6,C38M29,C38,M29,H3K9me3,109061592,0.3090940505587296,0.1790650516942521,0.27431665515299525,0.22934314563861075,0.24596694884467238,0.6453260714477886,9477.358420906014,15.73280898821974,0.3508975185535661
candi.tcfloor,common,boot6,C38M29,C38,M29,H3K9me3,109061592,0.30573936633898213,0.22382991876711528,0.30534545289996723,0.22412159691279424,0.24281039393937007,0.6471727240447158,9441.47423642811,14.37747635983705,6.395421085382669
avg.none,common,boot6,C38M29,C38,M29,H3K9me3,109061592,0.33744536374246975,0.19310965439081318,0.2698977494044541,0.26370327710218733,0.2776027289089838,0.6786440550008009,9419.770038205632,14.017068448673852,8.177509440988803
avocado.none,common,boot6,C38M29,C38,M29,H3K9me3,109061592,0.45215575754360376,0.06413260477962428,0.16522449842566186,0.38541649587991594,0.38824850162374214,1.3546831389760752,9449.651267795338,15.290516882906669,15.002826950566762
candi.none,common,boot7,C38M29,C38,M29,H3K9me3,109047905,0.3182239543322641,0.16508947054180947,0.24702532310790185,0.23047844795273317,0.25214659370183107,0.6551449790781839,9265.757117301473,15.872196024600479,0.3472438563614054
candi.tcfloor,common,boot7,C38M29,C38,M29,H3K9me3,109047905,0.3145438552723616,0.2138829704834497,0.2814509523534332,0.2268698169550299,0.2488171975852092,0.6563063536581012,9230.667718760236,14.51440585852627,6.3223800269282515
avg.none,common,boot7,C38M29,C38,M29,H3K9me3,109047905,0.34673527301038415,0.18590255390819221,0.24791719021105224,0.2631401496055197,0.283790040789135,0.6886817598165814,9209.441049411442,14.14559054238365,8.151874072886763
avocado.none,common,boot7,C38M29,C38,M29,H3K9me3,109047905,0.4494422251121663,0.06349829417365914,0.1570802942315645,0.3756218540820085,0.3813297125187938,1.3250738221409974,9238.65813999318,15.43661513143387,13.884421358617509
candi.none,common,boot8,C38M29,C38,M29,H3K9me3,109595876,0.3217870716783816,0.17635816038074478,0.26875627921526035,0.23922458196114688,0.2568807835313752,0.6360455047543236,9116.993406182271,16.05275355090165,0.3599818473104981
candi.tcfloor,common,boot8,C38M29,C38,M29,H3K9me3,109595876,0.3169293794916728,0.22411658929820336,0.30380136964337545,0.23274700586895264,0.2525295102755276,0.6366978081642649,9082.454589625906,14.63354218434639,6.363182170711616
avg.none,common,boot8,C38M29,C38,M29,H3K9me3,109595876,0.34917694305244307,0.1944262618773966,0.2699488958845028,0.2738779566227364,0.2877894426375692,0.6695736996321964,9061.584112744566,14.25485171175909,8.138245261106361
avocado.none,common,boot8,C38M29,C38,M29,H3K9me3,109595876,0.4592202832930822,0.06098160886185404,0.1579004011051692,0.39166228629155025,0.393957234909788,1.308675957299465,9090.334231335548,15.636149039591555,14.335928666979887
candi.none,common,boot9,C38M29,C38,M29,H3K9me3,109214135,0.2425599583111738,0.19465140795608224,0.2578593728849456,0.23455570783965343,0.25117635437411906,0.19486527880101637,736.6636667540522,8.562639365025325,0.3523919504917774
candi.tcfloor,common,boot9,C38M29,C38,M29,H3K9me3,109214135,0.23910351829708004,0.2456946468650469,0.2902199172920536,0.22876351614006296,0.2476890206150496,0.19757453806075392,736.4892556959878,7.258759602658955,1.6705703890144668
avg.none,common,boot9,C38M29,C38,M29,H3K9me3,109214135,0.27053546998469713,0.21194266949693935,0.25508599890004846,0.2689260853597792,0.28268067629987764,0.22932518324245296,736.0857162763361,6.9040549981493875,3.2589603349796077
avocado.none,common,boot9,C38M29,C38,M29,H3K9me3,109214135,0.38196989221285516,0.0665955194475038,0.14824458479983882,0.3925556702937303,0.38845085147537883,0.910367740188915,735.2255196519366,8.194810663739684,12.573625731570889
avg.none,full,all23,C39M16,C39,M16,H3K27ac,121240998,180.0834911515145,0.2980166410786226,0.28303836455327575,1108.5712662144679,243.9214378209299,1019.789671360121,365895.7102142921,17489.44104168656,7412.13434498096
avocado.none,full,all23,C39M16,C39,M16,H3K27ac,121240998,189.36013795375374,0.381663369963772,0.22584686426073566,1261.3192418910876,261.13741111076587,1084.2791965059234,390574.59091515036,18899.69990104959,11299.390063083016
avocado005.none,full,all23,C39M16,C39,M16,H3K27ac,121240998,187.9550452671527,0.2194821959178755,0.24109832568792125,1239.4878985488326,258.4091757447233,1078.8835285257617,372296.8420842132,18629.967181416134,7932.5587060395455
avg.none,full,boot0,C39M16,C39,M16,H3K27ac,109250012,173.03817467678334,0.2946721464466135,0.2684294470360702,958.8479370175933,236.20176693700932,883.3378967385585,255871.19163631645,16790.209054165625,7056.362951424457
avocado.none,full,boot0,C39M16,C39,M16,H3K27ac,109250012,181.89861624421258,0.3816484780630421,0.22333361879851663,1107.3413605243593,252.88802304859755,944.8069222329781,273843.8390145548,18155.692233065813,11049.635573313946
avocado005.none,full,boot0,C39M16,C39,M16,H3K27ac,109250012,180.6302879309231,0.21501567161199003,0.22827426770446574,1093.6770582388888,250.2666590905878,934.2063577097402,267489.91088435985,17902.40689322818,7736.931643477923
avg.none,full,boot1,C39M16,C39,M16,H3K27ac,109208595,172.19807207025056,0.29091224618604117,0.29205595822941544,1099.3983504867008,240.44649382096173,1028.7569951264043,390772.4613162711,16704.666032402143,7048.399466715425
avocado.none,full,boot1,C39M16,C39,M16,H3K27ac,109208595,180.67931679407334,0.37204413805871456,0.22869422807528053,1244.7015884987443,256.9354331608445,1092.2007302310426,415740.2058695179,18033.3602814742,10642.666388872058
avocado005.none,full,boot1,C39M16,C39,M16,H3K27ac,109208595,179.3849227676538,0.21783465451549516,0.24951156500304122,1224.6310221420924,254.03437885088124,1088.1184490979663,396453.85291689436,17780.598832571533,7588.439487120304
avg.none,full,boot2,C39M16,C39,M16,H3K27ac,109027451,187.004026180213,0.2983531279488406,0.28344397999109866,1151.9081750606563,253.69518985570016,1024.911174369735,387999.90211082425,18182.29603868811,7768.123833478532
avocado.none,full,boot2,C39M16,C39,M16,H3K27ac,109027451,196.49974193519782,0.37977742443241824,0.22390117577926083,1305.7782776667618,271.35227805522,1089.893028606399,413776.4928041967,19612.74410566174,11548.164731024804
avocado005.none,full,boot2,C39M16,C39,M16,H3K27ac,109027451,195.08901026915262,0.21945705843414645,0.24182880154836772,1284.6029828833466,268.6287242489728,1086.9120208345555,394310.3513847053,19339.71563389092,8395.99354206398
avg.none,full,boot3,C39M16,C39,M16,H3K27ac,109057867,187.34872898487285,0.2989756689282453,0.2858847607927153,1143.920872295528,251.67894114589325,1053.56787301271,379816.225789978,18180.46920244021,7770.964559086461
avocado.none,full,boot3,C39M16,C39,M16,H3K27ac,109057867,197.01355780182482,0.3832550950276584,0.22798590841450248,1297.028879818639,269.3351651844901,1119.448462374891,405351.0846967698,19662.265805130795,11694.42882651602
avocado005.none,full,boot3,C39M16,C39,M16,H3K27ac,109057867,195.5360274225056,0.22121927945874126,0.24395247172946352,1274.633481415867,266.55242797077887,1114.526032605969,386232.7442199437,19378.693851794334,8302.557589594835
avg.none,full,boot4,C39M16,C39,M16,H3K27ac,108648525,174.22423750743357,0.3017270724903161,0.2924211089397232,1104.0189850348345,226.82467503825254,1066.8965647873135,313307.70176525094,16909.508725055253,7018.332394158347
avocado.none,full,boot4,C39M16,C39,M16,H3K27ac,108648525,183.52962591880652,0.38486757293047563,0.22920290994124323,1259.7946073554663,243.69448773016327,1134.4992142816445,339544.0779367996,18317.162030957235,10746.02355359451
avocado005.none,full,boot4,C39M16,C39,M16,H3K27ac,108648525,182.09699617563027,0.22014335962930903,0.2500775681724274,1238.9339686270525,240.7265395428208,1129.0812925407545,319548.8460830955,18045.73034206917,7554.848475612315
avg.none,full,boot5,C39M16,C39,M16,H3K27ac,109056943,181.9706368576951,0.29852411759143793,0.2927577730941338,1147.2121010951764,251.47446240666739,1056.781632113342,394284.28679378453,17676.788687669567,7691.128539518045
avocado.none,full,boot5,C39M16,C39,M16,H3K27ac,109056943,190.92261373557122,0.3898693742989688,0.2295862489596766,1293.081748691564,268.1722032790729,1123.1392412378584,420142.6895716515,19056.300537630665,11677.896684238225
avocado005.none,full,boot5,C39M16,C39,M16,H3K27ac,109056943,189.45432946141918,0.23087834830162243,0.24989321179395632,1255.2129149612622,265.97177471861266,1120.1613976087513,400533.44458118454,18785.910955845342,8218.048604206368
avg.none,full,boot6,C39M16,C39,M16,H3K27ac,109061613,182.00586532637834,0.3000693954769524,0.2918285448259769,1138.9851126960407,245.13948452381229,1007.4166409943153,379648.68779773946,17663.036414000173,7471.333185661658
avocado.none,full,boot6,C39M16,C39,M16,H3K27ac,109061613,191.82484264738397,0.37877603669909193,0.23637276958410025,1297.4416740345196,263.42464121566934,1071.8426254738208,405657.88095800567,19145.268697684933,11244.031291942818
avocado005.none,full,boot6,C39M16,C39,M16,H3K27ac,109061613,190.2778128937366,0.21770844796924857,0.24906494944882393,1277.0725878851335,260.6030229669356,1064.68912059673,386351.932340133,18859.133236500806,8086.474916952936
avg.none,full,boot7,C39M16,C39,M16,H3K27ac,109047925,175.08262254722533,0.3050943757588094,0.264584801873144,1126.1994209583165,239.40547738501132,1029.7720781043465,366199.9997380336,17048.546107629976,7256.318044024166
avocado.none,full,boot7,C39M16,C39,M16,H3K27ac,109047925,184.47494797394666,0.3809534266576575,0.20622562455633725,1279.6290961999207,256.85999330021525,1091.9579039736302,388838.20445552596,18412.00095249492,11211.452769840831
avocado005.none,full,boot7,C39M16,C39,M16,H3K27ac,109047925,183.22149711174964,0.21817131668455353,0.22391911824911076,1262.5481665476998,254.22072671883325,1087.81927820234,369861.9895918339,18159.11006238632,7824.720670664077
avg.none,full,boot8,C39M16,C39,M16,H3K27ac,109595897,187.3374058028753,0.2958121945519599,0.2850364348277374,1149.060808750355,251.36650785957804,1018.133701523213,393936.887284704,18191.556896046153,7654.327611754511
avocado.none,full,boot8,C39M16,C39,M16,H3K27ac,109595897,196.87561747386545,0.37983672626097376,0.22382092546490331,1305.429314934515,268.7964006488432,1082.6778747579358,419389.3728454585,19649.24501034041,11770.992104608566
avocado005.none,full,boot8,C39M16,C39,M16,H3K27ac,109595897,195.45632913099988,0.21682673044439976,0.2425662801905731,1285.2434709667705,266.0314696229792,1078.7648858537927,399640.8393577745,19372.116816092566,8202.408760450164
avg.none,full,boot9,C39M16,C39,M16,H3K27ac,109214154,180.59137010927944,0.2963888417979633,0.2731213318252046,1059.1947068092043,242.56598655484862,1026.8816478538863,384214.9555578206,17544.532369805616,7398.822709531457
avocado.none,full,boot9,C39M16,C39,M16,H3K27ac,109214154,189.84945450758062,0.38591151679210506,0.2290061648228891,1215.8963439402282,259.48698852368636,1090.7999179224762,409784.0914971949,18949.29490924913,11391.951803622098
avocado005.none,full,boot9,C39M16,C39,M16,H3K27ac,109214154,188.36989103440303,0.21828179079626417,0.23114558695079276,1191.5463502624684,256.6214069446966,1082.9287128579406,390160.3364481144,18672.322920910694,7922.82307316069
candi.none,common,all23,C39M16,C39,M16,H3K27ac,121240975,165.48157119181337,0.4072967017516746,0.27004640613186115,1179.122999979861,228.43271940525185,927.9177808134668,360714.2446378532,14705.447051999341,13242.747324547703
candi.tcfloor,common,all23,C39M16,C39,M16,H3K27ac,121240975,162.3232097383514,0.4214239142843169,0.2837616661015218,1083.6075657804563,222.4236533616192,884.8192428564662,363044.730990931,15299.964113657275,12802.029617599073
avg.none,common,all23,C39M16,C39,M16,H3K27ac,121240975,180.08352531422472,0.298016639806248,0.2830379558778088,1108.5712662144679,243.9214378209299,1019.789671360121,365895.7102142921,17489.44104168656,7412.13434498096
avocado.none,common,all23,C39M16,C39,M16,H3K27ac,121240975,189.36017387596374,0.3816633712532178,0.22584642468591407,1261.3192418910876,261.13741111076587,1084.2791965059234,390574.59091515036,18899.69990104959,11299.390063083016
candi.none,common,boot0,C39M16,C39,M16,H3K27ac,109249991,159.3195821089821,0.4046815487941341,0.25625687598147645,1040.346819947757,221.3995593943401,805.2096586129694,244709.47926795995,14164.632350332424,12792.659828533448
candi.tcfloor,common,boot0,C39M16,C39,M16,H3K27ac,109249991,156.1169193086673,0.41874890815095717,0.26965440983396444,942.3198066684084,215.43899836656027,759.7373478877029,248860.87313386664,14715.457873927478,12330.471771825813
avg.none,common,boot0,C39M16,C39,M16,H3K27ac,109249991,173.03820793812858,0.29467214514760626,0.2684290245983194,958.8479370175933,236.20176693700932,883.3378967385585,255871.1916363164,16790.220526817906,7056.369318945055
avocado.none,common,boot0,C39M16,C39,M16,H3K27ac,109249991,181.89865120835105,0.381648479726471,0.2233331719814926,1107.3413605243593,252.88802304859755,944.8069222329781,273843.8390145548,18155.708847526726,11049.635573313946
candi.none,common,boot1,C39M16,C39,M16,H3K27ac,109208574,158.0785010558009,0.40547768779225196,0.28327187152989974,1164.1360765650627,225.14455753068884,932.2963077407016,386533.84071535023,14079.382054722604,12727.66786596904
candi.tcfloor,common,boot1,C39M16,C39,M16,H3K27ac,109208574,155.1002513103275,0.41877805208861524,0.2966967436271791,1074.3487677024932,219.4503153700094,891.8002191482922,388562.23524155695,14630.637652511796,12311.646145921672
avg.none,common,boot1,C39M16,C39,M16,H3K27ac,109208574,172.19810518266456,0.29091224488121,0.29205554899372566,1099.3983504867008,240.44649382096173,1028.7569951264043,390772.4613162711,16704.666032402143,7048.399466715425
avocado.none,common,boot1,C39M16,C39,M16,H3K27ac,109208574,180.6793515370178,0.3720441393677625,0.22869378409857175,1244.7015884987443,256.9354331608445,1092.2007302310426,415740.2058695179,18033.3602814742,10642.666388872058
candi.none,common,boot2,C39M16,C39,M16,H3K27ac,109027430,171.89893161915424,0.4058963614504113,0.2689270892336276,1218.74353708584,237.65529518356067,939.6576845507726,383032.0927756575,15286.085510731824,13773.626873753174
candi.tcfloor,common,boot2,C39M16,C39,M16,H3K27ac,109027430,168.73794174743597,0.420132092986057,0.28293917267449736,1123.9863820474504,231.56550501971472,893.9386333314388,385334.93363282457,15913.784967957088,13339.16807162783
avg.none,common,boot2,C39M16,C39,M16,H3K27ac,109027430,187.00406219944733,0.2983531266728999,0.28344356532750575,1151.9081750606563,253.69518985570016,1024.911174369735,387999.90211082425,18182.29603868811,7768.123833478532
avocado.none,common,boot2,C39M16,C39,M16,H3K27ac,109027430,196.49977978307248,0.379777425429316,0.22390072848775636,1305.7782776667618,271.35227805522,1089.893028606399,413776.4928041967,19612.74410566174,11548.164731024804
candi.none,common,boot3,C39M16,C39,M16,H3K27ac,109057846,172.2877301082957,0.40783243357003934,0.2718633290318159,1216.0147241309319,235.7762043650621,955.2563247474981,374797.6428277597,15251.470949382681,13778.008376396821
candi.tcfloor,common,boot3,C39M16,C39,M16,H3K27ac,109057846,168.84168230400618,0.4222458153334282,0.2858018518322123,1119.421419170834,229.4785473022279,913.2664148430879,377102.09178219433,15884.504051835982,13295.926597395512
avg.none,common,boot3,C39M16,C39,M16,H3K27ac,109057846,187.3487650604369,0.29897566763370215,0.2858843475965505,1143.920872295528,251.67894114589325,1053.56787301271,379816.225789978,18180.46920244021,7770.964559086461
avocado.none,common,boot3,C39M16,C39,M16,H3K27ac,109057846,197.0135957380839,0.3832550963381727,0.22798546351944582,1297.028879818639,269.3351651844901,1119.448462374891,405351.0846967698,19662.265805130795,11694.42882651602
candi.none,common,boot4,C39M16,C39,M16,H3K27ac,108648504,159.37860093417171,0.4139492604835109,0.2795530712266243,1174.8934237682936,211.68918955334857,968.2095890807277,312002.2919924122,14125.337251820432,12654.346273550456
candi.tcfloor,common,boot4,C39M16,C39,M16,H3K27ac,108648504,156.38540066913913,0.4278710017874894,0.29336511361402695,1079.789722329777,205.653344842072,927.5756312861668,313017.1768251396,14719.17152375614,12210.936281510243
avg.none,common,boot4,C39M16,C39,M16,H3K27ac,108648504,174.22427118216314,0.3017270711815004,0.2924206978879757,1104.0189850348345,226.82467503825254,1066.8965647873135,313307.70176525094,16909.508725055253,7018.332394158347
avocado.none,common,boot4,C39M16,C39,M16,H3K27ac,108648504,183.52966139187475,0.38486757411768413,0.22920246406426106,1259.7946073554663,243.69448773016327,1134.4992142816445,339544.0779367996,18317.162030957235,10746.02355359451
candi.none,common,boot5,C39M16,C39,M16,H3K27ac,109056922,167.5811915472411,0.4056627837046707,0.27766488839073084,1215.0001221438445,235.6335069021315,966.7945623170637,389467.9221291997,14879.09568228795,13449.92075348208
candi.tcfloor,common,boot5,C39M16,C39,M16,H3K27ac,109056922,164.21748971516718,0.4201859458272333,0.2916240511817163,1119.8117130522407,229.48013927023058,920.2006974991649,391729.54424524383,15473.162814848189,13008.846707877476
avg.none,common,boot5,C39M16,C39,M16,H3K27ac,109056922,181.97067189795942,0.2985241163235184,0.2927573638561149,1147.2121010951764,251.47446240666739,1056.781632113342,394284.28679378453,17676.788687669567,7691.128539518045
avocado.none,common,boot5,C39M16,C39,M16,H3K27ac,109056922,190.9226504993016,0.3898693754997025,0.22958580508156096,1293.081748691564,268.1722032790729,1123.1392412378584,420142.6895716515,19056.300537630665,11677.896684238225
candi.none,common,boot6,C39M16,C39,M16,H3K27ac,109061592,167.3658370474588,0.40876239210363385,0.2785089314705398,1210.1084443709606,230.00586967063427,922.5432779745254,374984.1285740229,14815.435255438988,13365.35931953954
candi.tcfloor,common,boot6,C39M16,C39,M16,H3K27ac,109061592,163.93313374395717,0.423285340857188,0.2920435920706603,1112.675891688788,223.42621543713886,874.8630196281068,377168.76276939025,15422.678740740466,12905.745855571042
avg.none,common,boot6,C39M16,C39,M16,H3K27ac,109061592,182.00590037192555,0.3000693941831728,0.2918281350404266,1138.9851126960407,245.13948452381229,1007.4166409943153,379648.68779773946,17663.05252485162,7471.339937244894
avocado.none,common,boot6,C39M16,C39,M16,H3K27ac,109061592,191.8248795832633,0.37877603787201475,0.2363723296305766,1297.4416740345196,263.42464121566934,1071.8426254738208,405657.88095800567,19145.28616600043,11244.041599518403
candi.none,common,boot7,C39M16,C39,M16,H3K27ac,109047905,161.43832179176474,0.40680971313390635,0.2543581516736212,1197.3910733042562,225.05267979613663,938.5485092271942,359957.2980913676,14362.31133332381,12903.985626237622
candi.tcfloor,common,boot7,C39M16,C39,M16,H3K27ac,109047905,158.25485489891574,0.4211218559533307,0.2676227033146315,1101.5620111140274,219.0723608381701,896.9484739498726,362588.0876443911,14928.53470020462,12454.439510038555
avg.none,common,boot7,C39M16,C39,M16,H3K27ac,109047905,175.08265465836448,0.30509437455422483,0.26458439665112854,1126.1994209583165,239.40547738501132,1029.7720781043465,366199.9997380336,17048.546107629976,7256.318044024166
avocado.none,common,boot7,C39M16,C39,M16,H3K27ac,109047905,184.47498180745418,0.380953428033084,0.2062251879352319,1279.6290961999207,256.85999330021525,1091.9579039736302,388838.20445552596,18412.00095249492,11211.452769840831
candi.none,common,boot8,C39M16,C39,M16,H3K27ac,109595876,172.2179239283344,0.4054268883209202,0.26839298523501126,1219.9919316109267,235.3412583820219,925.8460323421407,388718.84394439345,15306.416519933575,13715.955525812793
candi.tcfloor,common,boot8,C39M16,C39,M16,H3K27ac,109595876,169.01176781883757,0.4194205416220797,0.2824002999635465,1122.2344303759633,229.32374957175537,883.5436684257052,391094.64121499803,15932.004939236569,13270.561774095488
avg.none,common,boot8,C39M16,C39,M16,H3K27ac,109595876,187.3374416991669,0.2958121932517584,0.28503602328350824,1149.060808750355,251.36650785957804,1018.133701523213,393936.887284704,18191.556896046153,7654.327611754511
avocado.none,common,boot8,C39M16,C39,M16,H3K27ac,109595876,196.87565519744965,0.37983672762116866,0.22382048052717782,1305.429314934515,268.7964006488432,1082.6778747579358,419389.3728454585,19649.24501034041,11770.992104608566
candi.none,common,boot9,C39M16,C39,M16,H3K27ac,109214135,165.21579476359747,0.40866523210760236,0.2611043911680529,1127.627509795452,226.2245438754505,923.4823790282983,379461.7443595948,14780.10268692046,13233.304935523436
candi.tcfloor,common,boot9,C39M16,C39,M16,H3K27ac,109214135,162.5992718522092,0.42258131015921957,0.2748616685858272,1033.121717884122,220.94895795755977,884.9796190802139,381681.61945682345,15376.409241219968,12836.036933638094
avg.none,common,boot9,C39M16,C39,M16,H3K27ac,109214135,180.5914015267881,0.2963888406236993,0.2731209519571587,1059.1947068092043,242.56598655484862,1026.8816478538863,384214.9555578206,17544.532369805616,7398.822709531457
avocado.none,common,boot9,C39M16,C39,M16,H3K27ac,109214135,189.84948753536466,0.3859115181811717,0.22900576348471027,1215.8963439402282,259.48698852368636,1090.7999179224762,409784.0914971949,18949.29490924913,11391.951803622098
avg.none,full,all23,C39M17,C39,M17,H3K27me3,121240998,0.5567252747066039,0.11737456093777852,0.2787286648419797,1.8764781091412508,0.6439100660820873,2.0997866530523583,58.944932265927754,8.12515452109425,27.124360114109304
avocado.none,full,all23,C39M17,C39,M17,H3K27me3,121240998,0.31207576149691574,0.11892180645343103,0.2319938175455106,0.5245745289008585,0.3207912201972956,0.6867685568303292,40.10617430329628,8.7849711665153,5.002403683123505
avocado005.none,full,all23,C39M17,C39,M17,H3K27me3,121240998,0.29800309056195534,0.061011346089893226,0.0358941360475495,0.388517515678495,0.297568124480128,0.4045082709180616,36.65747931830022,9.29463963946971,2.582698094942958
avg.none,full,boot0,C39M17,C39,M17,H3K27me3,109250012,0.551626482990795,0.10807349718733313,0.26099680035815415,1.8933666085366914,0.6381662705874168,2.1027715421456716,63.10885076912444,8.019440880569897,26.96957881051705
avocado.none,full,boot0,C39M17,C39,M17,H3K27me3,109250012,0.3048197525151609,0.107554998938151,0.2139823821743098,0.5039650553262612,0.3129290745096112,0.5583480451027674,43.12704570878313,8.59571494484234,4.4576252654265724
avocado005.none,full,boot0,C39M17,C39,M17,H3K27me3,109250012,0.29456386023144293,0.057051552056019465,0.037021632544661134,0.38576955604771507,0.29306742308055206,0.3869531139507993,40.32221261926613,9.034548590373717,2.595485149998265
avg.none,full,boot1,C39M17,C39,M17,H3K27me3,109208595,0.5429569646137097,0.11967089385475076,0.28550310726611605,1.8434269723998093,0.6297146922054584,2.1038016773415107,63.28386600567772,7.9141151951896065,26.333620139518686
avocado.none,full,boot1,C39M17,C39,M17,H3K27me3,109208595,0.30768041715978767,0.1242337635638394,0.2410703894237144,0.5394665019650173,0.3197630175421886,0.7123854548918571,44.921060583947295,8.5406325557905,5.198699026430311
avocado005.none,full,boot1,C39M17,C39,M17,H3K27me3,109208595,0.29189618748669677,0.060364789497357935,0.03230916222381709,0.3853150984092807,0.2933777353637774,0.4016284936739252,41.05231770306765,9.091892412115847,2.5730868354239935
avg.none,full,boot2,C39M17,C39,M17,H3K27me3,109027451,0.5737523968096887,0.11922111094538786,0.28058293729239314,1.9269091638245897,0.6639944121848619,2.1743095338983434,62.51539303591594,8.257991174704834,28.2002139909362
avocado.none,full,boot2,C39M17,C39,M17,H3K27me3,109027451,0.31616290457532686,0.12219465116558911,0.23290826308452772,0.5320199571554199,0.32551030943809717,0.683396207335106,43.43679469816517,8.950263703244376,5.027759081420441
avocado005.none,full,boot2,C39M17,C39,M17,H3K27me3,109027451,0.3028039576284806,0.06345062979452522,0.038201632354015594,0.39574819262007077,0.3027961570279021,0.4143714927480878,39.768201770740944,9.473266597629731,2.6854893146770022
avg.none,full,boot3,C39M17,C39,M17,H3K27me3,109057867,0.5707139519143902,0.12003287665762728,0.2830617580009494,1.893949016841169,0.6573380920859857,2.0692651303698253,62.882822515779544,8.217724977510388,27.85537697257575
avocado.none,full,boot3,C39M17,C39,M17,H3K27me3,109057867,0.3163965808076372,0.12200783482908133,0.23838439545393147,0.5320611348697053,0.3240171871759826,0.6888581456831098,43.59466054701966,8.964642553920788,5.153216889036371
avocado005.none,full,boot3,C39M17,C39,M17,H3K27me3,109057867,0.30220403378520394,0.06390829567519758,0.03988347332077527,0.3934402910707536,0.3004305996474444,0.4121542762213367,40.20125568236446,9.452379708472007,2.705316340869677
avg.none,full,boot4,C39M17,C39,M17,H3K27me3,108648525,0.5536109648148768,0.12123629155470003,0.28839526894917983,1.8398441514660993,0.6388842486874331,2.1241278232114453,63.32258675354324,8.087855336775824,26.91092256854422
avocado.none,full,boot4,C39M17,C39,M17,H3K27me3,108648525,0.3120499715522313,0.1189865234176821,0.23838420637576407,0.5322779921528716,0.3203803679138977,0.7161090631832675,44.03162771880984,8.813978647669527,5.207283333663344
avocado005.none,full,boot4,C39M17,C39,M17,H3K27me3,108648525,0.2960736758983935,0.06340877427183657,0.0342155007431759,0.37083986825081894,0.29421625694335024,0.4035981717860635,39.979178883926274,9.277973037870337,2.527786324595445
avg.none,full,boot5,C39M17,C39,M17,H3K27me3,109056943,0.5527727060688362,0.1225263562539479,0.2907467847309709,1.856852429148021,0.6485725320895755,2.0947062549240343,62.147442471465126,8.225014790496509,26.679525976378315
avocado.none,full,boot5,C39M17,C39,M17,H3K27me3,109056943,0.3187139059161945,0.1218717948248852,0.23893398620223485,0.547673522037647,0.3294694903550558,0.7367249977999607,44.241283877844225,8.929448481349537,5.303338044582597
avocado005.none,full,boot5,C39M17,C39,M17,H3K27me3,109056943,0.30141425152415985,0.0626714222487844,0.03393758681719814,0.39408581481464977,0.30213689959155016,0.4205965335258335,40.39815031465308,9.464568172512811,2.59761676448705
avg.none,full,boot6,C39M17,C39,M17,H3K27me3,109061613,0.5517401385567913,0.12120038068478631,0.28673620556464746,1.8249023449349406,0.6391764940854915,2.0757605461910744,62.26792048038732,8.103217039145425,26.89705896898059
avocado.none,full,boot6,C39M17,C39,M17,H3K27me3,109061613,0.30674809576360207,0.12359122537417826,0.23804240653924327,0.4964640901801387,0.3162855753644315,0.6889866440411329,43.501565173650526,8.788239223060074,4.710003251534909
avocado005.none,full,boot6,C39M17,C39,M17,H3K27me3,109061613,0.2956662021574017,0.06241035048719083,0.03329599250503965,0.39005979456625783,0.29640685263493943,0.411787509796853,40.178448352637275,9.301206465077303,2.610374975926387
avg.none,full,boot7,C39M17,C39,M17,H3K27me3,109047925,0.5487340559285879,0.10952167896971275,0.25672592068982575,1.8746153391771572,0.6340100664880373,2.0657052906320037,61.920276552854816,7.91552531041296,26.75317912962154
avocado.none,full,boot7,C39M17,C39,M17,H3K27me3,109047925,0.30743732771635934,0.11402498671281777,0.21965996950935276,0.5211808384712044,0.31467415323794357,0.6907143919284442,44.94816307932657,8.415979946732895,5.05883877715607
avocado005.none,full,boot7,C39M17,C39,M17,H3K27me3,109047925,0.29144740963332594,0.05772167816563163,0.0401152163136411,0.3800546796254707,0.29054322749497313,0.383348516706617,41.199664952623905,8.92668507988694,2.54831316333702
avg.none,full,boot8,C39M17,C39,M17,H3K27me3,109595897,0.5745372894760081,0.11826109838295318,0.28601109277779646,1.9370062489746194,0.6567871942737508,2.1147989619103025,63.1388416321917,8.298697052215584,28.223829065350838
avocado.none,full,boot8,C39M17,C39,M17,H3K27me3,109595897,0.32193650839795646,0.11636454084224217,0.2290015377421515,0.5435153917238547,0.32839417711958957,0.7048770329335785,43.495974611934415,9.011718856499797,5.260576333400785
avocado005.none,full,boot8,C39M17,C39,M17,H3K27me3,109595897,0.30618380964101855,0.06080979618227035,0.03442601683860239,0.40003904636827115,0.3038941414833733,0.4121050278550426,39.80985497780741,9.510489119346992,2.7094200290113903
avg.none,full,boot9,C39M17,C39,M17,H3K27me3,109214154,0.5467546910945901,0.1134969371400744,0.2675605355620453,1.8727116689706558,0.6319255669611871,2.0719415640705265,24.65193252796224,7.947083652003807,26.368390155024596
avocado.none,full,boot9,C39M17,C39,M17,H3K27me3,109214154,0.30878793321870057,0.11811499829955589,0.22946561571173635,0.4957208901755767,0.31630669475126016,0.6867589974820655,5.623292332340853,8.54860929315597,4.639448939509886
avocado005.none,full,boot9,C39M17,C39,M17,H3K27me3,109214154,0.29774563583229546,0.057910423338772436,0.03548056611929442,0.38933840966687194,0.29864350871210776,0.3977093948732713,3.5084023042770474,9.110999134906454,2.337583773334506
candi.none,common,all23,C39M17,C39,M17,H3K27me3,121240975,0.2542371162523208,0.17855281784664062,0.2571286310770188,0.300055612529112,0.25538548384282067,0.31459362676116237,36.56335298311319,9.110862645527966,0.3227117357364673
candi.tcfloor,common,all23,C39M17,C39,M17,H3K27me3,121240975,0.29334495338669514,0.1572471844638602,0.29933272785677884,0.53701845430221,0.3091146801839603,0.5793366844417989,39.77953021006591,8.16423970786947,5.013974383655102
avg.none,common,all23,C39M17,C39,M17,H3K27me3,121240975,0.5567253803200842,0.11737449422647028,0.27872825343356283,1.8764781091412508,0.6439100660820873,2.0997866530523583,58.944932265927754,8.12515452109425,27.124360114109304
avocado.none,common,all23,C39M17,C39,M17,H3K27me3,121240975,0.31207581997707284,0.1189217036037259,0.23199339066952543,0.5245745289008585,0.3207912201972956,0.6867685568303292,40.10617430329628,8.7849711665153,5.002403683123505
candi.none,common,boot0,C39M17,C39,M17,H3K27me3,109249991,0.2510103576198602,0.16908119667664695,0.2407901710847759,0.293105478255612,0.251259397891176,0.306411932031916,40.26265548264668,8.813088245996772,0.31228617791069835
candi.tcfloor,common,boot0,C39M17,C39,M17,H3K27me3,109249991,0.29142964125357385,0.14570899480994262,0.2807390875279072,0.5386807538149344,0.30630311356365103,0.5780956566198062,43.52200479821499,7.973859328426048,4.991337156499797
avg.none,common,boot0,C39M17,C39,M17,H3K27me3,109249991,0.5516265890242695,0.10807342831579911,0.26099637332141146,1.8933666085366914,0.6381662705874168,2.1027715421456716,63.10885076912444,8.019440880569897,26.969601277418707
avocado.none,common,boot0,C39M17,C39,M17,H3K27me3,109249991,0.3048198103163467,0.1075548886857633,0.21398193991489248,0.5039650553262612,0.3129290745096112,0.5583480451027674,43.12704570878313,8.59571494484234,4.4576281350961615
candi.none,common,boot1,C39M17,C39,M17,H3K27me3,109208574,0.24903574289888217,0.1811854099066813,0.26348729232470913,0.2971346767766344,0.2520227020046195,0.31060839732138684,41.024978675013365,8.898876355884129,0.3169541398537583
candi.tcfloor,common,boot1,C39M17,C39,M17,H3K27me3,109208574,0.28724919226261236,0.16074650662338846,0.3057464894643298,0.5305404486370979,0.3045638083200646,0.5800401073452771,44.1826446249853,7.97175247252415,4.902851082047248
avg.none,common,boot1,C39M17,C39,M17,H3K27me3,109208574,0.5429570690203129,0.11967082647608508,0.2855026939923717,1.8434269723998093,0.6297146922054584,2.1038016773415107,63.28386600567772,7.9141151951896065,26.333620139518686
avocado.none,common,boot1,C39M17,C39,M17,H3K27me3,109208574,0.30768047557440403,0.12423366077442943,0.24106996220724705,0.5394665019650173,0.3197630175421886,0.7123854548918571,44.921060583947295,8.5406325557905,5.198699026430311
candi.none,common,boot2,C39M17,C39,M17,H3K27me3,109027430,0.25847775051155414,0.17835828938016385,0.2583926868403304,0.3043155320314845,0.2595446872248564,0.3207752288221135,39.684000435491,9.310331419841958,0.32630550838004496
candi.tcfloor,common,boot2,C39M17,C39,M17,H3K27me3,109027430,0.2988769597707971,0.15825242857455685,0.3013143842333315,0.5463329313767111,0.31496116711547906,0.5946503818204429,42.91835357043118,8.31037797595274,5.191509751460768
avg.none,common,boot2,C39M17,C39,M17,H3K27me3,109027430,0.5737525073213309,0.11922104406738937,0.28058252067415046,1.9269091638245897,0.6639944121848619,2.1743095338983434,62.51539303591594,8.257991174704834,28.2002139909362
avocado.none,common,boot2,C39M17,C39,M17,H3K27me3,109027430,0.316162964734284,0.12219454704540196,0.23290783068972185,0.5320199571554199,0.32551030943809717,0.683396207335106,43.43679469816517,8.950263703244376,5.027759081420441
candi.none,common,boot3,C39M17,C39,M17,H3K27me3,109057846,0.2580922354472076,0.17852837404611696,0.2598943268749883,0.3032706362962258,0.2577553013900711,0.3195780605865861,40.13671039134505,9.293898987486065,0.32248398648741095
candi.tcfloor,common,boot3,C39M17,C39,M17,H3K27me3,109057846,0.2981828783147831,0.15910184222927187,0.30343019179295255,0.540989628381769,0.3126686193270662,0.5761277964500455,43.36513390457803,8.29248260773021,5.138138219749005
avg.none,common,boot3,C39M17,C39,M17,H3K27me3,109057846,0.5707140618101331,0.12003280923638412,0.2830613428884776,1.893949016841169,0.6573380920859857,2.0692651303698253,62.882822515779544,8.217724977510388,27.85537697257575
avocado.none,common,boot3,C39M17,C39,M17,H3K27me3,109057846,0.3163966411038152,0.12200773075461138,0.23838396310452586,0.5320611348697053,0.3240171871759826,0.6888581456831098,43.59466054701966,8.964642553920788,5.153216889036371
candi.none,common,boot4,C39M17,C39,M17,H3K27me3,108648504,0.25312686891366404,0.18341112049015454,0.2665322119626076,0.29691148917953775,0.25370778190965965,0.317127666433511,39.9392162906628,9.112226038864668,0.3185079869705173
candi.tcfloor,common,boot4,C39M17,C39,M17,H3K27me3,108648504,0.2915009548452284,0.16267892006107804,0.3095773986389178,0.5281576674469615,0.30652655419544833,0.584355481778121,43.64000740072229,8.14237251745053,4.957102531084055
avg.none,common,boot4,C39M17,C39,M17,H3K27me3,108648504,0.5536110718189297,0.12123622427039123,0.28839485527114156,1.8398441514660993,0.6388842486874331,2.1241278232114453,63.32258675354324,8.087855336775824,26.91092256854422
avocado.none,common,boot4,C39M17,C39,M17,H3K27me3,108648504,0.3120500312522475,0.1189864205459093,0.23838377231493735,0.5322779921528716,0.3203803679138977,0.7161090631832675,44.03162771880984,8.813978647669527,5.207283333663344
candi.none,common,boot5,C39M17,C39,M17,H3K27me3,109056922,0.2574455643395136,0.18549294944536213,0.2696431820780551,0.30651132315861757,0.25967837496456425,0.32658907416237015,40.40706048853181,9.296640132083436,0.33187584745897314
candi.tcfloor,common,boot5,C39M17,C39,M17,H3K27me3,109056922,0.2943401713134961,0.16472574582191607,0.31244428278634667,0.5358951656375062,0.31248721396664386,0.582877190333911,43.45743743551943,8.311288528566303,4.944938249120861
avg.none,common,boot5,C39M17,C39,M17,H3K27me3,109056922,0.552772812510744,0.12252628935078103,0.29074637403243336,1.856852429148021,0.6485725320895755,2.0947062549240343,62.147442471465126,8.225014790496509,26.679525976378315
avocado.none,common,boot5,C39M17,C39,M17,H3K27me3,109056922,0.31871396660244633,0.12187169668807682,0.23893355860998552,0.547673522037647,0.3294694903550558,0.7367249977999607,44.241283877844225,8.929448481349537,5.303338044582597
candi.none,common,boot6,C39M17,C39,M17,H3K27me3,109061592,0.2522560753926439,0.18204654015977337,0.2652636986731571,0.3018597647084888,0.25518078827418667,0.31907501720573483,40.180209542786756,9.131976631457794,0.3200869030669145
candi.tcfloor,common,boot6,C39M17,C39,M17,H3K27me3,109061592,0.290557733875893,0.16229524551834484,0.3080017015888754,0.5287932096293287,0.3076481278818753,0.5760806246587729,43.29765263382916,8.157160610658764,4.986522031317108
avg.none,common,boot6,C39M17,C39,M17,H3K27me3,109061592,0.5517402447953185,0.12120031377079962,0.28673579251913917,1.8249023449349406,0.6391764940854915,2.0757605461910744,62.26792048038732,8.103217039145425,26.897100021070077
avocado.none,common,boot6,C39M17,C39,M17,H3K27me3,109061592,0.30674815413774725,0.12359112106444167,0.238041976845029,0.4964640901801387,0.3162855753644315,0.6889866440411329,43.501565173650526,8.788239223060074,4.710009311465971
candi.none,common,boot7,C39M17,C39,M17,H3K27me3,109047905,0.2483188511291453,0.16752975614930088,0.23559714474476812,0.2907672830399351,0.24831500966130388,0.29760197783595765,41.49501889582694,8.70454879006512,0.31758722099301956
candi.tcfloor,common,boot7,C39M17,C39,M17,H3K27me3,109047905,0.2887525255457749,0.14620041028677713,0.2759774445867275,0.5317786693455561,0.3031537352332182,0.5638181579557713,44.377848404515426,7.86083742028838,4.929472196816099
avg.none,common,boot7,C39M17,C39,M17,H3K27me3,109047905,0.5487341565695045,0.10952161284996793,0.2567255108792892,1.8746153391771572,0.6340100664880373,2.0657052906320037,61.920276552854816,7.91552531041296,26.75317912962154
avocado.none,common,boot7,C39M17,C39,M17,H3K27me3,109047905,0.30743738330915393,0.11402488552955999,0.21965954883537142,0.5211808384712044,0.31467415323794357,0.6907143919284442,44.94816307932657,8.415979946732895,5.05883877715607
candi.none,common,boot8,C39M17,C39,M17,H3K27me3,109595876,0.2606023527323247,0.18314280833548757,0.26382219839197324,0.30665595332405565,0.26026737855092913,0.3197871291613179,39.71977737041796,9.345837113122341,0.33067705505521583
candi.tcfloor,common,boot8,C39M17,C39,M17,H3K27me3,109595876,0.30060753602789064,0.15913647799892502,0.30689391881281136,0.5499783359925147,0.3144610897133851,0.5845708677878709,43.05975344990007,8.356287558124649,5.202883551828489
avg.none,common,boot8,C39M17,C39,M17,H3K27me3,109595876,0.5745373995648502,0.11826103177184193,0.2860106815314263,1.9370062489746194,0.6567871942737508,2.1147989619103025,63.1388416321917,8.298697052215584,28.223829065350838
avocado.none,common,boot8,C39M17,C39,M17,H3K27me3,109595876,0.32193656930087444,0.1163644371640671,0.2290011065943748,0.5435153917238547,0.32839417711958957,0.7048770329335785,43.495974611934415,9.011718856499797,5.260576333400785
candi.none,common,boot9,C39M17,C39,M17,H3K27me3,109214135,0.25398376921579036,0.17599296265782036,0.24736688185844305,0.2995362642195977,0.25601634218692954,0.30781576888466455,2.632808040182991,8.885648566210486,0.32876668129200987
candi.tcfloor,common,boot9,C39M17,C39,M17,H3K27me3,109214135,0.291924253649138,0.1529255334394997,0.2882690629669014,0.5387837248961849,0.30820421230652906,0.5724063221649309,5.8262438537850505,7.991243078163805,4.8907251946852215
avg.none,common,boot9,C39M17,C39,M17,H3K27me3,109214135,0.5467547862135883,0.11349687440941539,0.2675601525692787,1.8727116689706558,0.6319255669611871,2.0719415640705265,24.65193252796224,7.947083652003807,26.368390155024596
avocado.none,common,boot9,C39M17,C39,M17,H3K27me3,109214135,0.3087879861934029,0.11811490067405737,0.22946522433513383,0.4957208901755767,0.31630669475126016,0.6867589974820655,5.623292332340854,8.54860929315597,4.639448939509886
avg.none,full,all23,C39M18,C39,M18,H3K36me3,121240998,0.5705339430412516,0.43123700554119015,0.3430386466730979,0.7488247444466255,0.9076543198600876,0.4766242656630633,442.05378290993445,17.155292154240268,15.264557648671992
avocado.none,full,all23,C39M18,C39,M18,H3K36me3,121240998,0.5482015711082147,0.3579144514653968,0.29565433733697627,0.7450376249506007,0.8599281608961676,0.481159844194897,444.5242980722865,21.420720370528702,10.970172624222398
avocado005.none,full,all23,C39M18,C39,M18,H3K36me3,121240998,0.5749795093040735,0.35246893341951835,0.3139132102379539,0.788757353598618,0.880060722755755,0.5029662192832743,443.65074496040523,21.456009413053046,11.350686955367244
avg.none,full,boot0,C39M18,C39,M18,H3K36me3,109250012,0.5519147984855485,0.42981537890075183,0.3293469887887229,0.7573540551280908,0.8899955374894258,0.47874621877013446,40.436699562291636,16.197439575958782,14.954934005584231
avocado.none,full,boot0,C39M18,C39,M18,H3K36me3,109250012,0.5339383354480598,0.3590620713601915,0.28089267294132836,0.7608910247806594,0.8492836514163874,0.4865449896160696,43.31335022481805,20.12219883091036,10.918906381267481
avocado005.none,full,boot0,C39M18,C39,M18,H3K36me3,109250012,0.5596685886056852,0.34996115196097366,0.30087372103483956,0.8038313866651162,0.8689569975793224,0.5041312228794184,42.02706907742269,20.377031834007983,11.172747541126702
avg.none,full,boot1,C39M18,C39,M18,H3K36me3,109208595,0.5464282765313606,0.4242526223283872,0.344501372645724,0.7372365003532703,0.8696089579403464,0.46752570612420513,499.3173606619722,16.49797863646014,14.671328142167045
avocado.none,full,boot1,C39M18,C39,M18,H3K36me3,109208595,0.5178030238455242,0.3546675304583758,0.2964075099612391,0.7246394580057377,0.8074710580119359,0.46528485943155373,501.89325855890223,20.401453047431442,10.022870478555731
avocado005.none,full,boot1,C39M18,C39,M18,H3K36me3,109208595,0.5510590241840867,0.3466090577708612,0.3165627282363665,0.7871580761949926,0.8408691914779473,0.49629031992404593,501.1406855198328,20.46994996910952,10.936799092377564
avg.none,full,boot2,C39M18,C39,M18,H3K36me3,109027451,0.5800103860369297,0.4328161734743615,0.3443269359294816,0.7514490049710832,0.9273014901913502,0.4803919063730566,482.8866963394623,17.66786323878376,15.499572753167122
avocado.none,full,boot2,C39M18,C39,M18,H3K36me3,109027451,0.5596789196258876,0.355318457767471,0.29319060123229546,0.7479786680475453,0.8833982449183304,0.485689789255181,485.6604784469526,22.25032266327893,11.272539154450666
avocado005.none,full,boot2,C39M18,C39,M18,H3K36me3,109027451,0.584875217556467,0.35327943729464845,0.31450625494981,0.794427222239131,0.9003611018725963,0.5068578022513879,484.663245533983,22.12207222899838,11.481113193809003
avg.none,full,boot3,C39M18,C39,M18,H3K36me3,109057867,0.5897579363400506,0.43441967340303184,0.3488003715146007,0.7662312879878237,0.9288471302332263,0.48502380314722326,470.6380715225915,17.593413352902644,15.934976410830307
avocado.none,full,boot3,C39M18,C39,M18,H3K36me3,109057867,0.5523181522286269,0.36541736641950306,0.29979633672754485,0.7582762292333878,0.8570868041907171,0.4839317386676423,473.25563349446844,22.245086086000757,10.439762360787363
avocado005.none,full,boot3,C39M18,C39,M18,H3K36me3,109057867,0.5884955165282398,0.3558714084986985,0.31831409234660013,0.8019574046211667,0.8927138075754553,0.5097842174496009,472.3239423071594,22.118961212329612,11.683196820934633
avg.none,full,boot4,C39M18,C39,M18,H3K36me3,108648525,0.5661928650605447,0.4316081572116617,0.35023687209206844,0.7381945394470633,0.90006829647204,0.4698371707073751,521.1500546239313,16.874601390169847,15.148778794002595
avocado.none,full,boot4,C39M18,C39,M18,H3K36me3,108648525,0.5463757008991393,0.36023411080963275,0.30056661469870743,0.7293574823184036,0.8567464873599325,0.47985942291316575,522.3668718542887,20.85732121444832,11.425001227360783
avocado005.none,full,boot4,C39M18,C39,M18,H3K36me3,108648525,0.567725192479262,0.35320128209244483,0.32075716694085343,0.7725974361932402,0.8663516783956108,0.49804213004728387,521.9759102475292,21.10758623710363,11.124292914541961
avg.none,full,boot5,C39M18,C39,M18,H3K36me3,109056943,0.580752015607375,0.4348288890966001,0.353124760306488,0.7639744052069948,0.9252416302112036,0.486115754438257,480.96012771907704,17.62285058461635,15.55920732181808
avocado.none,full,boot5,C39M18,C39,M18,H3K36me3,109056943,0.5609462499652236,0.3660279825061427,0.3075350459712277,0.7647962829019586,0.8831221379290941,0.4988703074481051,483.58867780477846,21.65840494483851,11.624836930556468
avocado005.none,full,boot5,C39M18,C39,M18,H3K36me3,109056943,0.5832174666568386,0.35637820331347014,0.32344466614615425,0.8061360814597209,0.8951257307271181,0.5149124792581131,482.66157821056703,22.102901860038706,11.378673063795102
avg.none,full,boot6,C39M18,C39,M18,H3K36me3,109061613,0.5801862489160156,0.4343292269383357,0.35175447278378763,0.7763224066204943,0.9314769080317508,0.4868558026664565,478.6161395995458,17.59827806202621,15.555909115144603
avocado.none,full,boot6,C39M18,C39,M18,H3K36me3,109061613,0.556789707353694,0.35708352735898896,0.30821427797735995,0.7721781857273329,0.8816901264814734,0.4849066540344943,481.3325393740086,22.203251474182483,11.124141607154199
avocado005.none,full,boot6,C39M18,C39,M18,H3K36me3,109061613,0.5824624173248795,0.35571274491363486,0.3222655380165485,0.8197717843466276,0.8997252676430393,0.5140522180914242,480.3655387928001,22.061348133402028,11.519244505110192
avg.none,full,boot7,C39M18,C39,M18,H3K36me3,109047925,0.5680873399144224,0.4250474933849906,0.3262697612778656,0.7124159273618101,0.8938449599115323,0.4598568556380951,505.5159805289386,17.051452648436417,15.277018071169842
avocado.none,full,boot7,C39M18,C39,M18,H3K36me3,109047925,0.5488195715163977,0.3486287264418325,0.27620899178290254,0.6996169255509787,0.8506245116389095,0.4609562777574955,507.6170462240438,21.199993194001564,11.14123756480908
avocado005.none,full,boot7,C39M18,C39,M18,H3K36me3,109047925,0.5710206920844154,0.3474922995410101,0.2980814809999673,0.7164530518679354,0.8620561460468165,0.46974650902370135,505.6829875690614,21.133632083895915,11.321307160316733
avg.none,full,boot8,C39M18,C39,M18,H3K36me3,109595897,0.5883557747210875,0.4326473068992276,0.3468782708947514,0.7727311140827017,0.9256328872626233,0.48677088362926907,469.6343121048343,17.76810835931895,15.494815784887505
avocado.none,full,boot8,C39M18,C39,M18,H3K36me3,109595897,0.5724877533627503,0.3557611019092593,0.29596309976074237,0.7752189528584591,0.8896469382150036,0.4939493845532247,472.35542659390023,22.207424003909612,11.563822168263842
avocado005.none,full,boot8,C39M18,C39,M18,H3K36me3,109595897,0.5927809098069663,0.3540378838750959,0.31831231233382,0.8148400449955558,0.8999234406439043,0.5132270458809184,471.41205497397806,22.282779660471398,11.52097778454851
avg.none,full,boot9,C39M18,C39,M18,H3K36me3,109214154,0.5536420746836294,0.4318338218815672,0.3342158935234924,0.7096745119127245,0.8836599135471448,0.46413912346192476,472.2421682374972,16.641856752615972,14.504792469172918
avocado.none,full,boot9,C39M18,C39,M18,H3K36me3,109214154,0.5328238802361317,0.3574688772495504,0.29753951156006375,0.7150606635128487,0.8394640140262977,0.4708310967430747,474.5919121261909,20.99256417224582,10.120426740673867
avocado005.none,full,boot9,C39M18,C39,M18,H3K36me3,109214154,0.5684466269720706,0.35135321069123004,0.3051424220510039,0.7687291822055736,0.8737481395590748,0.5018000009662872,475.0181918007657,20.755086287425794,11.105129229273151
candi.none,common,all23,C39M18,C39,M18,H3K36me3,121240975,0.5695893096347712,0.20378348627692713,0.2840035797275826,0.8638831923391769,0.8534268840736063,0.5257612312101235,447.6964669115884,27.633600009678975,2.1923333734744017
candi.tcfloor,common,all23,C39M18,C39,M18,H3K36me3,121240975,0.5448943324957908,0.4395458593330321,0.3611609265719205,0.7279446115041246,0.8548219397941679,0.48907646847311714,441.83530534846415,17.002639189484064,12.713475514117775
avg.none,common,all23,C39M18,C39,M18,H3K36me3,121240975,0.5705340512743031,0.43123697257858556,0.3430382716318781,0.7488247444466255,0.9076543198600876,0.4766242656630633,442.05378290993445,17.155292154240268,15.264557648671992
avocado.none,common,all23,C39M18,C39,M18,H3K36me3,121240975,0.548201674652048,0.35791440941928243,0.29565393629193387,0.7450376249506007,0.8599281608961676,0.481159844194897,444.5242980722865,21.420720370528702,10.970172624222398
candi.none,common,boot0,C39M18,C39,M18,H3K36me3,109249991,0.5532979230389219,0.2022892707660909,0.2736178177855495,0.8812643053522712,0.8412630401416898,0.5301726752105138,46.72091695243347,26.375273968184697,2.229294450662313
candi.tcfloor,common,boot0,C39M18,C39,M18,H3K36me3,109249991,0.5274975654264539,0.43806589981788724,0.34888716405512654,0.737013392965478,0.8394081662289505,0.4910826524330083,40.22157289808719,16.034874201596875,12.508075569051513
avg.none,common,boot0,C39M18,C39,M18,H3K36me3,109249991,0.5519149045744429,0.42981534467167726,0.32934660093916396,0.7573540551280908,0.8899955374894258,0.47874621877013446,40.436699562291636,16.19745000924413,14.954945839986191
avocado.none,common,boot0,C39M18,C39,M18,H3K36me3,109249991,0.5339384375830433,0.3590620279828149,0.28089225808403817,0.7608910247806594,0.8492836514163874,0.4865449896160696,43.31335022481805,20.122214322847828,10.91891636996171
candi.none,common,boot1,C39M18,C39,M18,H3K36me3,109208574,0.5425696430836877,0.2067121144211142,0.29146162506236906,0.8570127246873437,0.8068118892472949,0.5159819585901257,505.3609048892227,26.1428359025492,2.2204555376626955
candi.tcfloor,common,boot1,C39M18,C39,M18,H3K36me3,109208574,0.5220311325119018,0.43373999975412525,0.3640401647400767,0.7177262297939752,0.8184787325958648,0.47937862062759395,499.1692415428797,16.319480095189252,12.218339455864387
avg.none,common,boot1,C39M18,C39,M18,H3K36me3,109208574,0.5464283816054715,0.42425258825834933,0.3445009931223737,0.7372365003532703,0.8696089579403464,0.46752570612420513,499.3173606619722,16.49797863646014,14.671328142167045
avocado.none,common,boot1,C39M18,C39,M18,H3K36me3,109208574,0.5178031229452384,0.3546674861549501,0.29640710360781697,0.7246394580057377,0.8074710580119359,0.46528485943155373,501.89325855890223,20.401453047431442,10.022870478555731
candi.none,common,boot2,C39M18,C39,M18,H3K36me3,109027430,0.5811072726712511,0.20236986076159372,0.283568129610979,0.8704044585524914,0.8761076385651554,0.5319401793667394,488.9996053382562,28.450307653118525,2.2434828617302793
candi.tcfloor,common,boot2,C39M18,C39,M18,H3K36me3,109027430,0.5542722021728317,0.44072299383489777,0.3621412949977625,0.7315920384444338,0.8738460431634006,0.4936558917111085,482.69337599406225,17.524759162412465,12.927976712158582
avg.none,common,boot2,C39M18,C39,M18,H3K36me3,109027430,0.5800104977539362,0.4328161405309006,0.3443265559085288,0.7514490049710832,0.9273014901913502,0.4803919063730566,482.8866963394623,17.66786323878376,15.499572753167122
avocado.none,common,boot2,C39M18,C39,M18,H3K36me3,109027430,0.5596790269361318,0.3553184158367815,0.2931901927684731,0.7479786680475453,0.8833982449183304,0.485689789255181,485.6604784469526,22.25032266327893,11.272539154450666
candi.none,common,boot3,C39M18,C39,M18,H3K36me3,109057846,0.5836500731381111,0.20344926082002593,0.28565861277139604,0.881621671469302,0.866405461947639,0.5359613278555028,476.58227705279245,28.5767276651781,2.222723779057021
candi.tcfloor,common,boot3,C39M18,C39,M18,H3K36me3,109057846,0.5627824341224094,0.4422063810046299,0.36553651182179864,0.7451170921014245,0.8739522191014885,0.49841745486491396,470.42269695544127,17.45797347918516,13.235033615572599
avg.none,common,boot3,C39M18,C39,M18,H3K36me3,109057846,0.5897580499028717,0.4344196407061315,0.34879999412817003,0.7662312879878237,0.9288471302332263,0.48502380314722326,470.6380715225915,17.593413352902644,15.934976410830307
avocado.none,common,boot3,C39M18,C39,M18,H3K36me3,109057846,0.5523182581001421,0.3654173243637798,0.29979593201382365,0.7582762292333878,0.8570868041907171,0.4839317386676423,473.25563349446844,22.245086086000757,10.439762360787363
candi.none,common,boot4,C39M18,C39,M18,H3K36me3,108648504,0.5628574445012441,0.20490521136283393,0.29166410877864807,0.8493913113798506,0.8397437885555278,0.5248343821419214,525.3027882227035,27.190853379910035,1.9029139436917
candi.tcfloor,common,boot4,C39M18,C39,M18,H3K36me3,108648504,0.5409771498455955,0.43996596156237155,0.3684070000180489,0.7169070784200863,0.8476945809727073,0.4845977925054412,520.884265540971,16.712041432508453,12.582953378524884
avg.none,common,boot4,C39M18,C39,M18,H3K36me3,108648504,0.5661929744964753,0.4316081238917694,0.35023649402064655,0.7381945394470633,0.90006829647204,0.4698371707073751,521.1500546239313,16.874601390169847,15.148778794002595
avocado.none,common,boot4,C39M18,C39,M18,H3K36me3,108648504,0.5463758061964862,0.3602340698973167,0.3005662089420192,0.7293574823184036,0.8567464873599325,0.47985942291316575,522.3668718542887,20.85732121444832,11.425001227360783
candi.none,common,boot5,C39M18,C39,M18,H3K36me3,109056922,0.580859721055092,0.20631546995886213,0.2927644893956411,0.8898403606556684,0.8738009249648678,0.5441408975213488,487.00239240514225,28.43400305144938,2.2301592745323178
candi.tcfloor,common,boot5,C39M18,C39,M18,H3K36me3,109056922,0.5546234894800448,0.44310654143211,0.37061925504826887,0.7438256715674149,0.8717403081312132,0.5002901920002095,480.7701229228339,17.48011422939335,12.965577355813949
avg.none,common,boot5,C39M18,C39,M18,H3K36me3,109056922,0.5807521274369783,0.43482885641668617,0.35312438540617996,0.7639744052069948,0.9252416302112036,0.486115754438257,480.96012771907704,17.62285058461635,15.55920732181808
avocado.none,common,boot5,C39M18,C39,M18,H3K36me3,109056922,0.5609463575684613,0.3660279419252292,0.3075346456099522,0.7647962829019586,0.8831221379290941,0.4988703074481051,483.58867780477846,21.65840494483851,11.624836930556468
candi.none,common,boot6,C39M18,C39,M18,H3K36me3,109061592,0.5787010120765911,0.2069049933378174,0.2925026273391377,0.9004936292576569,0.8754725445931233,0.5388897594802426,484.65862506792024,28.402173790240848,2.240120030009929
candi.tcfloor,common,boot6,C39M18,C39,M18,H3K36me3,109061592,0.5538165732905506,0.4427495746118922,0.369698101794659,0.754450051078747,0.8768016816881073,0.49926415598922297,478.4194761112775,17.459091931738897,12.951904824563988
avg.none,common,boot6,C39M18,C39,M18,H3K36me3,109061592,0.580186360631891,0.4343291942334273,0.35175409705975685,0.7763224066204943,0.9314769080317508,0.4868558026664565,478.6161395995458,17.59828784135924,15.555909115144603
avocado.none,common,boot6,C39M18,C39,M18,H3K36me3,109061592,0.5567898141316294,0.3570834851610423,0.30821387819569096,0.7721781857273329,0.8816901264814734,0.4849066540344943,481.3325393740086,22.203264510367,11.124141607154199
candi.none,common,boot7,C39M18,C39,M18,H3K36me3,109047905,0.5618927331945333,0.20016248625038116,0.2704826214416301,0.7713476695592737,0.8299880108596183,0.4813445261355208,509.3367389628148,27.15322503062544,2.204684124964796
candi.tcfloor,common,boot7,C39M18,C39,M18,H3K36me3,109047905,0.5421942757845154,0.4331516371164532,0.34607408735124334,0.6880105721628493,0.8406408358274674,0.46874612847022,505.14062473489975,16.870938168825546,12.697091647040233
avg.none,common,boot7,C39M18,C39,M18,H3K36me3,109047905,0.5680874441048404,0.425047460817753,0.32626938951103,0.7124159273618101,0.8938449599115323,0.4598568556380951,505.5159805289386,17.051452648436417,15.277018071169842
avocado.none,common,boot7,C39M18,C39,M18,H3K36me3,109047905,0.548819671677752,0.3486286844155845,0.27620859334562187,0.6996169255509787,0.8506245116389095,0.4609562777574955,507.6170462240438,21.199993194001564,11.14123756480908
candi.none,common,boot8,C39M18,C39,M18,H3K36me3,109595876,0.5889110418636355,0.20154099965390965,0.2816403851661135,0.8906116797169686,0.8760741266745709,0.535199987029415,475.63635984046124,28.67544399218424,2.2457692803774054
candi.tcfloor,common,boot8,C39M18,C39,M18,H3K36me3,109595876,0.5618019847767365,0.44064251830790424,0.36222232029137363,0.7512129201355464,0.8720305161520511,0.4988107411350408,469.4507770743768,17.639009676569877,12.903456688352957
avg.none,common,boot8,C39M18,C39,M18,H3K36me3,109595876,0.5883558874577315,0.43264727352045507,0.3468778944365003,0.7727311140827017,0.9256328872626233,0.48677088362926907,469.6343121048343,17.76810835931895,15.494815784887505
avocado.none,common,boot8,C39M18,C39,M18,H3K36me3,109595876,0.5724878625707619,0.35576105925333057,0.29596269506187034,0.7752189528584591,0.8896469382150036,0.4939493845532247,472.35542659390023,22.207424003909612,11.563822168263842
candi.none,common,boot9,C39M18,C39,M18,H3K36me3,109214135,0.5620048508381165,0.2027802815089428,0.27551373222762,0.8447655323448133,0.8477582243008354,0.5181555503991226,478.0218362363435,26.85365646952832,2.17231043658462
candi.tcfloor,common,boot9,C39M18,C39,M18,H3K36me3,109214135,0.5289356669896259,0.4403882151124609,0.35301512423461867,0.6910388278937327,0.832824271165214,0.47550142663327694,472.0305775783179,16.488739485336648,12.105490097944125
avg.none,common,boot9,C39M18,C39,M18,H3K36me3,109214135,0.553642171000827,0.4318337907347486,0.33421554513693924,0.7096745119127245,0.8836599135471448,0.46413912346192476,472.2421682374972,16.641856752615972,14.504792469172918
avocado.none,common,boot9,C39M18,C39,M18,H3K36me3,109214135,0.5328239724839539,0.3574688366787265,0.2975391447555783,0.7150606635128487,0.8394640140262977,0.4708310967430747,474.5919121261909,20.99256417224582,10.120426740673867
avg.none,full,all23,C39M20,C39,M20,H3K4me1,121240998,1.073055102318434,0.20691704332774105,0.2789528724285239,2.672615666560899,1.382799888727378,5.839294998197334,29.722480115984023,39.75045393891613,32.47921749848325
avocado.none,full,all23,C39M20,C39,M20,H3K4me1,121240998,0.8157005987719628,0.21888688284064894,0.23166437779829352,1.4928019084410382,1.0052308346955054,3.3877075220124766,27.62634006844782,42.26520296654339,15.964898302141691
avocado005.none,full,all23,C39M20,C39,M20,H3K4me1,121240998,4.829528301552496,0.15559705658304793,0.24738089081573858,12.57943471120578,5.7913038664369845,63.57030587921381,116.21190573649706,81.4632054025039,332.40178645445184
avg.none,full,boot0,C39M20,C39,M20,H3K4me1,109250012,1.0361693095899418,0.20103647271013067,0.26504585988790724,2.546188364756745,1.334948432890018,5.482565756806802,25.58455998535675,38.48558293250437,31.051139315748884
avocado.none,full,boot0,C39M20,C39,M20,H3K4me1,109250012,0.7924264432611928,0.21637666076232412,0.22353721348492003,1.438061619433967,0.9749920013069353,3.1569356109075732,23.49448384373845,40.59916455160871,15.786566255827422
avocado005.none,full,boot0,C39M20,C39,M20,H3K4me1,109250012,4.678742058319569,0.15396174020346168,0.23649171661578555,12.000251831803267,5.6040461301669175,61.59124086880171,115.78262050409704,80.32976802299987,314.27669753271414
avg.none,full,boot1,C39M20,C39,M20,H3K4me1,109208595,1.040369484851968,0.20858755620452823,0.28591804141722554,2.6202271841067932,1.3608557714975624,5.675766433047981,31.74740902031974,38.61246693604661,31.47637705775955
avocado.none,full,boot1,C39M20,C39,M20,H3K4me1,109208595,0.7964831850243167,0.2244627659867421,0.23633109875975283,1.4759972703371405,0.994553780974872,3.3652027186597806,29.014461835006216,40.65751148586461,16.126710703862766
avocado005.none,full,boot1,C39M20,C39,M20,H3K4me1,109208595,4.681817640340891,0.15606642221047173,0.25302776867710547,13.163566957176537,5.784039104880879,58.42668687286065,127.63850011960929,75.35459880107211,316.12123473864904
avg.none,full,boot2,C39M20,C39,M20,H3K4me1,109027451,1.0878077596510975,0.2078822016000612,0.2801428800527095,2.6952049048185787,1.4079806434598214,5.892982724180676,30.958526571790305,40.56855009397342,32.978219011956334
avocado.none,full,boot2,C39M20,C39,M20,H3K4me1,109027451,0.8305532850148571,0.2167859278598648,0.22899000980709752,1.5080914554641298,1.0279954954540158,3.4194940041792212,28.836252430120126,43.32585862331693,16.230238694370243
avocado005.none,full,boot2,C39M20,C39,M20,H3K4me1,109027451,4.8461491901203715,0.15603426869830916,0.24818901929867435,12.515080943063762,5.8040642765183055,64.3813361186984,120.3494620729579,83.7533277104827,334.46084440496674
avg.none,full,boot3,C39M20,C39,M20,H3K4me1,109057867,1.1143786855273803,0.2096275720111176,0.28260332550310513,2.7539627905348723,1.4239047826593312,6.01523212145383,31.122756766403192,40.85910299588875,34.09306568291919
avocado.none,full,boot3,C39M20,C39,M20,H3K4me1,109057867,0.8429248251878564,0.2208320225854064,0.24247902288229997,1.5464788325402092,1.031322087744262,3.5102727677802594,28.976606120300804,43.506719813329234,16.81841862750781
avocado005.none,full,boot3,C39M20,C39,M20,H3K4me1,109057867,5.0112887172206495,0.15619932257650135,0.25058372870768697,13.11360558489269,5.902960727621388,66.91781856996442,122.36730277557824,83.64244094167306,348.51672740169903
avg.none,full,boot4,C39M20,C39,M20,H3K4me1,108648525,1.0724528354220173,0.20898836799345738,0.2874307767664087,2.7204991915855428,1.3811913709954136,5.9839111493948245,25.2857305727687,39.136328302667465,33.0086050852623
avocado.none,full,boot4,C39M20,C39,M20,H3K4me1,108648525,0.8180302872631028,0.22052191249911846,0.23446434454406095,1.544754768460334,1.0033633578107641,3.5163911181188476,23.567961940111058,41.56637047349278,16.585471689503866
avocado005.none,full,boot4,C39M20,C39,M20,H3K4me1,108648525,4.850993309262935,0.1555024131810747,0.2542108831786355,12.798854036926084,5.836558446898141,66.71976616187585,80.75763992359265,81.85998680135778,331.03618512670954
avg.none,full,boot5,C39M20,C39,M20,H3K4me1,109056943,1.0807353915073026,0.20961217313375147,0.28852507588498455,2.7229022953226427,1.4002460203493388,6.014268117866996,31.290636968545037,40.30578274796238,32.906593329895955
avocado.none,full,boot5,C39M20,C39,M20,H3K4me1,109056943,0.8281968553796988,0.22242391086402785,0.23805204101342667,1.5665492079116092,1.0264168136510285,3.603785878392652,29.095711579014626,42.63977117139493,16.76094468016724
avocado005.none,full,boot5,C39M20,C39,M20,H3K4me1,109056943,4.821739773313718,0.15670417488186061,0.25466733450384677,13.142046398540005,5.814279253196493,66.00382704737511,121.45791499600608,83.31300528377898,326.7639605503132
avg.none,full,boot6,C39M20,C39,M20,H3K4me1,109061613,1.0883932355976944,0.21040192719804462,0.28762230404506,2.7257431533085597,1.4120460411116447,5.908666683195599,31.02598371153014,40.551138397990364,32.98037563070662
avocado.none,full,boot6,C39M20,C39,M20,H3K4me1,109061613,0.7981805696512719,0.2245262385322089,0.24077094315493616,1.4046327318353786,0.9943961297509035,3.1241826699619177,28.843636085334115,43.5955022039191,13.593376871509316
avocado005.none,full,boot6,C39M20,C39,M20,H3K4me1,109061613,4.904475881621244,0.15578088498791548,0.25372212155073515,13.02981577429204,5.920293537532337,67.28566583067979,122.35452756074585,83.16961768084683,340.6879537483713
avg.none,full,boot7,C39M20,C39,M20,H3K4me1,109047925,1.0568924898630583,0.20297518297022732,0.26122782527144217,2.6657233263196782,1.3594939288537762,5.880425516980133,30.68243806913051,38.335653059975876,32.626290124449405
avocado.none,full,boot7,C39M20,C39,M20,H3K4me1,109047925,0.7967953999706489,0.21013957514374731,0.21060390753809155,1.4325257716647708,0.9775125066478207,3.339830105254343,28.479088028020207,40.95044504471126,15.53814825770539
avocado005.none,full,boot7,C39M20,C39,M20,H3K4me1,109047925,4.664886542957223,0.1553761522576705,0.2325627391318432,11.763736376994611,5.526127096483529,55.13245238703971,116.66985644602036,77.26237585128172,310.78395295375975
avg.none,full,boot8,C39M20,C39,M20,H3K4me1,109595897,1.1028001899070325,0.2069243832949377,0.27984403251940576,2.6954971720819003,1.4053472202429937,5.845936802790955,30.424778965860856,40.799901458359784,32.9969511821331
avocado.none,full,boot8,C39M20,C39,M20,H3K4me1,109595897,0.8452415818363641,0.21757567898608673,0.22558165189752977,1.5523642320305933,1.0317012846309654,3.4751493540402327,28.570039227675558,43.38541864129768,16.797557632441137
avocado005.none,full,boot8,C39M20,C39,M20,H3K4me1,109595897,4.996479821918073,0.15508588850455254,0.2493161758388912,13.275956993190453,5.964534266362473,61.262172046277996,115.06994968833705,84.79899467652167,344.13709798775807
avg.none,full,boot9,C39M20,C39,M20,H3K4me1,109214154,1.0505472319690536,0.20262819255318348,0.2702961411595744,2.5690482520503974,1.3410573879787102,5.681567377988817,28.795851687973208,39.8076491492008,30.605735112261083
avocado.none,full,boot9,C39M20,C39,M20,H3K4me1,109214154,0.808118119812256,0.2169213582994558,0.2361922407778592,1.4535517487453997,0.9892165607878393,3.3592103511792604,27.041839485875105,42.40570216482383,15.449998416033635
avocado005.none,full,boot9,C39M20,C39,M20,H3K4me1,109214154,4.838411074220748,0.15512258669264098,0.24031453672452882,10.905646553117728,5.754420433776354,67.87623021730724,117.69704984819641,81.93481979916169,330.10355057088157
candi.none,common,all23,C39M20,C39,M20,H3K4me1,121240975,0.621409002094493,0.4436793114848154,0.3382743351122522,0.9897519492795844,0.7544682409799681,2.0250138742921346,23.7703720111916,34.06841362312815,16.668553447819143
candi.tcfloor,common,all23,C39M20,C39,M20,H3K4me1,121240975,0.6930519280821816,0.43227377560063546,0.3415336947412843,1.545142338113028,0.8543961149350868,2.550641674674877,21.894763980055593,27.713602241648644,16.32933794793115
avg.none,common,all23,C39M20,C39,M20,H3K4me1,121240975,1.0730553058821826,0.2069170068340368,0.2789524607737335,2.672615666560899,1.382799888727378,5.839294998197334,29.722480115984023,39.75045393891613,32.47921749848325
avocado.none,common,all23,C39M20,C39,M20,H3K4me1,121240975,0.8157007530898559,0.21888684189155824,0.23166394637065313,1.4928019084410382,1.0052308346955054,3.3877075220124766,27.62634006844782,42.26520296654339,15.964898302141691
candi.none,common,boot0,C39M20,C39,M20,H3K4me1,109249991,0.605586943857999,0.4374461156128977,0.3272869244510479,0.9561385599243453,0.7340352238824566,1.860469924900917,19.6130740726229,32.80625083579606,16.105861596930175
candi.tcfloor,common,boot0,C39M20,C39,M20,H3K4me1,109249991,0.6761229096794011,0.42615894000923527,0.3301403791116572,1.501259281845848,0.8326889521763172,2.3944745690078237,17.82316622636741,26.783522174429926,15.958099575371355
avg.none,common,boot0,C39M20,C39,M20,H3K4me1,109249991,1.036169508762091,0.2010364345870413,0.26504543482479087,2.546188364756745,1.334948432890018,5.482565756806802,25.58455998535675,38.48560832079444,31.051143210933073
avocado.none,common,boot0,C39M20,C39,M20,H3K4me1,109249991,0.7924265951205757,0.21637661830002564,0.22353677112975948,1.438061619433967,0.9749920013069353,3.1569356109075732,23.49448384373845,40.59919257713501,15.786576518587044
candi.none,common,boot1,C39M20,C39,M20,H3K4me1,109208574,0.603745849473199,0.4452537304238251,0.3483866734317917,0.9845081102497263,0.7442564034631929,1.9658000735815613,25.76953099544618,33.08376356452615,16.313590263292422
candi.tcfloor,common,boot1,C39M20,C39,M20,H3K4me1,109208574,0.6718327286378994,0.4343013494158928,0.3512640872433029,1.5174119804787551,0.8393488573387456,2.47864668903674,23.909288921947216,26.913565541262074,16.114596468673685
avg.none,common,boot1,C39M20,C39,M20,H3K4me1,109208574,1.0403696849073152,0.2085875193192166,0.28591762794211084,2.6202271841067932,1.3608557714975624,5.675766433047981,31.74740902031974,38.61246693604661,31.47637705775955
avocado.none,common,boot1,C39M20,C39,M20,H3K4me1,109208574,0.7964833378308429,0.22446272419728208,0.2363306607015308,1.4759972703371405,0.994553780974872,3.3652027186597806,29.014461835006216,40.65751148586461,16.126710703862766
candi.none,common,boot2,C39M20,C39,M20,H3K4me1,109027430,0.6319293895311004,0.4428027446870119,0.3389717338834577,0.9925482722304454,0.7696770312071619,2.034579576843168,24.831678257972207,34.7409576737757,17.09782841023881
candi.tcfloor,common,boot2,C39M20,C39,M20,H3K4me1,109027430,0.7057962376903217,0.431803927643225,0.3424060045771808,1.5547998280825093,0.8732937330908066,2.574171310106125,22.899094736956197,28.260731370819332,16.7309424623519
avg.none,common,boot2,C39M20,C39,M20,H3K4me1,109027430,1.087807969176012,0.20788216497833467,0.28014246280437866,2.6952049048185787,1.4079806434598214,5.892982724180676,30.958526571790305,40.56855009397342,32.978219011956334
avocado.none,common,boot2,C39M20,C39,M20,H3K4me1,109027430,0.8305534445400735,0.21678588691509956,0.22898957104831918,1.5080914554641298,1.0279954954540158,3.4194940041792212,28.836252430120126,43.32585862331693,16.230238694370243
candi.none,common,boot3,C39M20,C39,M20,H3K4me1,109057846,0.6367367204957687,0.4459451528954331,0.34083280008222266,1.0100362735386847,0.7679061437999993,2.083788086830273,24.95613253222502,35.15086271569087,17.27202991208371
candi.tcfloor,common,boot3,C39M20,C39,M20,H3K4me1,109057846,0.7129019771906581,0.4345743720524302,0.3442360313329377,1.5781285446990863,0.8723836731081728,2.6165564956342204,22.988223034149506,28.509726756650824,16.84504707485214
avg.none,common,boot3,C39M20,C39,M20,H3K4me1,109057846,1.1143789001103126,0.20962753571434456,0.2826029097193565,2.7539627905348723,1.4239047826593312,6.01523212145383,31.122756766403192,40.85910299588875,34.09306568291919
avocado.none,common,boot3,C39M20,C39,M20,H3K4me1,109057846,0.842924987060236,0.22083198210386534,0.242478592061567,1.5464788325402092,1.031322087744262,3.5102727677802594,28.976606120300804,43.506719813329234,16.81841862750781
candi.none,common,boot4,C39M20,C39,M20,H3K4me1,108648504,0.6109921386365752,0.4522221109144414,0.3473057948401446,0.9811351327142602,0.7371178017241824,2.044326268077367,19.962651079489234,33.53945544996083,16.038445711001767
candi.tcfloor,common,boot4,C39M20,C39,M20,H3K4me1,108648504,0.6816086957297713,0.4387871451416464,0.35044969957241656,1.5364873528055016,0.837926535073289,2.5804670146083732,18.24922951527539,27.16759651436461,15.42513729389897
avg.none,common,boot4,C39M20,C39,M20,H3K4me1,108648504,1.072453042709819,0.20898833132497577,0.28743036211557493,2.7204991915855428,1.3811913709954136,5.9839111493948245,25.2857305727687,39.136328302667465,33.0086050852623
avocado.none,common,boot4,C39M20,C39,M20,H3K4me1,108648504,0.818030444952121,0.22052187234645776,0.23446390765654504,1.544754768460334,1.0033633578107641,3.5163911181188476,23.567961940111058,41.56637047349278,16.585471689503866
candi.none,common,boot5,C39M20,C39,M20,H3K4me1,109056922,0.6281068981010463,0.44405664637629766,0.34515026038670543,1.0087695014786422,0.7665315367154822,2.1201741143767694,25.110223850294368,34.59947212794475,17.04631344773965
candi.tcfloor,common,boot5,C39M20,C39,M20,H3K4me1,109056922,0.7008731400944991,0.4331968365739983,0.3487572252870727,1.5666262037203311,0.8687017036362769,2.645793256828303,23.16710053224142,28.123728360019104,16.67542248631233
avg.none,common,boot5,C39M20,C39,M20,H3K4me1,109056922,1.0807355996137007,0.2096121368072705,0.28852466351692985,2.7229022953226427,1.4002460203493388,6.014268117866996,31.290636968545037,40.30578274796238,32.906593329895955
avocado.none,common,boot5,C39M20,C39,M20,H3K4me1,109056922,0.8281970144711677,0.22242387047827009,0.2380516052455271,1.5665492079116092,1.0264168136510285,3.603785878392652,29.095711579014626,42.63977117139493,16.76094468016724
candi.none,common,boot6,C39M20,C39,M20,H3K4me1,109061592,0.630874888531615,0.44532289877148834,0.34636269685586485,1.0090587455843707,0.7729856536327752,2.059620858953325,24.995267994413787,34.817192433305564,17.12474966399543
candi.tcfloor,common,boot6,C39M20,C39,M20,H3K4me1,109061592,0.7040550228862633,0.4346096319547458,0.349656401309425,1.5740141861561758,0.8754772372568507,2.589449537289103,23.048098275836782,28.281773014096576,16.75148292642868
avg.none,common,boot6,C39M20,C39,M20,H3K4me1,109061592,1.0883934451697126,0.21040189093954956,0.28762189111606196,2.7257431533085597,1.4120460411116447,5.908666683195599,31.02598371153014,40.55121702039303,32.98037563070662
avocado.none,common,boot6,C39M20,C39,M20,H3K4me1,109061592,0.7981807229091162,0.22452619654619102,0.24077051154206697,1.4046327318353786,0.9943961297509035,3.1241826699619177,28.843636085334115,43.59558634803956,13.593387633733572
candi.none,common,boot7,C39M20,C39,M20,H3K4me1,109047905,0.6048007378436768,0.439004380500367,0.32376701477742825,0.959351129796283,0.7303875717950974,1.9894270897325528,24.536541496773495,32.90812178833776,16.116445986523818
candi.tcfloor,common,boot7,C39M20,C39,M20,H3K4me1,109047905,0.6759939657964301,0.4269941840739156,0.32664791531156917,1.5180119815427187,0.8296963947605104,2.5159936201392257,22.709248784947906,26.816284948307647,15.989188426500672
avg.none,common,boot7,C39M20,C39,M20,H3K4me1,109047905,1.056892683703094,0.20297514705943256,0.2612274175861517,2.6657233263196782,1.3594939288537762,5.880425516980133,30.68243806913051,38.335653059975876,32.626290124449405
avocado.none,common,boot7,C39M20,C39,M20,H3K4me1,109047905,0.7967955456558642,0.21013953408730557,0.21060347976702945,1.4325257716647708,0.9775125066478207,3.339830105254343,28.479088028020207,40.95044504471126,15.53814825770539
candi.none,common,boot8,C39M20,C39,M20,H3K4me1,109595876,0.6407079318049658,0.441229727364384,0.33454363414860655,1.009790737471257,0.7706704380418915,2.0544907131205137,24.645509815945992,35.11785594054417,17.034937558328792
candi.tcfloor,common,boot8,C39M20,C39,M20,H3K4me1,109595876,0.714364223087166,0.43041056514382425,0.338025045249457,1.5729466118029454,0.8718796849501886,2.570232573804586,22.73072377045636,28.572405493437557,16.649766655097988
avg.none,common,boot8,C39M20,C39,M20,H3K4me1,109595876,1.10280040121794,0.20692434605790025,0.2798436173999012,2.6954971720819003,1.4053472202429937,5.845936802790955,30.424778965860856,40.799901458359784,32.9969511821331
avocado.none,common,boot8,C39M20,C39,M20,H3K4me1,109595876,0.8452417433473762,0.21757563727422208,0.22558121293595831,1.5523642320305933,1.0317012846309654,3.4751493540402327,28.570039227675558,43.38541864129768,16.797557632441137
candi.none,common,boot9,C39M20,C39,M20,H3K4me1,109214135,0.6205289150183648,0.44326380919143077,0.3290529909808526,0.9840177517511073,0.7506677210334491,2.0331771133883394,23.037797002615964,33.91039570966456,16.487134542274696
candi.tcfloor,common,boot9,C39M20,C39,M20,H3K4me1,109214135,0.6868919547415429,0.4315639703121397,0.3327178221067859,1.5278307062158607,0.8419933477085036,2.5359095621539165,21.20155726377259,27.70214513412264,16.08472216402419
avg.none,common,boot9,C39M20,C39,M20,H3K4me1,109214135,1.0505474147329183,0.20262815789078853,0.27029575930489497,2.5690482520503974,1.3410573879787102,5.681567377988817,28.795851687973208,39.8076491492008,30.605735112261083
avocado.none,common,boot9,C39M20,C39,M20,H3K4me1,109214135,0.8081182599994329,0.21692131952632948,0.23619184774118654,1.4535517487453997,0.9892165607878393,3.3592103511792604,27.041839485875105,42.40570216482383,15.449998416033635
avg.none,full,all23,C39M22,C39,M22,H3K4me3,121240998,830.6955685033021,0.7907953392294209,0.2018869402589604,9086.715150885917,1498.3571989441575,2812.3261891044563,9376500.912232682,82928.6290907855,81120.93250433575
avocado.none,full,all23,C39M22,C39,M22,H3K4me3,121240998,999.0964085035564,0.6494778399404133,0.18477171662157849,11102.32123850632,1799.2935397666565,3409.724647602573,9476742.869938552,99884.99653810158,97859.13602880824
avocado005.none,full,all23,C39M22,C39,M22,H3K4me3,121240998,1082.8470190533455,0.5939989952854486,0.14767786560906107,12088.281930059447,1950.7060270131221,3713.0508956443323,9699239.455258746,108214.60227534619,96921.61801946044
avg.none,full,boot0,C39M22,C39,M22,H3K4me3,109250012,823.8730304721196,0.7849702825654327,0.1917566451104952,9032.57413217543,1494.802618783138,2840.4051191055173,10016998.74713975,82250.26295765741,80587.56168737607
avocado.none,full,boot0,C39M22,C39,M22,H3K4me3,109250012,979.6549303994844,0.6538828981114442,0.17488607245359078,10918.824607860519,1774.0846619475672,3404.555705905233,10117126.850121044,97941.70228015588,96070.73275285817
avocado005.none,full,boot0,C39M22,C39,M22,H3K4me3,109250012,1069.235080886517,0.5881291404642824,0.13961909475537046,11997.641873816368,1935.6397969944887,3735.5676677710157,10354769.981401231,106854.04916293443,94561.92787623638
avg.none,full,boot1,C39M22,C39,M22,H3K4me3,109208595,786.6785686775478,0.7851259702909036,0.20743071355211917,8586.824280662113,1442.1663718201557,2692.322399359901,10053617.618406318,78535.5326350485,76925.87475848716
avocado.none,full,boot1,C39M22,C39,M22,H3K4me3,109208595,944.2452868302137,0.6395473340971158,0.19176784547858078,10517.434856733113,1724.417161387955,3277.327902227399,10154588.779468354,94401.28645464097,92590.82979741349
avocado005.none,full,boot1,C39M22,C39,M22,H3K4me3,109208595,1024.3195391470133,0.5864536015223161,0.15237785618236932,11466.024353012415,1872.2225156525703,3564.135110760712,10391846.70062259,102363.80617346901,91825.38494199372
avg.none,full,boot2,C39M22,C39,M22,H3K4me3,109027451,869.6789477698186,0.7862739818077786,0.20215780786744608,9327.013955110639,1580.0495949897393,2895.8135885448905,9735348.769645762,86824.0502804097,84856.69613908461
avocado.none,full,boot2,C39M22,C39,M22,H3K4me3,109027451,1050.3196798516128,0.6994745589705232,0.18292847181116914,11456.495430040322,1903.325020412995,3533.3036066200934,9838190.449388668,105010.27668732748,102871.71125468232
avocado005.none,full,boot2,C39M22,C39,M22,H3K4me3,109027451,1126.6104249954349,0.5906931960455268,0.1479171847916415,12334.650879097771,2043.552019534626,3806.326589979093,10067478.951584768,112589.91699989191,99868.31200846535
avg.none,full,boot3,C39M22,C39,M22,H3K4me3,109057867,875.0406945424165,0.7868522311322623,0.2045121312227319,9077.734236570286,1559.2723768870285,2758.234719002473,10016903.292102996,87351.61998705291,85292.87206189052
avocado.none,full,boot3,C39M22,C39,M22,H3K4me3,109057867,1048.3094197180924,0.6462492678064647,0.19050911468978182,11043.649683762571,1865.858000672895,3322.5810408245816,10118821.363216626,104802.80967274017,102484.02320149528
avocado005.none,full,boot3,C39M22,C39,M22,H3K4me3,109057867,1137.5089089304768,0.5949336935274366,0.14984716478462767,12051.842295451623,2024.5844852065022,3626.2538558354436,10354384.381032048,113678.05552170589,101286.09405932702
avg.none,full,boot4,C39M22,C39,M22,H3K4me3,108648525,719.1869408006942,0.824804017286845,0.20909667761455797,8293.522015105738,1265.7687178711367,2708.302458445052,408411.34820815123,71777.24414411765,70024.00944071019
avocado.none,full,boot4,C39M22,C39,M22,H3K4me3,108648525,891.8467285271481,0.6554753489168215,0.19191904818161204,10339.78184624169,1577.0242771056671,3319.5447725619124,483464.04144496523,89160.53107544102,87169.4243927655
avocado005.none,full,boot4,C39M22,C39,M22,H3K4me3,108648525,968.0387164056893,0.6147975129762937,0.15367460042129613,11235.922646458352,1714.5884105887533,3606.0490641252813,511242.780851017,96734.10280243892,84243.92484243128
avg.none,full,boot5,C39M22,C39,M22,H3K4me3,109056943,864.0261737009829,0.7885209024737792,0.20891584603366808,9313.952648344737,1566.0573818319222,2967.0000082696984,9968164.706492886,86263.53124318641,84407.99371309853
avocado.none,full,boot5,C39M22,C39,M22,H3K4me3,109056943,1029.7916889145552,0.6478458512416813,0.18835992705990107,11268.747155726027,1864.40375823113,3560.8421496163505,10070157.33512666,102953.53979429488,100926.94334588958
avocado005.none,full,boot5,C39M22,C39,M22,H3K4me3,109056943,1119.9387642242336,0.5946627805763438,0.15282166426756055,12318.517038910875,2027.6107350685666,3895.038958699966,10306468.351141678,111924.48232585448,98144.0593843636
avg.none,full,boot6,C39M22,C39,M22,H3K4me3,109061613,859.7842420276206,0.786997784119668,0.2088198791870972,9312.023213126662,1559.217608375513,2870.517212138193,10022192.058288688,85834.61447453001,83918.909269676
avocado.none,full,boot6,C39M22,C39,M22,H3K4me3,109061613,1035.6463171712478,0.6356278687955668,0.18953893140622172,11397.526148512225,1875.2981939382203,3497.985291286768,10126035.747416237,103538.51474987796,101376.6561413327
avocado005.none,full,boot6,C39M22,C39,M22,H3K4me3,109061613,1117.2831898445907,0.5917664454451296,0.15319940728474965,12354.389319742637,2023.439641661994,3792.6548057265377,10361939.923934817,111657.69468689986,99380.73638196255
avg.none,full,boot7,C39M22,C39,M22,H3K4me3,109047925,819.2049589788805,0.7850248551534988,0.1896001303036338,9243.666968203355,1484.8365271558669,2810.058261679992,10085329.400253978,81777.77341643807,80000.76435256776
avocado.none,full,boot7,C39M22,C39,M22,H3K4me3,109047925,980.0602563243042,0.6478199881132939,0.17575886317215378,11243.726418678287,1772.3950182207948,3393.722274340649,10186168.369673016,97980.95823367374,95981.46146051424
avocado005.none,full,boot7,C39M22,C39,M22,H3K4me3,109047925,1067.343741171771,0.5919532606070254,0.13725494043121714,12285.68907289871,1929.60284291797,3712.0782044136945,10425248.779773187,106664.1055523869,95688.84407652584
avg.none,full,boot8,C39M22,C39,M22,H3K4me3,109595897,877.3053735068784,0.7901258312253816,0.20233457304900082,9619.316539049312,1561.7514699369194,2910.0294021862937,9929003.670668866,87581.26470230262,85722.94521047735
avocado.none,full,boot8,C39M22,C39,M22,H3K4me3,109595897,1054.4031235861257,0.6408788759067506,0.1886270117376362,11736.413451251714,1873.1236759256929,3528.476613343675,10031840.05740792,105407.93555258613,103324.91742156025
avocado005.none,full,boot8,C39M22,C39,M22,H3K4me3,109595897,1139.7867548218192,0.5944569590230584,0.14915086465287228,12744.686527851149,2025.476916705095,3831.4367836471274,10266028.69053504,113900.41551105653,100033.28776206817
avg.none,full,boot9,C39M22,C39,M22,H3K4me3,109214154,811.6375426958496,0.792662256188718,0.19352722162236421,9037.841367950748,1464.8201748391425,2667.11165849289,10297233.80908827,81030.12726773608,79391.59341928175
avocado.none,full,boot9,C39M22,C39,M22,H3K4me3,109214154,976.1657254609858,0.6465302772611449,0.17342203151999622,11075.175931495929,1758.224119672041,3254.663134246515,10400073.46449085,97593.02224316285,95755.15079924717
avocado005.none,full,boot9,C39M22,C39,M22,H3K4me3,109214154,1057.8438631538402,0.5939761385621026,0.1405523113785834,12068.615887946708,1904.9823768361189,3557.6753999362018,10641872.36698891,105715.57176541879,94050.48950128838
candi.none,common,all23,C39M22,C39,M22,H3K4me3,121240975,936.5329584008464,0.6042495742629048,0.1999800641642215,10413.473960885905,1698.6198378580284,3034.0686019413906,9683543.4921405,93241.37265170648,88051.50461063291
candi.tcfloor,common,all23,C39M22,C39,M22,H3K4me3,121240975,816.4842978551671,0.7953766438285466,0.20659523384707612,8921.797683060644,1474.2776464978022,2745.347124940084,9371868.085410694,81490.60564230365,80069.23340678602
avg.none,common,all23,C39M22,C39,M22,H3K4me3,121240975,830.6957260902736,0.7907953391326134,0.20188648378994095,9086.715150885917,1498.3571989441575,2812.3261891044563,9376500.912232682,82928.6290907855,81120.93250433575
avocado.none,common,all23,C39M22,C39,M22,H3K4me3,121240975,999.0965980364871,0.6494778396569004,0.18477125281284273,11102.32123850632,1799.2935397666565,3409.724647602573,9476742.869938552,99884.99653810158,97859.13602880824
candi.none,common,boot0,C39M22,C39,M22,H3K4me3,109249991,926.7707693211241,0.5976102295535631,0.19054736450962573,10345.948859339951,1689.5717201373288,3058.4461957934705,10343110.286885796,92284.20534750819,87458.15271312956
candi.tcfloor,common,boot0,C39M22,C39,M22,H3K4me3,109249991,810.0595841158897,0.7892560960570206,0.19636859253587943,8870.508478080299,1471.3231854393132,2773.6604361548984,10012545.671311473,80852.64666687515,79549.97637567154
avg.none,common,boot0,C39M22,C39,M22,H3K4me3,109249991,823.8731888367427,0.784970282469989,0.1917561768561105,9032.57413217543,1494.802618783138,2840.4051191055173,10016998.74713975,82250.33820331942,80587.63541010674
avocado.none,common,boot0,C39M22,C39,M22,H3K4me3,109249991,979.6551187080597,0.653882897828083,0.17488559701855805,10918.824607860519,1774.0846619475672,3404.555705905233,10117126.850121044,97941.79188899879,96070.8205902523
candi.none,common,boot1,C39M22,C39,M22,H3K4me3,109208574,883.8884876135385,0.6012394697007879,0.20786720649211426,9841.967654766144,1626.7866670344993,2912.969986115314,10380609.108978655,88008.18390092767,83856.70064021046
candi.tcfloor,common,boot1,C39M22,C39,M22,H3K4me3,109208574,773.0357403879366,0.7896788733432067,0.21232025018064188,8427.216988073398,1418.6979171526957,2627.8685049670253,10049182.479551991,77155.43126315856,75882.04975768828
avg.none,common,boot1,C39M22,C39,M22,H3K4me3,109208574,786.6787199500105,0.7851259701959101,0.20743025355584718,8586.824280662113,1442.1663718201557,2692.322399359901,10053617.618406318,78535.5326350485,76925.87475848716
avocado.none,common,boot1,C39M22,C39,M22,H3K4me3,109208574,944.2454684011366,0.6395473338135887,0.19176737747810446,10517.434856733113,1724.417161387955,3277.327902227399,10154588.779468354,94401.28645464097,92590.82979741349
candi.none,common,boot2,C39M22,C39,M22,H3K4me3,109027430,978.6475826726514,0.5985185153412986,0.1990557537259603,10671.011460429734,1787.5458231445248,3116.546218666478,10053624.65884213,97435.6791017008,91617.22069733363
candi.tcfloor,common,boot2,C39M22,C39,M22,H3K4me3,109027430,855.269902249909,0.7907663401054899,0.2066871491178558,9162.684332561146,1555.5442439843239,2827.6656927536437,9730763.971383631,85365.71358261426,83802.20544005546
avg.none,common,boot2,C39M22,C39,M22,H3K4me3,109027430,869.6791152804891,0.7862739817047669,0.20215734465113944,9327.013955110639,1580.0495949897393,2895.8135885448905,9735348.769645762,86824.0502804097,84856.69613908461
avocado.none,common,boot2,C39M22,C39,M22,H3K4me3,109027430,1050.3198821553403,0.6994745588565657,0.18292800015094005,11456.495430040322,1903.325020412995,3533.3036066200934,9838190.449388668,105010.27668732748,102871.71125468232
candi.none,common,boot3,C39M22,C39,M22,H3K4me3,109057846,986.9114193096708,0.598830533584083,0.20186067478631078,10418.348822436541,1768.244390656053,2985.6175274657066,10343292.3884496,98241.01607412126,91789.02157896115
candi.tcfloor,common,boot3,C39M22,C39,M22,H3K4me3,109057846,860.3775769546437,0.7913636833053337,0.209125705306173,8916.331048867318,1534.737841654489,2694.7310537023354,10012448.721609648,85867.13304076328,84228.77586338983
avg.none,common,boot3,C39M22,C39,M22,H3K4me3,109057846,875.0408630388179,0.7868522310228746,0.20451166932878556,9077.734236570286,1559.2723768870285,2758.234719002473,10016903.292102996,87351.61998705291,85292.87206189052
avocado.none,common,boot3,C39M22,C39,M22,H3K4me3,109057846,1048.3096215783087,0.6462492674995893,0.19050864710050358,11043.649683762571,1865.858000672895,3322.5810408245816,10118821.363216626,104802.80967274017,102484.02320149528
candi.none,common,boot4,C39M22,C39,M22,H3K4me3,108648504,820.8423624347757,0.6346421328022572,0.20804285272426903,9574.99129360102,1458.697516004205,2915.9993918481828,444400.64893642446,81658.73940285879,77925.49029004296
candi.tcfloor,common,boot4,C39M22,C39,M22,H3K4me3,108648504,704.911578965377,0.8301172957583735,0.21450308621575975,8129.804011629735,1241.3936372668454,2640.0936877673903,402024.7699279949,70332.35865904826,68985.16251375811
avg.none,common,boot4,C39M22,C39,M22,H3K4me3,108648504,719.1870798079073,0.8248040172091142,0.20909621646849208,8293.522015105738,1265.7687178711367,2708.302458445052,408411.34820815123,71777.24414411765,70024.00944071019
avocado.none,common,boot4,C39M22,C39,M22,H3K4me3,108648504,891.8469009061723,0.6554753485998616,0.19191857982907112,10339.78184624169,1577.0242771056671,3319.5447725619124,483464.04144496523,89160.53107544102,87169.4243927655
candi.none,common,boot5,C39M22,C39,M22,H3K4me3,109056922,972.7127697928748,0.6006112018120392,0.20457847963783618,10654.509577183637,1772.5032656920657,3194.1737268625807,10293565.305172522,96856.59355832139,91299.33801521557
candi.tcfloor,common,boot5,C39M22,C39,M22,H3K4me3,109056922,849.6926867102019,0.7929735645640599,0.2133584450603945,9149.418709198002,1541.641021542494,2897.9293202999834,9963590.31066289,84813.21118364688,83357.96217237362
avg.none,common,boot5,C39M22,C39,M22,H3K4me3,109056922,864.0263400778558,0.7885209023748626,0.20891538673631824,9313.952648344737,1566.0573818319222,2967.0000082696984,9968164.706492886,86263.53124318641,84407.99371309853
avocado.none,common,boot5,C39M22,C39,M22,H3K4me3,109056922,1029.791887210731,0.6478458509450357,0.18835945868860307,11268.747155726027,1864.40375823113,3560.8421496163505,10070157.33512666,102953.53979429488,100926.94334588958
candi.none,common,boot6,C39M22,C39,M22,H3K4me3,109061592,969.2252095605788,0.5990219536869366,0.20609528916245334,10670.06447614305,1767.5087879535295,3111.3458732849176,10349530.577015905,96497.3218627564,90712.77148149464
candi.tcfloor,common,boot6,C39M22,C39,M22,H3K4me3,109061592,845.4252991249765,0.79144240555654,0.21344654517590722,9146.462680091481,1534.820620024207,2803.459446815342,10017651.034314046,84381.44978375881,82864.39316343552
avg.none,common,boot6,C39M22,C39,M22,H3K4me3,109061592,859.7844075805779,0.7869977840156309,0.20881941971659737,9312.023213126662,1559.217608375513,2870.517212138193,10022192.058288688,85834.6931301155,83918.98616592976
avocado.none,common,boot6,C39M22,C39,M22,H3K4me3,109061592,1035.646516586307,0.6356278684773199,0.18953846350419273,11397.526148512225,1875.2981939382203,3497.985291286768,10126035.747416237,103538.60964544369,101376.74909399697
candi.none,common,boot7,C39M22,C39,M22,H3K4me3,109047905,922.9625514697755,0.6011840962392909,0.18857196988478953,10580.96121536497,1682.4901202973533,3029.6080640441437,10413612.810128108,91893.09259773545,86692.90267563082
candi.tcfloor,common,boot7,C39M22,C39,M22,H3K4me3,109047905,805.2155475197129,0.789605489907255,0.19443135569018113,9076.60028693093,1461.2698434751226,2743.0607606523117,10080848.799768234,80362.25597983753,78953.74033288153
avg.none,common,boot7,C39M22,C39,M22,H3K4me3,109047905,819.2051092256843,0.7850248550558931,0.18959968224603796,9243.666968203355,1484.8365271558669,2810.058261679992,10085329.400253978,81777.77341643807,80000.76435256776
avocado.none,common,boot7,C39M22,C39,M22,H3K4me3,109047905,980.060436072368,0.6478199878371953,0.1757584098198789,11243.726418678287,1772.3950182207948,3393.722274340649,10186168.369673016,97980.95823367374,95981.46146051424
candi.none,common,boot8,C39M22,C39,M22,H3K4me3,109595876,988.5649801811836,0.604524856671759,0.20139072934016275,10994.44932995829,1768.5978943236858,3141.9814641880425,10252634.247526933,98427.70294237424,92742.3851361754
candi.tcfloor,common,boot8,C39M22,C39,M22,H3K4me3,109595876,862.6366538977098,0.7945147549659423,0.20663998808887216,9446.973084557996,1537.2296062262546,2842.3358461516355,9924401.106898494,86097.0863605982,84602.18887383914
avg.none,common,boot8,C39M22,C39,M22,H3K4me3,109595876,877.3055416100362,0.7901258311246413,0.20233411261149345,9619.316539049312,1561.7514699369194,2910.0294021862937,9929003.670668866,87581.26470230262,85722.94521047735
avocado.none,common,boot8,C39M22,C39,M22,H3K4me3,109595876,1054.403325622983,0.6408788755993524,0.18862654614222646,11736.413451251714,1873.1236759256929,3528.476613343675,10031840.05740792,105407.93555258613,103324.91742156025
candi.none,common,boot9,C39M22,C39,M22,H3K4me3,109214135,914.2441105546465,0.6098452697106294,0.19120147050694428,10356.394391693937,1658.9997784495292,2869.6791828615387,10631534.794196855,91046.43242307162,86585.69040670471
candi.tcfloor,common,boot9,C39M22,C39,M22,H3K4me3,109214135,797.6793332409114,0.7975444289307528,0.19835865418556164,8869.219625707863,1441.3006240602501,2599.097068154541,10292788.833320849,79618.73540387735,78363.96607840483
avg.none,common,boot9,C39M22,C39,M22,H3K4me3,109214135,811.6376838965588,0.7926622561063187,0.19352679893937852,9037.841367950748,1464.8201748391425,2667.11165849289,10297233.80908827,81030.12726773608,79391.59341928175
avocado.none,common,boot9,C39M22,C39,M22,H3K4me3,109214135,976.1658952841747,0.6465302770083379,0.17342160055530115,11075.175931495929,1758.224119672041,3254.663134246515,10400073.46449085,97593.02224316285,95755.15079924717
avg.none,full,all23,C39M29,C39,M29,H3K9me3,121240998,0.3127493749556541,0.17592424638973442,0.2817799502138447,0.29255179065518444,0.3149318058285722,0.3080835842440426,3506.0288270655146,9.363990771079896,4.448569722899938
avocado.none,full,all23,C39M29,C39,M29,H3K9me3,121240998,0.3369712798431147,0.11423123391358633,0.16586682655922166,0.3004518822266193,0.3243464195341039,0.34070787925738916,3502.647844338741,9.710510733030402,4.959082255351842
avocado005.none,full,all23,C39M29,C39,M29,H3K9me3,121240998,0.3056134690196343,0.1432990561894363,0.2266162789122531,0.2622083583599757,0.30986706957149607,0.2853352102548955,3509.8817421313843,10.102566934513808,3.6026899123825555
avg.none,full,boot0,C39M29,C39,M29,H3K9me3,109250012,0.31396239412597005,0.17277157081663208,0.26843165358843685,0.29856165106039545,0.31891845847732,0.3197325696504016,1288.5737095278862,9.114100029646282,4.632765243071972
avocado.none,full,boot0,C39M29,C39,M29,H3K9me3,109250012,0.3408966714212344,0.11473941173668842,0.1520711544109209,0.30774696621941616,0.329528041250023,0.35489133138842754,1286.0540335504506,9.387918925792404,5.28025182418194
avocado005.none,full,boot0,C39M29,C39,M29,H3K9me3,109250012,0.3062639931764426,0.13942314018757263,0.21318778015616147,0.26414342628221177,0.31322263127585376,0.29373298483716637,1289.1614052551802,9.862905306851957,3.713069088170657
avg.none,full,boot1,C39M29,C39,M29,H3K9me3,109208595,0.302145299979687,0.16724968990582445,0.2851840321183991,0.28282193291743757,0.29593230600241777,0.3086295618760632,3995.093600477062,9.221708375909873,4.070803468232512
avocado.none,full,boot1,C39M29,C39,M29,H3K9me3,109208595,0.3326150486278114,0.10293954948780878,0.15953573726836584,0.29963922665675996,0.31481691653300625,0.34760830625528966,3991.2651693869934,9.568862128918795,5.023018042750387
avocado005.none,full,boot1,C39M29,C39,M29,H3K9me3,109208595,0.29487212466952445,0.13760333929895996,0.2317061073568233,0.252157645032868,0.29139914240252246,0.2850481887057131,3999.4656797416033,9.902040770168016,3.22386379498019
avg.none,full,boot2,C39M29,C39,M29,H3K9me3,109027451,0.3172273751207083,0.176924470988306,0.28269326413291845,0.2915659860552967,0.31915709387625796,0.31300639082744297,3836.2851226367106,9.595836406925988,4.655140283429711
avocado.none,full,boot2,C39M29,C39,M29,H3K9me3,109027451,0.33241337858530234,0.1169160378600669,0.16264775438189152,0.2905435919783414,0.32059516893011597,0.327060292388013,3832.570198003118,9.983611673399306,4.276276422798318
avocado005.none,full,boot2,C39M29,C39,M29,H3K9me3,109027451,0.30934255232545366,0.14490116256235488,0.22753140619848167,0.26401677959032765,0.31283214801055864,0.29019155964682875,3840.5029616178895,10.346701357203939,3.761831979632752
avg.none,full,boot3,C39M29,C39,M29,H3K9me3,109057867,0.3137596295610266,0.17736002871133943,0.28352862222651387,0.2927996001595721,0.31400954235444123,0.30980261709188267,3860.7280635672723,9.506028152691636,4.636965415802421
avocado.none,full,boot3,C39M29,C39,M29,H3K9me3,109057867,0.33690169350475074,0.11372653018342803,0.16840511467574787,0.3007484611706006,0.32147284223841716,0.34443796368340895,3857.0078387703766,9.878971565529474,5.1393661419418075
avocado005.none,full,boot3,C39M29,C39,M29,H3K9me3,109057867,0.30524676813326385,0.14521417296668812,0.228528938708545,0.2614002073247544,0.30749450224253344,0.2858076448055245,3864.968747354622,10.246725989205576,3.6887670939130235
avg.none,full,boot4,C39M29,C39,M29,H3K9me3,108648525,0.3101860932403947,0.1789949923698111,0.2915239041413253,0.2876715296575188,0.30834999402687574,0.3104935369592108,3941.9370700459417,9.463943201175349,4.510819405170576
avocado.none,full,boot4,C39M29,C39,M29,H3K9me3,108648525,0.33967425917655064,0.11777683925186658,0.17341738458163528,0.3040021941259936,0.3258856786540742,0.349027072051821,3938.154921957312,9.74028348322027,5.329646731906859
avocado005.none,full,boot4,C39M29,C39,M29,H3K9me3,108648525,0.3026970474381577,0.14676595970485698,0.23617197540660223,0.25795683843879524,0.30655614458047753,0.28618865716229575,3946.2713423255905,10.201115595848087,3.641086261156405
avg.none,full,boot5,C39M29,C39,M29,H3K9me3,109056943,0.3145713192485418,0.18038327050037248,0.2926628711068233,0.2956680592248366,0.3187259047862511,0.3159146118014284,3889.436806112178,9.572035612990696,4.589751111533908
avocado.none,full,boot5,C39M29,C39,M29,H3K9me3,109056943,0.34032829767082734,0.11359786736139263,0.16613338701015326,0.3042697831625712,0.328397771676228,0.3508894045139485,3885.7045179504694,9.930481319174712,5.071663904079277
avocado005.none,full,boot5,C39M29,C39,M29,H3K9me3,109056943,0.3077210840850483,0.1477273043160479,0.23722450741121412,0.2626302159744953,0.3132835280808044,0.2926412942009106,3893.7256769123474,10.321875868773466,3.7192450853332155
avg.none,full,boot6,C39M29,C39,M29,H3K9me3,109061613,0.31130819355067463,0.17945205446035456,0.2902788017070623,0.2923296196244533,0.314365958980636,0.30735925211910026,3912.262799421612,9.526270598127887,4.518351890237334
avocado.none,full,boot6,C39M29,C39,M29,H3K9me3,109061613,0.3284699088455058,0.12010755608305664,0.18023900477123345,0.29083993015804716,0.3166581931382381,0.33590802940114184,3908.415402335589,9.919452152779614,4.729980971966299
avocado005.none,full,boot6,C39M29,C39,M29,H3K9me3,109061613,0.3047988845387282,0.14639073518918366,0.2345932370886498,0.2628346701881409,0.30951119975410485,0.2892009153228487,3916.5782160212884,10.25583210382914,3.6398733826932537
avg.none,full,boot7,C39M29,C39,M29,H3K9me3,109047925,0.3159420730248099,0.16984231228966534,0.26255053487332863,0.2824008888254337,0.314542429146797,0.3116253957274691,3824.9025172222427,9.497983908900478,4.573937223715245
avocado.none,full,boot7,C39M29,C39,M29,H3K9me3,109047925,0.3440877740006724,0.10826737532819145,0.13756469086968803,0.29395348886707084,0.32582785099688377,0.3481557296473806,3821.242267677224,9.787782555167016,5.268914355788534
avocado005.none,full,boot7,C39M29,C39,M29,H3K9me3,109047925,0.30828063535077377,0.13705359660222347,0.20816652215782488,0.2576140689156952,0.30874582685535473,0.287557364263364,3829.1303740664157,10.228183582457353,3.735157665444396
avg.none,full,boot8,C39M29,C39,M29,H3K9me3,109595897,0.3222172045531929,0.177020494133944,0.2878296374528204,0.302469322476688,0.3227461258594232,0.3154835881565265,3763.5570731007883,9.697773493775598,4.692105605341076
avocado.none,full,boot8,C39M29,C39,M29,H3K9me3,109595897,0.347000755170181,0.11064203736565398,0.16851925329775544,0.31088471563729436,0.331440594439395,0.3478644547568526,3759.9132970897926,10.074741062690835,5.057737389217792
avocado005.none,full,boot8,C39M29,C39,M29,H3K9me3,109595897,0.31429030882470116,0.14569282843270726,0.2315650381532499,0.2693167696328915,0.3169804343007859,0.292216891797256,3767.692337353378,10.454177651103201,3.746096342331561
avg.none,full,boot9,C39M29,C39,M29,H3K9me3,109214154,0.3061414302456907,0.17841627844396002,0.27195025960412034,0.2992603069177169,0.3222083608461593,0.2681886610556512,2705.362888520659,8.43610439046917,3.5827609249717725
avocado.none,full,boot9,C39M29,C39,M29,H3K9me3,109214154,0.3272983418030728,0.1250862495164902,0.19123832355868425,0.30215057371845366,0.32858780737850507,0.30098062743854626,2704.080342303336,8.821384062380828,4.395052538508596
avocado005.none,full,boot9,C39M29,C39,M29,H3K9me3,109214154,0.3025869040828633,0.14146314736824586,0.21650072315043606,0.27005803809936607,0.3183714170693369,0.2502190437948526,2709.147191781167,9.197951614496432,3.0025398723418344
candi.none,common,all23,C39M29,C39,M29,H3K9me3,121240975,0.2731174202889176,0.1895951703124667,0.27493206651022545,0.22621594713777113,0.2752804693077813,0.25842003764956445,3525.0884868361727,10.681436417668502,0.2890548013361128
candi.tcfloor,common,all23,C39M29,C39,M29,H3K9me3,121240975,0.2779632247433724,0.21414878084151925,0.315688811681332,0.24102555108164853,0.2778417804027145,0.26925187783819504,3514.2725887035003,9.60665818802719,2.524962189668086
avg.none,common,all23,C39M29,C39,M29,H3K9me3,121240975,0.3127494342857248,0.1759241233047551,0.28177954046482456,0.29255179065518444,0.3149318058285722,0.3080835842440426,3506.0288270655146,9.363990771079896,4.448569722899938
avocado.none,common,all23,C39M29,C39,M29,H3K9me3,121240975,0.3369713409644597,0.1142311266603244,0.16586642371094515,0.3004518822266193,0.3243464195341039,0.34070787925738916,3502.647844338741,9.710510733030402,4.959082255351842
candi.none,common,boot0,C39M29,C39,M29,H3K9me3,109249991,0.2724503382198296,0.18326470519776375,0.26108448016151903,0.22662696785062286,0.27701070468071004,0.26630201791381763,1307.7323999970047,10.438606965978835,0.2890818498237493
candi.tcfloor,common,boot0,C39M29,C39,M29,H3K9me3,109249991,0.27808217516461214,0.20936424452534558,0.301785278842257,0.24351069605440542,0.28020191882932755,0.27835890340529884,1295.8690468511404,9.351293116909208,2.6295890082202464
avg.none,common,boot0,C39M29,C39,M29,H3K9me3,109249991,0.3139624544757258,0.172771443872154,0.26843123077978526,0.29856165106039545,0.31891845847732,0.3197325696504016,1288.5737095278862,9.114100029646282,4.632769261656597
avocado.none,common,boot0,C39M29,C39,M29,H3K9me3,109249991,0.34089673383737606,0.11473930429656895,0.15207074339937707,0.30774696621941616,0.329528041250023,0.35489133138842754,1286.0540335504506,9.387918925792404,5.280255174138702
candi.none,common,boot1,C39M29,C39,M29,H3K9me3,109208574,0.2646109294963759,0.193211352063598,0.28151460492577235,0.21909189927414027,0.26115187399698153,0.2587346285578286,4016.768409265282,10.377799125371055,0.2836324599248309
candi.tcfloor,common,boot1,C39M29,C39,M29,H3K9me3,109208574,0.27036590974388,0.2083459068203214,0.3188338549684177,0.2345943955056675,0.26488154432405064,0.27057061453293146,4004.5127901744527,9.451507909837254,2.4151751410906996
avg.none,common,boot1,C39M29,C39,M29,H3K9me3,109208574,0.3021453580799905,0.16724955920557105,0.28518361856770413,0.28282193291743757,0.29593230600241777,0.3086295618760632,3995.093600477062,9.221708375909873,4.070803468232512
avocado.none,common,boot1,C39M29,C39,M29,H3K9me3,109208574,0.33261510947732564,0.10293944059441175,0.15953533172442944,0.29963922665675996,0.31481691653300625,0.34760830625528966,3991.2651693869934,9.568862128918795,5.023018042750387
candi.none,common,boot2,C39M29,C39,M29,H3K9me3,109027430,0.2766030293583008,0.18834524060405952,0.2747750015528216,0.22672281153865761,0.27760907397045564,0.2629080338220662,3857.147492123933,10.951520853850129,0.28878986963531433
candi.tcfloor,common,boot2,C39M29,C39,M29,H3K9me3,109027430,0.28145571646046835,0.21450512338307767,0.31667676657624994,0.2405235388402194,0.2802094715360462,0.27365311267525994,3845.31455465454,9.843747966680281,2.6558615211171337
avg.none,common,boot2,C39M29,C39,M29,H3K9me3,109027430,0.31722743622253263,0.1769243483604009,0.28269284864525773,0.2915659860552967,0.31915709387625796,0.31300639082744297,3836.2851226367106,9.595836406925988,4.655140283429711
avocado.none,common,boot2,C39M29,C39,M29,H3K9me3,109027430,0.3324134413337006,0.11691591739388142,0.1626472934921492,0.2905435919783414,0.32059516893011597,0.327060292388013,3832.570198003118,9.983611673399306,4.276276422798318
candi.none,common,boot3,C39M29,C39,M29,H3K9me3,109057846,0.27286661827913916,0.18904296849348834,0.27645973892358644,0.22513432221865096,0.27306472392688175,0.2592994957628787,3881.7112469543554,10.850595449603212,0.28948611217782194
candi.tcfloor,common,boot3,C39M29,C39,M29,H3K9me3,109057846,0.2780103172558507,0.21489594004084764,0.31795834011582874,0.24022186969185486,0.27602972765316924,0.2703887776781489,3869.812987339518,9.754000189964536,2.6439602194018934
avg.none,common,boot3,C39M29,C39,M29,H3K9me3,109057846,0.3137596899780664,0.17735990689959333,0.28352820728309336,0.2927996001595721,0.31400954235444123,0.30980261709188267,3860.7280635672723,9.506028152691636,4.636965415802421
avocado.none,common,boot3,C39M29,C39,M29,H3K9me3,109057846,0.33690175533250555,0.11372642412419759,0.16840471453334205,0.3007484611706006,0.32147284223841716,0.34443796368340895,3857.0078387703766,9.878971565529474,5.1393661419418075
candi.none,common,boot4,C39M29,C39,M29,H3K9me3,108648504,0.27105208870032355,0.192403078623287,0.28295903500747427,0.22301637991635692,0.27294583845903375,0.2587495782210774,3963.38588747475,10.789161747162197,0.2864883728578414
candi.tcfloor,common,boot4,C39M29,C39,M29,H3K9me3,108648504,0.2757383989955965,0.21778127427738403,0.3252021654794494,0.23750379332716687,0.27397452466250266,0.27056476632347126,3951.2286458333665,9.712985369644684,2.6025351342098335
avg.none,common,boot4,C39M29,C39,M29,H3K9me3,108648504,0.3101861531943537,0.17899486950817606,0.29152349219507573,0.2876715296575188,0.30834999402687574,0.3104935369592108,3941.9370700459417,9.463943201175349,4.510819405170576
avocado.none,common,boot4,C39M29,C39,M29,H3K9me3,108648504,0.3396743217575409,0.11777673348047764,0.17341698124993646,0.3040021941259936,0.3258856786540742,0.349027072051821,3938.154921957312,9.74028348322027,5.329646731906859
candi.none,common,boot5,C39M29,C39,M29,H3K9me3,109056922,0.2753631135533219,0.19318545589670055,0.283681022963056,0.2267862786851129,0.2780197584594575,0.26583935084706617,3910.6075161606755,10.923198455608652,0.28915670707316676
candi.tcfloor,common,boot5,C39M29,C39,M29,H3K9me3,109056922,0.27963354690723424,0.2191078478537679,0.32615851671909946,0.24225197807940796,0.28036888784349123,0.27642283248229754,3898.604904593785,9.820204709717228,2.6308688735868113
avg.none,common,boot5,C39M29,C39,M29,H3K9me3,109056922,0.31457137982239247,0.18038314875331507,0.2926624614269974,0.2956680592248366,0.3187259047862511,0.3159146118014284,3889.436806112178,9.572035612990696,4.589751111533908
avocado.none,common,boot5,C39M29,C39,M29,H3K9me3,109056922,0.34032836013853585,0.11359776274501625,0.16613298494294773,0.3042697831625712,0.328397771676228,0.3508894045139485,3885.7045179504694,9.930481319174712,5.071663904079277
candi.none,common,boot6,C39M29,C39,M29,H3K9me3,109061592,0.27290081871001587,0.1919409722495962,0.2821204776903088,0.22589511810977952,0.2751613113410023,0.2627756729026089,3933.5673283362225,10.851632239320097,0.2877736864892114
candi.tcfloor,common,boot6,C39M29,C39,M29,H3K9me3,109061592,0.2772129680571996,0.21801270525912436,0.3240873567131686,0.2406713641643385,0.27727290804613375,0.27135901585539185,3921.492171766935,9.77061364412589,2.6076492317399382
avg.none,common,boot6,C39M29,C39,M29,H3K9me3,109061592,0.3113082534936109,0.17945193202330614,0.29027839063119837,0.2923296196244533,0.314365958980636,0.30735925211910026,3912.262799421612,9.526275100418086,4.518354649402467
avocado.none,common,boot6,C39M29,C39,M29,H3K9me3,109061592,0.3284699695832406,0.12010744614334166,0.18023859486909966,0.29083993015804716,0.3166581931382381,0.33590802940114184,3908.415402335589,9.919456959610818,4.729983874220513
candi.none,common,boot7,C39M29,C39,M29,H3K9me3,109047905,0.27439592893075965,0.17978952563789838,0.2572648127058315,0.22443860204850472,0.2730797829418408,0.2601196880687037,3845.7279372632124,10.809271655706397,0.28674338562403756
candi.tcfloor,common,boot7,C39M29,C39,M29,H3K9me3,109047905,0.28037873904041355,0.205785581940508,0.2962890796920871,0.23644225986624265,0.2764593619542462,0.27212597254062143,3833.9269057352058,9.732258203418004,2.6154378589245897
avg.none,common,boot7,C39M29,C39,M29,H3K9me3,109047905,0.3159421309703657,0.16984219111426221,0.2625501282078253,0.2824008888254337,0.314542429146797,0.3116253957274691,3824.9025172222427,9.497983908900478,4.573937223715245
avocado.none,common,boot7,C39M29,C39,M29,H3K9me3,109047905,0.34408783413137856,0.1082672711225185,0.13756429336055834,0.29395348886707084,0.32582785099688377,0.3481557296473806,3821.242267677224,9.787782555167016,5.268914355788534
candi.none,common,boot8,C39M29,C39,M29,H3K9me3,109595876,0.2816635228561475,0.1959623736369574,0.28544318775453686,0.23220242727105608,0.2814632667205376,0.26531870188656653,3784.0203950846617,11.06303768550893,0.2963137056010383
candi.tcfloor,common,boot8,C39M29,C39,M29,H3K9me3,109595876,0.28603867763897983,0.2165442359843386,0.3236465955682166,0.24773235492305384,0.28393480478506844,0.2760444217031733,3772.4118358262103,9.94881324678053,2.669381075289772
avg.none,common,boot8,C39M29,C39,M29,H3K9me3,109595876,0.32221726629421404,0.17702037119718925,0.28782922717623294,0.302469322476688,0.3227461258594232,0.3154835881565265,3763.5570731007883,9.697773493775598,4.692105605341076
avocado.none,common,boot8,C39M29,C39,M29,H3K9me3,109595876,0.3470008186088187,0.11064192865657531,0.1685188547506763,0.31088471563729436,0.331440594439395,0.3478644547568526,3759.9132970897926,10.074741062690835,5.057737389217792
candi.none,common,boot9,C39M29,C39,M29,H3K9me3,109214135,0.26923750846651306,0.18796879501611377,0.26300840149638555,0.23230765519040059,0.28310172284859486,0.22359847074482728,2707.487770023268,9.749502014290348,0.29202418031584965
candi.tcfloor,common,boot9,C39M29,C39,M29,H3K9me3,109214135,0.27268669416175784,0.21628970504304237,0.3050808283751247,0.24689555784077716,0.28486335185327544,0.23248344684109068,2707.177541053861,8.672665428878114,1.7801796166206139
avg.none,common,boot9,C39M29,C39,M29,H3K9me3,109214135,0.30614148350516274,0.17841616042191985,0.27194987885183114,0.2992603069177169,0.3222083608461593,0.2681886610556512,2705.362888520659,8.43610439046917,3.5827609249717725
avocado.none,common,boot9,C39M29,C39,M29,H3K9me3,109214135,0.32729839592849264,0.12508615204508908,0.19123798246493984,0.30215057371845366,0.32858780737850507,0.30098062743854626,2704.080342303336,8.821384062380828,4.395052538508596
avg.none,full,all23,C40M16,C40,M16,H3K27ac,121240998,91.24471151340013,0.37352927473004816,0.3103737300055384,673.7919430325693,125.43169307829184,1057.4030628431142,355833.5970189268,8732.534515083044,5986.777268124848
avocado.none,full,all23,C40M16,C40,M16,H3K27ac,121240998,98.05794853276886,0.4134553450614804,0.28628908975034645,748.6571824384611,135.52819326200105,1140.6298464907188,369961.1591690758,9766.28964425941,7968.520113591835
avocado005.none,full,all23,C40M16,C40,M16,H3K27ac,121240998,99.07075384559667,0.2539541914519489,0.23902572058703303,754.9413177136463,137.20875952744646,1153.9825573643475,373206.13788374845,9754.7472442755,6180.532250523035
avg.none,full,boot0,C40M16,C40,M16,H3K27ac,109250012,90.52718322746867,0.3684526941479675,0.2978519618388152,608.0356912306298,125.97850263275548,962.47799980142,202932.25509457223,8665.21256503588,5911.772600277219
avocado.none,full,boot0,C40M16,C40,M16,H3K27ac,109250012,97.28260366449987,0.4058764310509747,0.27630228332123835,679.532461930945,135.94491304476836,1048.616114893179,211351.87825604712,9690.169252243526,7933.8630273479175
avocado005.none,full,boot0,C40M16,C40,M16,H3K27ac,109250012,98.05916879549368,0.25115301411767316,0.22655498737614577,685.4839269858343,137.2966265792454,1057.820108609499,212800.93134628652,9656.583090773831,5971.688651508307
avg.none,full,boot1,C40M16,C40,M16,H3K27ac,109208595,92.94692028692289,0.3656107073471831,0.3175847935017967,712.4509409254869,129.87904943918502,1128.8676459384594,398260.02052483865,8908.48082822982,6154.072110167497
avocado.none,full,boot1,C40M16,C40,M16,H3K27ac,109208595,99.2398564033896,0.41096776256738776,0.28942349572532816,783.6839427555886,139.31495045524878,1209.747171619685,412419.4814443484,9885.466607048984,8106.674133347708
avocado005.none,full,boot1,C40M16,C40,M16,H3K27ac,109208595,100.56861210583962,0.24854105373826205,0.24512970511947557,791.6528152263865,141.48591015176532,1225.1829086131063,417049.28661673,9907.96934529112,6208.444830194546
avg.none,full,boot2,C40M16,C40,M16,H3K27ac,109027451,97.35582364842509,0.37202723831741574,0.3108908123609454,718.745363900044,134.6482611721106,1113.6046712958582,381489.2694009991,9344.78251926223,6392.207515786987
avocado.none,full,boot2,C40M16,C40,M16,H3K27ac,109027451,104.69314924560624,0.40718151918377393,0.2879365147391188,797.2010064668083,145.52480952532983,1201.3343204934863,396461.76228825084,10428.56294209222,8500.637713659651
avocado005.none,full,boot2,C40M16,C40,M16,H3K27ac,109027451,105.58437042922617,0.25195002439199915,0.23894748883469183,803.2222073052719,147.00421197642166,1214.3078650024424,399964.08713055874,10403.696461738251,6586.117588675326
avg.none,full,boot3,C40M16,C40,M16,H3K27ac,109057867,91.65193042514822,0.3789479355769074,0.3133925498788562,695.2561202625947,125.57518580482844,993.5021276254832,368432.6368526212,8747.585772792092,5984.0072137296265
avocado.none,full,boot3,C40M16,C40,M16,H3K27ac,109057867,98.7711246632278,0.4189078171839572,0.2865379281308634,771.777998941802,136.02065621245893,1076.5620386919954,383001.5532469205,9835.559617046303,7989.374150723301
avocado005.none,full,boot3,C40M16,C40,M16,H3K27ac,109057867,99.78556291150976,0.25835863883977067,0.2416445794987682,777.726563033122,137.73670776759172,1088.0226384758148,386338.78083815967,9819.11276228786,6345.963485589726
avg.none,full,boot4,C40M16,C40,M16,H3K27ac,108648525,71.52700804250334,0.40047142853905016,0.3195061986907275,429.75739566495054,89.41380581125257,964.7550157458796,255537.47753770827,6765.943849854687,4553.670897207991
avocado.none,full,boot4,C40M16,C40,M16,H3K27ac,108648525,77.97963336346653,0.4414732800364672,0.29407851712279603,500.6808444923324,98.91579325167058,1045.24976841431,270759.9316692977,7760.291071104059,6198.016099368645
avocado005.none,full,boot4,C40M16,C40,M16,H3K27ac,108648525,78.89406100685775,0.26993325111584,0.24746870791748718,504.26423392550265,100.19154101390951,1057.0929252944131,272300.8902908587,7739.749328882459,4499.344338807268
avg.none,full,boot5,C40M16,C40,M16,H3K27ac,109056943,92.43440381534465,0.3684099495488368,0.31963931585094735,710.4844676491648,130.0101559542675,1057.5186693683768,391039.3740871888,8851.98457242736,6124.538818201842
avocado.none,full,boot5,C40M16,C40,M16,H3K27ac,109056943,98.68074086992836,0.4144101835635425,0.2913295225414257,781.5615676046057,139.4117635414246,1131.6118499147112,405709.75936120213,9829.598028406366,8038.954777327163
avocado005.none,full,boot5,C40M16,C40,M16,H3K27ac,109056943,100.04836253257463,0.25256277755307227,0.24743906089776294,791.4356845217468,141.6308166329799,1149.1398420241042,409597.303322538,9855.44622851487,6191.618916342789
avg.none,full,boot6,C40M16,C40,M16,H3K27ac,109061613,91.9217373382411,0.3737188820720534,0.31913226859216265,713.3905980894164,127.42509393070415,1062.0681049356308,379643.67243466206,8788.290089677968,6094.020598585409
avocado.none,full,boot6,C40M16,C40,M16,H3K27ac,109061613,98.6608661497046,0.41453148504699744,0.29673962383006336,789.2420789088935,137.35904166903205,1144.6582796413527,394310.9004812975,9826.22085660038,8043.372661296514
avocado005.none,full,boot6,C40M16,C40,M16,H3K27ac,109061613,99.79613609613715,0.25521537409366546,0.2463008754354599,796.7244161283589,139.28131216938166,1159.1287943723007,397986.96654873545,9825.231632674398,6318.739236467884
avg.none,full,boot7,C40M16,C40,M16,H3K27ac,109047925,94.90341800905378,0.3747944066889185,0.2931475042616015,721.8258820331068,130.64888811483155,1116.4052616464187,386655.71022870875,9132.924851695754,6288.263645909617
avocado.none,full,boot7,C40M16,C40,M16,H3K27ac,109047925,102.03978913668966,0.4100197187844554,0.2655034537633644,800.4646361883744,141.27707867369966,1201.2189790783866,401026.4624267254,10163.584965257849,8312.370632564249
avocado005.none,full,boot7,C40M16,C40,M16,H3K27ac,109047925,102.94243945508428,0.25246279596285554,0.22139685166806494,806.0174218968069,142.90273118914683,1216.9599553706694,403827.5520235771,10139.522196812695,6386.527937113851
avg.none,full,boot8,C40M16,C40,M16,H3K27ac,109595897,97.08173433251123,0.3697421832338508,0.30960348422272743,712.6878721270875,132.39596369409026,1093.1039158800268,389848.3859799421,9295.475057865542,6329.585119885497
avocado.none,full,boot8,C40M16,C40,M16,H3K27ac,109595897,104.33695051686628,0.4148004582131539,0.2840365359640367,789.8750092292149,143.126743315312,1178.4888872351935,404751.32053089916,10392.137443710979,8468.31688128639
avocado005.none,full,boot8,C40M16,C40,M16,H3K27ac,109595897,105.14364642042568,0.2533394668356733,0.24509937237240428,794.4104219578264,144.49523704083603,1189.8437683701852,408238.3107947228,10358.113627846074,6437.475693724013
avg.none,full,boot9,C40M16,C40,M16,H3K27ac,109214154,91.99401276015801,0.36889958949597135,0.3017315523867718,714.041683171266,127.86091675179307,1082.92903153596,386864.62808236014,8813.602883896821,6081.394546486128
avocado.none,full,boot9,C40M16,C40,M16,H3K27ac,109214154,98.7893140952525,0.4024966572754907,0.2897052922022241,791.1824654530855,137.87613898110513,1169.7702405516043,401543.2168240497,9840.303317246742,8062.645463021403
avocado005.none,full,boot9,C40M16,C40,M16,H3K27ac,109214154,99.78033467416559,0.24917605407619248,0.22970498848435988,797.085387814838,139.55727709136897,1183.5175925472595,405502.5409141229,9830.46279039094,6105.005787524094
candi.none,common,all23,C40M16,C40,M16,H3K27ac,121240975,87.1557358738232,0.4442925285525276,0.34574191199741394,724.43872525886,122.02302539145593,984.6912790928646,373056.5208545621,8399.942232561525,8029.043783066942
candi.tcfloor,common,all23,C40M16,C40,M16,H3K27ac,121240975,86.72019019471072,0.4768607959451037,0.3444942839554464,698.018293201916,120.6786873853209,991.377416466687,367671.051167878,8459.184517767846,8025.289460246193
avg.none,common,all23,C40M16,C40,M16,H3K27ac,121240975,91.24472882296371,0.3735292735823477,0.3103733361886308,673.7919430325693,125.43169307829184,1057.4030628431142,355833.5970189268,8732.534515083044,5986.777268124848
avocado.none,common,all23,C40M16,C40,M16,H3K27ac,121240975,98.05796713464069,0.41345534456254335,0.2862886834541221,748.6571824384611,135.52819326200105,1140.6298464907188,369961.1591690758,9766.28964425941,7968.520113591835
candi.none,common,boot0,C40M16,C40,M16,H3K27ac,109249991,86.17663992738395,0.44398259359780584,0.33505519920389576,655.4342103541879,122.11085049846258,892.3911599886436,210181.73897337026,8303.899239345765,7972.118722172417
candi.tcfloor,common,boot0,C40M16,C40,M16,H3K27ac,109249991,85.82783140709688,0.4755981503508443,0.33297857375502643,630.0842209747748,120.91277329781717,898.4979566368015,207929.612869694,8372.4505536337,7973.591016456448
avg.none,common,boot0,C40M16,C40,M16,H3K27ac,109249991,90.52720062857625,0.3684526929753283,0.2978515556374885,608.0356912306298,125.97850263275548,962.47799980142,202932.25509457223,8665.22046364057,5911.777916065672
avocado.none,common,boot0,C40M16,C40,M16,H3K27ac,109249991,97.28262236395771,0.4058764305508259,0.2763018658258615,679.532461930945,135.94491304476836,1048.616114893179,211351.87825604712,9690.178080742624,7933.875995764288
candi.none,common,boot1,C40M16,C40,M16,H3K27ac,109208574,88.47846424944665,0.4416637798591391,0.3536913465073411,759.3469009091921,125.820993222267,1046.6113782381174,416211.2748974356,8534.902338116546,8197.185493108034
candi.tcfloor,common,boot1,C40M16,C40,M16,H3K27ac,109208574,88.1646921619737,0.4725559605598442,0.35220756073544773,734.2120565344516,124.65311295566244,1056.1147813151158,410626.6464109781,8606.783661187794,8197.966132082012
avg.none,common,boot1,C40M16,C40,M16,H3K27ac,109208574,92.9469381599273,0.36561070619518576,0.3175843983332598,712.4509409254869,129.87904943918502,1128.8676459384594,398260.02052483865,8908.48082822982,6154.072110167497
avocado.none,common,boot1,C40M16,C40,M16,H3K27ac,109208574,99.23987548628352,0.4109677620822393,0.2894230855878782,783.6839427555886,139.31495045524878,1209.747171619685,412419.4814443484,9885.466607048984,8106.674133347708
candi.none,common,boot2,C40M16,C40,M16,H3K27ac,109027430,93.04366711280873,0.44118378816280535,0.34785379098230307,772.0524055705619,131.01616430038294,1036.282384516345,399676.83158308984,8970.884820905158,8566.115374117693
candi.tcfloor,common,boot2,C40M16,C40,M16,H3K27ac,109027430,92.65808893071919,0.4740032558590167,0.34592220773959464,744.7038870342518,129.71197897312115,1044.692866088103,394002.40705435607,9044.665852558752,8583.679613169257
avg.none,common,boot2,C40M16,C40,M16,H3K27ac,109027430,97.35584240033272,0.37202723717427444,0.31089041287307745,718.745363900044,134.6482611721106,1113.6046712958582,381489.2694009991,9344.78251926223,6392.207515786987
avocado.none,common,boot2,C40M16,C40,M16,H3K27ac,109027430,104.69316941055685,0.40718151863966534,0.28793610333368536,797.2010064668083,145.52480952532983,1201.3343204934863,396461.76228825084,10428.56294209222,8500.637713659651
candi.none,common,boot3,C40M16,C40,M16,H3K27ac,109057846,88.06400465647361,0.4411637978106664,0.35050716361460804,747.9146840040571,122.86532733196142,929.9208339499609,386545.7875227188,8472.138542433351,8043.529699157386
candi.tcfloor,common,boot3,C40M16,C40,M16,H3K27ac,109057846,87.36468478667128,0.47650318292724025,0.3491176352724007,720.7872432674607,121.2049423609135,932.9773519766326,380872.8948196093,8510.861191739485,8036.915097885556
avg.none,common,boot3,C40M16,C40,M16,H3K27ac,109057846,91.65194807349366,0.37894793440194985,0.3133921518855086,695.2561202625947,125.57518580482844,993.5021276254832,368432.6368526212,8747.585772792092,5984.0072137296265
avocado.none,common,boot3,C40M16,C40,M16,H3K27ac,109057846,98.77114368222556,0.4189078166709391,0.28653751589822973,771.777998941802,136.02065621245893,1076.5620386919954,383001.5532469205,9835.559617046303,7989.374150723301
candi.none,common,boot4,C40M16,C40,M16,H3K27ac,108648504,67.957832771556,0.47653745885075377,0.3572077780458448,480.8502377535562,87.02189385182594,894.7290754299116,275213.6293189715,6539.433824872551,6191.4342180669155
candi.tcfloor,common,boot4,C40M16,C40,M16,H3K27ac,108648504,67.49449677620663,0.5090310900079901,0.3555475602706635,454.57044634490273,85.49021540322374,900.8071898499469,268916.79109717626,6563.374002630371,6159.48797377278
avg.none,common,boot4,C40M16,C40,M16,H3K27ac,108648504,71.52702186751807,0.4004714273002148,0.3195058024766834,429.75739566495054,89.41380581125257,964.7550157458796,255537.47753770827,6765.943849854687,4553.670897207991
avocado.none,common,boot4,C40M16,C40,M16,H3K27ac,108648504,77.97964843545111,0.44147327956656923,0.2940781075059183,500.6808444923324,98.91579325167058,1045.24976841431,270759.9316692977,7760.291071104059,6198.016099368645
candi.none,common,boot5,C40M16,C40,M16,H3K27ac,109056922,88.44617155555919,0.4386593624525065,0.35450966584420085,760.3682218418849,126.46344774837992,985.2378082422078,409616.7879017081,8532.26589349368,8183.642163415653
candi.tcfloor,common,boot5,C40M16,C40,M16,H3K27ac,109056922,87.96926929018392,0.47141944243684,0.3533421423271418,734.5548025755887,125.121971019099,991.436047584044,403814.92991984676,8586.331019536769,8170.4636909887095
avg.none,common,boot5,C40M16,C40,M16,H3K27ac,109056922,92.43442161451269,0.3684099484182408,0.3196389212488178,710.4844676491648,130.0101559542675,1057.5186693683768,391039.3740871888,8851.98457242736,6124.538818201842
avocado.none,common,boot5,C40M16,C40,M16,H3K27ac,109056922,98.68075987168243,0.4144101830435426,0.2913291129048108,781.5615676046057,139.4117635414246,1131.6118499147112,405709.75936120213,9829.598028406366,8038.954777327163
candi.none,common,boot6,C40M16,C40,M16,H3K27ac,109061592,88.21677878117633,0.43837125379244213,0.35501941588022673,765.8189509494429,124.42536296210545,996.1491081390526,397875.6811066096,8497.346630892354,8119.840269999435
candi.tcfloor,common,boot6,C40M16,C40,M16,H3K27ac,109061592,87.59827893092194,0.47260122361087,0.3533114649994724,738.6742301709912,122.86989387901876,1000.4514791791252,392175.36919377785,8541.295839319602,8103.256836562729
avg.none,common,boot6,C40M16,C40,M16,H3K27ac,109061592,91.92175503793216,0.3737188809342587,0.31913187374821084,713.3905980894164,127.42509393070415,1062.0681049356308,379643.67243466206,8788.298132085867,6094.026078975761
avocado.none,common,boot6,C40M16,C40,M16,H3K27ac,109061592,98.6608851468221,0.4145314845216487,0.2967392173954055,789.2420789088935,137.35904166903205,1144.6582796413527,394310.9004812975,9826.229825226466,8043.379937790568
candi.none,common,boot7,C40M16,C40,M16,H3K27ac,109047905,90.71201847129818,0.44166806113452634,0.3273874565435639,774.2789413853518,127.36141036152624,1041.4324646694429,403591.4650344459,8744.54490447346,8354.299228622309
candi.tcfloor,common,boot7,C40M16,C40,M16,H3K27ac,109047905,90.4231360983931,0.4737644878825452,0.3265251263855184,747.269060306692,126.16066671609298,1049.8094061285205,398350.50510215346,8828.042749163731,8378.877204408163
avg.none,common,boot7,C40M16,C40,M16,H3K27ac,109047905,94.9034354148752,0.37479440559801835,0.2931471142646529,721.8258820331068,130.64888811483155,1116.4052616464187,386655.71022870875,9132.924851695754,6288.263645909617
avocado.none,common,boot7,C40M16,C40,M16,H3K27ac,109047905,102.03980785114915,0.41001971833250117,0.2655030497778178,800.4646361883744,141.27707867369966,1201.2189790783866,401026.4624267254,10163.584965257849,8312.370632564249
candi.none,common,boot8,C40M16,C40,M16,H3K27ac,109595876,92.611965290146,0.44259111142162966,0.3345124368486733,763.1985918053857,128.6481618490626,1017.2221688729505,408042.20208211296,8925.882247762187,8502.75927385681
candi.tcfloor,common,boot8,C40M16,C40,M16,H3K27ac,109595876,92.22263236240202,0.47451424200743,0.33683473607140474,736.4738701708193,127.34159940681829,1024.7989937059592,402378.37289659854,8996.904067918595,8515.660049733971
avg.none,common,boot8,C40M16,C40,M16,H3K27ac,109595876,97.08175293463839,0.3697421820348733,0.30960308630482825,712.6878721270875,132.39596369409026,1093.1039158800268,389848.3859799421,9295.475057865542,6329.585119885497
avocado.none,common,boot8,C40M16,C40,M16,H3K27ac,109595876,104.33697050897221,0.4148004577267671,0.2840361247533885,789.8750092292149,143.126743315312,1178.4888872351935,404751.32053089916,10392.137443710979,8468.31688128639
candi.none,common,boot9,C40M16,C40,M16,H3K27ac,109214135,87.7518232400668,0.4432364962406264,0.3394858679524454,763.6002161640937,124.0146099508644,1007.794263044797,404893.00538253714,8468.438432903316,8124.02149545721
candi.tcfloor,common,boot9,C40M16,C40,M16,H3K27ac,109214135,87.3800868963686,0.474863881616678,0.337297930876757,737.4189733938384,122.84053601886279,1015.1832156802886,399266.03017811495,8531.20169809637,8118.529528930043
avg.none,common,boot9,C40M16,C40,M16,H3K27ac,109214135,91.99402876437068,0.36889958845092224,0.3017311867587451,714.041683171266,127.86091675179307,1082.92903153596,386864.62808236014,8813.602883896821,6081.394546486128
avocado.none,common,boot9,C40M16,C40,M16,H3K27ac,109214135,98.78933128153902,0.40249665681511765,0.2897049209250886,791.1824654530855,137.87613898110513,1169.7702405516043,401543.2168240497,9840.303317246742,8062.645463021403
avg.none,full,all23,C40M17,C40,M17,H3K27me3,121240998,0.7453074269647711,0.24153342573746456,0.27945117567367384,2.6103331216966246,0.8735862018515514,1.9428629312909125,441.74750598777797,29.1425101832782,28.15001450571987
avocado.none,full,all23,C40M17,C40,M17,H3K27me3,121240998,0.6099410492001275,0.22666478041405555,0.2794763459947439,1.960682501356382,0.6904218313184713,1.1337286539285996,448.9434700919698,32.00971493256245,13.938350063458948
avocado005.none,full,all23,C40M17,C40,M17,H3K27me3,121240998,0.7027791747546056,0.11862128970803879,0.2899574514514089,2.076227327164586,0.8472400431360408,1.4435879820983288,462.4479338748327,34.481338600939715,16.923768603611155
avg.none,full,boot0,C40M17,C40,M17,H3K27me3,109250012,0.7523993401536897,0.2381572241927775,0.2636604939805255,2.7346458225583414,0.8867524495875893,1.9319833816333267,486.0192225574534,30.575545965278007,28.726420038501637
avocado.none,full,boot0,C40M17,C40,M17,H3K27me3,109250012,0.621675524922636,0.22111662773993684,0.2577086162602823,2.075119970964329,0.7074833377078489,1.1248689723634513,494.5799920921399,33.443632175081035,14.695604920529524
avocado005.none,full,boot0,C40M17,C40,M17,H3K27me3,109250012,0.7243291231786019,0.11083405614946444,0.2752728668498587,2.2023494081796415,0.8795174538056465,1.4601583747872842,509.4624838483386,35.992377665766504,18.238896260400644
avg.none,full,boot1,C40M17,C40,M17,H3K27me3,109208595,0.7386338071883504,0.24130570198396417,0.28591928588352816,2.7085944558500046,0.848883332782338,1.9711840416554607,448.4163459766805,29.4062075617037,28.32545393231586
avocado.none,full,boot1,C40M17,C40,M17,H3K27me3,109208595,0.6099629422995593,0.22714715257892143,0.29020371214914026,2.0934169342286277,0.6729106115071348,1.155134066743609,457.31406904372506,32.170651633523384,14.775650087773572
avocado005.none,full,boot1,C40M17,C40,M17,H3K27me3,109208595,0.6252497116492337,0.15894814553331288,0.29718259355293436,2.214008940220295,0.7015050824675269,1.4270065173132116,470.9394697082808,34.60963013096145,9.824081766638482
avg.none,full,boot2,C40M17,C40,M17,H3K27me3,109027451,0.7782728927011167,0.24446975890291645,0.28142700832572876,2.7399248598863406,0.9152538054031615,2.012208507715222,478.88114821089664,31.130311598715682,29.5251555044468
avocado.none,full,boot2,C40M17,C40,M17,H3K27me3,109027451,0.6397121651123928,0.2271823370975818,0.2836668738725801,2.079115256282337,0.728448536874936,1.185143228852814,487.4736782940628,34.24948741722571,14.878587662272198
avocado005.none,full,boot2,C40M17,C40,M17,H3K27me3,109027451,0.7410984190461729,0.11718693566941342,0.29215169558018944,2.2005067373038396,0.9022621561857569,1.5432046830674397,502.0999094382998,36.951691429430134,18.2903048112809
avg.none,full,boot3,C40M17,C40,M17,H3K27me3,109057867,0.7621024553721114,0.2453671514301798,0.28318545641742227,2.6612394388779936,0.8932182032088899,1.9090581510822364,482.75769920751,30.031446259719225,28.963867133655285
avocado.none,full,boot3,C40M17,C40,M17,H3K27me3,109057867,0.6245688021114125,0.2263673101815702,0.2784714075301809,2.0136548382574357,0.7075548719502084,1.111942136440834,491.3981835248363,33.08647284522067,14.483042883051112
avocado005.none,full,boot3,C40M17,C40,M17,H3K27me3,109057867,0.7247783428873498,0.11877835160070244,0.29409025948064194,2.127491690289986,0.8764100050542541,1.4325121161155971,505.8153606374707,35.620955888142674,18.407125644517215
avg.none,full,boot4,C40M17,C40,M17,H3K27me3,108648525,0.6300827607037622,0.2614332759706705,0.2890682001215761,1.7287485542136074,0.7357315856160861,1.9004448195717272,81.3809235505699,18.404050067205066,21.792549778959973
avocado.none,full,boot4,C40M17,C40,M17,H3K27me3,108648525,0.48988736067472727,0.23797515485133897,0.2947841347654599,1.0670698153017928,0.5489088838411398,1.1001342195272414,74.01111026274174,20.944317060740197,7.511076436571991
avocado005.none,full,boot4,C40M17,C40,M17,H3K27me3,108648525,0.590036088115108,0.12758218850868702,0.30052267438004604,1.157031390747793,0.7210373961729454,1.4189331331267863,76.8756629846972,22.91208787215955,15.20431245847445
avg.none,full,boot5,C40M17,C40,M17,H3K27me3,109056943,0.7525680214600838,0.24225573693550656,0.290344522881636,2.6826650750755148,0.895150554619251,1.9539607639089502,486.6381493464702,30.55922228605549,28.706463926422376
avocado.none,full,boot5,C40M17,C40,M17,H3K27me3,109056943,0.6111710069195038,0.23981237658934554,0.2876873531129115,2.0209707659457674,0.7022906684661246,1.1099229372500945,495.71353325084,33.6398297086361,14.941821071425514
avocado005.none,full,boot5,C40M17,C40,M17,H3K27me3,109056943,0.7209071658095656,0.11724324583299704,0.30129400116034427,2.1706720900986247,0.8770335352844709,1.3234978174153993,510.72028119938653,36.054667225291,18.114176653181463
avg.none,full,boot6,C40M17,C40,M17,H3K27me3,109061613,0.7496099418377108,0.24225208152280145,0.2867141698776987,2.6316179208685244,0.8856777403619185,1.9379729202799287,484.4109801853428,30.33643187260387,28.786618931337077
avocado.none,full,boot6,C40M17,C40,M17,H3K27me3,109061613,0.6148321204761005,0.22453058772623266,0.2886050683711175,2.020166099499512,0.7053464950642773,1.1312039385851127,493.2546719210972,33.37258686644408,14.411251321309274
avocado005.none,full,boot6,C40M17,C40,M17,H3K27me3,109061613,0.7171955566397916,0.11674116991709924,0.29758636116944526,2.1239357853619465,0.8798060640207126,1.4650972606312695,508.02615891765174,35.88402530016102,18.069144539487016
avg.none,full,boot7,C40M17,C40,M17,H3K27me3,109047925,0.7619030859125621,0.2343587632371458,0.25803169646903495,2.723452375231909,0.8914595768360637,1.9434939283121142,500.47882525061107,30.755025710432886,28.700907579110773
avocado.none,full,boot7,C40M17,C40,M17,H3K27me3,109047925,0.633118027585179,0.22138440086549108,0.2612325445827307,2.078506344132612,0.71491423883184,1.1744998759837635,510.09596712536404,33.51770301355408,14.850323628730296
avocado005.none,full,boot7,C40M17,C40,M17,H3K27me3,109047925,0.7310881935457375,0.11123455582972931,0.2702718510012891,2.197443675234765,0.8815929036940361,1.4827357664856975,525.2229423257066,36.23152767499867,18.16952486810414
avg.none,full,boot8,C40M17,C40,M17,H3K27me3,109595897,0.7802418335131125,0.24105882982972515,0.2886309275720271,2.752422608609466,0.9030867921795788,1.95229247265267,479.1022311618622,30.714499564846847,29.353847368800402
avocado.none,full,boot8,C40M17,C40,M17,H3K27me3,109595897,0.639171941893564,0.2297263232274873,0.2857323897275621,2.078874497030481,0.715694770322849,1.1500333615420184,487.22173456302374,33.721170044870185,14.730635904024048
avocado005.none,full,boot8,C40M17,C40,M17,H3K27me3,109595897,0.741309684921782,0.11620687586787004,0.29217425172268796,2.1958408894914703,0.8836471924049671,1.4779983031743835,501.6856906214265,36.249083478518436,18.001035487312897
avg.none,full,boot9,C40M17,C40,M17,H3K27me3,109214154,0.7466607053186649,0.22794545036929373,0.2667917614601498,2.743375765531126,0.8780177852899208,1.9163366778723985,477.7286243194284,29.873888831522738,28.378958453246195
avocado.none,full,boot9,C40M17,C40,M17,H3K27me3,109214154,0.6146985129722863,0.21583073990457852,0.26647215721162837,2.0834232688628673,0.6981567557063834,1.093595920451073,486.2782396570834,32.34713882193691,14.393332687653034
avocado005.none,full,boot9,C40M17,C40,M17,H3K27me3,109214154,0.7112561627076173,0.10872525021131266,0.27776550483011425,2.1756796346458107,0.8656812883484525,1.4001957797805227,501.1962806527545,34.82128602828685,17.692727421637176
candi.none,common,all23,C40M17,C40,M17,H3K27me3,121240975,0.5928530399782934,0.15848203064628788,0.2657162510782902,2.0089304455364134,0.6796678377591608,1.1319694037671586,465.6404797997125,35.15700986750759,4.705870670323486
candi.tcfloor,common,all23,C40M17,C40,M17,H3K27me3,121240975,0.5880668627569873,0.250471208082915,0.28592750997888533,1.8900143607859008,0.6735907028764603,1.0560513680474064,450.3073058454206,30.326438889399526,14.168175894839607
avg.none,common,all23,C40M17,C40,M17,H3K27me3,121240975,0.7453075683531988,0.24153338516755052,0.2794507646979846,2.6103331216966246,0.8735862018515514,1.9428629312909125,441.74750598777797,29.1425101832782,28.15001450571987
avocado.none,common,all23,C40M17,C40,M17,H3K27me3,121240975,0.6099411647212498,0.2266647287330352,0.2794759386788589,1.960682501356382,0.6904218313184713,1.1337286539285996,448.9434700919698,32.00971493256245,13.938350063458948
candi.none,common,boot0,C40M17,C40,M17,H3K27me3,109249991,0.6062193725823091,0.14814757419128857,0.24909970235939155,2.133352316772835,0.6982437762061414,1.1216958381364737,513.0424682346639,36.65515522374107,4.640132444813481
candi.tcfloor,common,boot0,C40M17,C40,M17,H3K27me3,109249991,0.6005640931896837,0.24398789936230678,0.2691872247090379,2.0133310486933973,0.6913924178148089,1.0474778993475808,496.3005273274737,31.805201622145496,14.937757836165863
avg.none,common,boot0,C40M17,C40,M17,H3K27me3,109249991,0.7523994847796617,0.23815718328786947,0.26366006850941104,2.7346458225583414,0.8867524495875893,1.9319833816333267,486.0192225574534,30.575545965278007,28.726441715337184
avocado.none,common,boot0,C40M17,C40,M17,H3K27me3,109249991,0.6216756442431238,0.2211165757123785,0.25770819112063575,2.075119970964329,0.7074833377078489,1.1248689723634513,494.5799920921399,33.443632175081035,14.695617118384614
candi.none,common,boot1,C40M17,C40,M17,H3K27me3,109208574,0.5922512539000024,0.1586934930133834,0.27419717849858327,2.1413974110463627,0.661841020284824,1.1480740974594088,476.10171240412666,35.47864185185414,4.562353262240097
candi.tcfloor,common,boot1,C40M17,C40,M17,H3K27me3,109208574,0.5874328531197179,0.2498846217964772,0.2937330981566726,2.016123185760939,0.6561371467377137,1.0792765515927656,459.27666574982385,30.69705448052004,14.7612877150106
avg.none,common,boot1,C40M17,C40,M17,H3K27me3,109208574,0.7386339492221613,0.24130566109436158,0.28591887291199214,2.7085944558500046,0.848883332782338,1.9711840416554607,448.4163459766805,29.4062075617037,28.32545393231586
avocado.none,common,boot1,C40M17,C40,M17,H3K27me3,109208574,0.60996305943696,0.22714710066101804,0.2902033038104935,2.0934169342286277,0.6729106115071348,1.155134066743609,457.3140690437251,32.170651633523384,14.775650087773572
candi.none,common,boot2,C40M17,C40,M17,H3K27me3,109027430,0.6226559315489847,0.1579164523097587,0.26821094850580246,2.1345315453097182,0.7185247594238147,1.202993185551799,505.59632313056187,37.71239238554008,4.943956082335626
candi.tcfloor,common,boot2,C40M17,C40,M17,H3K27me3,109027430,0.6153706721978102,0.25273086667381267,0.28867993722005886,2.00321957056877,0.7090196227191828,1.1073795026444144,488.9426120680027,32.52876965994453,15.166934203373438
avg.none,common,boot2,C40M17,C40,M17,H3K27me3,109027430,0.7782730426058768,0.24446971884628435,0.2814265922294987,2.7399248598863406,0.9152538054031615,2.012208507715222,478.8811482108965,31.130311598715682,29.5251555044468
avocado.none,common,boot2,C40M17,C40,M17,H3K27me3,109027430,0.639712288126502,0.22718228560995196,0.28366646291134,2.079115256282337,0.728448536874936,1.185143228852814,487.4736782940628,34.24948741722571,14.878587662272198
candi.none,common,boot3,C40M17,C40,M17,H3K27me3,109057846,0.6057361977941187,0.16153284318274178,0.26951224292676157,2.0595848335602662,0.695867218224573,1.0913935632531515,509.2356069910565,36.308033655140214,4.982834897839592
candi.tcfloor,common,boot3,C40M17,C40,M17,H3K27me3,109057846,0.5997874935559103,0.2548127897967208,0.2901712693149918,1.9348258007125398,0.6881036132318525,1.0226464636261352,492.7052459662634,31.24672284592655,14.762192665071016
avg.none,common,boot3,C40M17,C40,M17,H3K27me3,109057846,0.7621026021213106,0.24536711074059403,0.28318504143159556,2.6612394388779936,0.8932182032088899,1.9090581510822364,482.75769920750986,30.031446259719225,28.963867133655285
avocado.none,common,boot3,C40M17,C40,M17,H3K27me3,109057846,0.624568922171987,0.22636725854863612,0.27847099395294095,2.0136548382574357,0.7075548719502084,1.111942136440834,491.39818352483644,33.08647284522067,14.483042883051112
candi.none,common,boot4,C40M17,C40,M17,H3K27me3,108648504,0.4688959981085044,0.18579100162369624,0.2750744846364735,1.0723145919337873,0.5333518405569209,1.0914569501717166,75.52223121467308,23.24346923459559,4.711083996922768
candi.tcfloor,common,boot4,C40M17,C40,M17,H3K27me3,108648504,0.46834996285546177,0.27653338245175674,0.2954440309521581,0.9847723375493408,0.5317358282071508,1.0114914230267826,72.33450662361805,18.829960286027593,7.893065667553079
avg.none,common,boot4,C40M17,C40,M17,H3K27me3,108648504,0.6300828824885774,0.26143323146392244,0.2890677867775002,1.7287485542136074,0.7357315856160861,1.9004448195717272,81.3809235505699,18.404050067205066,21.792549778959973
avocado.none,common,boot4,C40M17,C40,M17,H3K27me3,108648504,0.48988745519884175,0.23797509602133668,0.2947837281389013,1.0670698153017928,0.5489088838411398,1.1001342195272414,74.01111026274174,20.944317060740197,7.511076436571991
candi.none,common,boot5,C40M17,C40,M17,H3K27me3,109056922,0.6058548804760308,0.15877171122252892,0.27696071593906324,2.1009194193277714,0.7014719846632902,1.157406431792438,514.3309911286387,36.85847474899616,4.657430533723801
candi.tcfloor,common,boot5,C40M17,C40,M17,H3K27me3,109056922,0.599820707887375,0.25106984039598707,0.29741364428646344,1.9780817146729202,0.6948923343541928,1.0762304435669758,497.54401845636556,31.95491743990709,14.943176345849853
avg.none,common,boot5,C40M17,C40,M17,H3K27me3,109056922,0.7525681663745758,0.24225569690647555,0.290344111847368,2.6826650750755148,0.895150554619251,1.9539607639089502,486.6381493464701,30.55922228605549,28.706463926422376
avocado.none,common,boot5,C40M17,C40,M17,H3K27me3,109056922,0.6111711244122122,0.2398123265863292,0.287686944440108,2.0209707659457674,0.7022906684661246,1.1099229372500945,495.71353325084,33.6398297086361,14.941821071425514
candi.none,common,boot6,C40M17,C40,M17,H3K27me3,109061592,0.6001978484121402,0.15831544958728852,0.27494006839039736,2.09072038315636,0.6980078888287955,1.1342139411924925,511.5619555703735,36.55352246374091,4.655115011777339
candi.tcfloor,common,boot6,C40M17,C40,M17,H3K27me3,109061592,0.5951590814403191,0.2507113353521391,0.29471756736408683,1.9607728073777666,0.6908226411580941,1.0609599752848344,494.9333635203912,31.660641314199896,14.924029208174332
avg.none,common,boot6,C40M17,C40,M17,H3K27me3,109061592,0.7496100861764141,0.24225204146703436,0.28671375679068895,2.6316179208685244,0.8856777403619185,1.9379729202799287,484.41098018534274,30.33643187260387,28.786666381512475
avocado.none,common,boot6,C40M17,C40,M17,H3K27me3,109061592,0.6148322386605027,0.22453053590733016,0.2886046604052517,2.020166099499512,0.7053464950642773,1.1312039385851127,493.2546719210972,33.37258686644408,14.411262475870322
candi.none,common,boot7,C40M17,C40,M17,H3K27me3,109047905,0.61334291850898,0.14583303171956705,0.24304563364865867,2.1262127525793795,0.7018945489860862,1.165813984113539,528.9003282466277,36.92670101611496,4.628821343044633
candi.tcfloor,common,boot7,C40M17,C40,M17,H3K27me3,109047905,0.6080707017122712,0.24032108397648366,0.26331586109730776,2.0044506869085463,0.6951140247077267,1.0813362992716569,512.1217000655503,32.09365919846143,14.924921538804709
avg.none,common,boot7,C40M17,C40,M17,H3K27me3,109047905,0.7619032256498798,0.2343587234326995,0.2580312875319907,2.723452375231909,0.8914595768360637,1.9434939283121142,500.47882525061107,30.755025710432886,28.700907579110773
avocado.none,common,boot7,C40M17,C40,M17,H3K27me3,109047905,0.6331181434963146,0.22138435112408578,0.26123214120981275,2.078506344132612,0.71491423883184,1.1744998759837635,510.09596712536415,33.51770301355408,14.850323628730296
candi.none,common,boot8,C40M17,C40,M17,H3K27me3,109595876,0.6212743953239619,0.16249426709053724,0.27132071396719687,2.127457493993016,0.7050245249822803,1.1508139949734115,505.23854213735245,36.96452691114703,4.878798103871427
candi.tcfloor,common,boot8,C40M17,C40,M17,H3K27me3,109595876,0.6144686267712944,0.252047960904479,0.29244592780571405,2.001251542897303,0.6967228747446059,1.0637508437725887,488.7051055922236,31.93979593481327,14.856607596938913
avg.none,common,boot8,C40M17,C40,M17,H3K27me3,109595876,0.7802419830176295,0.2410587887350862,0.28863051794967604,2.752422608609466,0.9030867921795788,1.95229247265267,479.1022311618621,30.714499564846847,29.353847368800402
avocado.none,common,boot8,C40M17,C40,M17,H3K27me3,109595876,0.6391720641763649,0.22972627094609263,0.28573198248651516,2.078874497030481,0.715694770322849,1.1500333615420184,487.22173456302374,33.721170044870185,14.730635904024048
candi.none,common,boot9,C40M17,C40,M17,H3K27me3,109214135,0.5914854025122833,0.1507599323023483,0.2536573986804791,2.104938663541008,0.6798917943646275,1.055686618853976,504.31908370556454,35.32702615441705,4.408056390809611
candi.tcfloor,common,boot9,C40M17,C40,M17,H3K27me3,109214135,0.5910487122726212,0.23651177347886168,0.2731255244257199,2.006506394187343,0.6795280111431229,1.010516255682836,488.04240541426657,30.89647166773997,14.42418639430232
avg.none,common,boot9,C40M17,C40,M17,H3K27me3,109214135,0.7466608352153435,0.22794541224561995,0.26679137799739794,2.743375765531126,0.8780177852899208,1.9163366778723985,477.7286243194284,29.873888831522738,28.378958453246195
avocado.none,common,boot9,C40M17,C40,M17,H3K27me3,109214135,0.614698619731657,0.21583069174907094,0.2664717769121415,2.0834232688628673,0.6981567557063834,1.093595920451073,486.27823965708353,32.34713882193691,14.393332687653034
avg.none,full,all23,C40M18,C40,M18,H3K36me3,121240998,1.2448278754371649,0.5302705331179163,0.4351988860459317,3.1909863081852237,2.1673844200742676,1.360082506323003,939.4976052546602,87.00702480318353,42.55195324809217
avocado.none,full,all23,C40M18,C40,M18,H3K36me3,121240998,1.4434575430574392,0.42205752041868694,0.372663071118249,3.7415174454438853,2.535786473403723,1.4988800673117155,995.5643198054014,106.08129214408847,25.524869018252257
avocado005.none,full,all23,C40M18,C40,M18,H3K36me3,121240998,1.7276311364680332,0.24080254653667998,0.23919325274504863,4.1138798211121035,2.9994123340456538,1.874891656399859,990.660250363051,112.3144579048421,37.6506962176665
avg.none,full,boot0,C40M18,C40,M18,H3K36me3,109250012,1.2623431249902306,0.5187823053392916,0.42118828594205737,3.3607545174947813,2.2029213995134875,1.3888776568674164,1047.2347892026014,89.88783687290478,45.15798048637692
avocado.none,full,boot0,C40M18,C40,M18,H3K36me3,109250012,1.4671709594835827,0.40521965978433466,0.3510059671816098,3.9541420923590724,2.5838871649063657,1.5341172851191678,1109.3954060705312,109.94544869382436,27.70578795426334
avocado005.none,full,boot0,C40M18,C40,M18,H3K36me3,109250012,1.7345835972248116,0.2329271385548318,0.23322152794730466,4.294508780907958,3.0169881371980227,1.912616076613783,1102.6659198328703,114.59859346093114,38.27681994940677
avg.none,full,boot1,C40M18,C40,M18,H3K36me3,109208595,1.2571468779620971,0.520275801985011,0.4374225333583236,3.3385829370179554,2.2131741128669957,1.3896275026410507,1060.9012039918034,89.92837385062018,45.324243261160184
avocado.none,full,boot1,C40M18,C40,M18,H3K36me3,109208595,1.4377641278522573,0.4170534957392603,0.37710256470245435,3.8778702969606833,2.5507485269285706,1.5200897806331706,1122.933697209332,107.30408038044453,25.35693040085821
avocado005.none,full,boot1,C40M18,C40,M18,H3K36me3,109208595,1.7231819388412202,0.23417305789827966,0.23668513795842136,4.260816670494277,3.0235968669894855,1.9056724061322228,1117.148300997674,114.33053699758854,37.81239372593001
avg.none,full,boot2,C40M18,C40,M18,H3K36me3,109027451,1.3116128564602978,0.5300408570032844,0.4364913382868502,3.3528876350289534,2.3010102082856467,1.423750967917062,1022.7722348105668,93.00077306308975,45.271444512564216
avocado.none,full,boot2,C40M18,C40,M18,H3K36me3,109027451,1.5259073493332824,0.42251097707237,0.3690022284514569,3.9392271381074893,2.7011283098658128,1.57308901536743,1083.8508070562534,113.52854799187628,27.440093130051967
avocado005.none,full,boot2,C40M18,C40,M18,H3K36me3,109027451,1.80819000164801,0.24118189027370632,0.24017414428907555,4.300208234229306,3.1579324453145627,1.9705625855218074,1077.921224630306,119.3309611985498,38.698683727646056
avg.none,full,boot3,C40M18,C40,M18,H3K36me3,109057867,1.3262828640831321,0.5325108116031806,0.4417231393184766,3.3185731685823314,2.2778698421059085,1.4057743750599485,998.933283040105,93.22237743156187,44.55794941304596
avocado.none,full,boot3,C40M18,C40,M18,H3K36me3,109057867,1.5425126616471283,0.4221872984196873,0.3800969067204077,3.902152991457423,2.6720713134308647,1.5526954891935019,1058.4509168522352,113.34616489586426,26.120486152611324
avocado005.none,full,boot3,C40M18,C40,M18,H3K36me3,109057867,1.835509334973387,0.2432022263586854,0.2441276252388299,4.265203483094845,3.1457577646859387,1.947924607572642,1053.1826510027695,119.86956234697809,38.74987092297263
avg.none,full,boot4,C40M18,C40,M18,H3K36me3,108648525,0.8750753914715997,0.5822751205452583,0.4430911329081968,2.1325484550885236,1.5082776400430593,1.1019136041850035,62.237080778606405,50.63379466143552,21.812325183447886
avocado.none,full,boot4,C40M18,C40,M18,H3K36me3,108648525,1.0437164701542492,0.47466731577086424,0.380590829654795,2.6255422302335107,1.8233509465228313,1.2441875919540883,73.37060648812287,67.21859530279828,21.817044781753157
avocado005.none,full,boot4,C40M18,C40,M18,H3K36me3,108648525,1.3382161300298392,0.2654505347926418,0.2406606515271955,3.0390232217334314,2.310451328359313,1.6003266124415778,81.03596809982334,74.07518154465787,29.155925399198477
avg.none,full,boot5,C40M18,C40,M18,H3K36me3,109056943,1.2940715865022225,0.5284000642728754,0.44508814921459694,3.2607431778730076,2.259288128160606,1.4218505957311942,1018.9721583375746,91.6868033629483,44.76223048900798
avocado.none,full,boot5,C40M18,C40,M18,H3K36me3,109056943,1.4888636549108842,0.42549444810340514,0.3791933064933885,3.8142181178467665,2.62153991581738,1.5595207033923981,1078.6833555476521,110.47143746598442,25.740354763258
avocado005.none,full,boot5,C40M18,C40,M18,H3K36me3,109056943,1.7824497682900973,0.24215411342156323,0.24231250390524087,4.213541940587446,3.1029336369067684,1.952329633125849,1073.4730222573455,117.72619391113449,38.533740152758824
avg.none,full,boot6,C40M18,C40,M18,H3K36me3,109061613,1.2978352026564681,0.5278068516706086,0.4444105499712781,3.385503079051631,2.2823221552535555,1.410026550197956,1015.0713797349972,91.92204685356177,44.75476414650199
avocado.none,full,boot6,C40M18,C40,M18,H3K36me3,109061613,1.5009905295045112,0.41996700376851015,0.38543006342510017,3.959558277986005,2.6621030311136105,1.5538391903380016,1075.0874454961427,111.51263254216946,25.901164926286512
avocado005.none,full,boot6,C40M18,C40,M18,H3K36me3,109061613,1.7895902590246413,0.24075115659459956,0.242496779239649,4.35606777903674,3.137250601532792,1.9018679024000242,1069.3497645577095,117.96838017592992,38.820446932710986
avg.none,full,boot7,C40M18,C40,M18,H3K36me3,109047925,1.2933162564941858,0.5272485990013867,0.4196248993930975,3.2675030046636,2.2387052654485724,1.32206646695499,1072.8480906390507,91.9273020923247,45.496053790655225
avocado.none,full,boot7,C40M18,C40,M18,H3K36me3,109047925,1.5027521737234089,0.4146588883849278,0.3548968552945229,3.7788060142222206,2.624262000058247,1.4419005478753066,1134.5788437936853,111.65626860715986,26.60308492462156
avocado005.none,full,boot7,C40M18,C40,M18,H3K36me3,109047925,1.7844539762702936,0.2378056008165774,0.23419690625810397,4.128784664255332,3.078916482904391,1.8084157823134674,1127.0913307771173,117.71829297327304,38.852481440398755
avg.none,full,boot8,C40M18,C40,M18,H3K36me3,109595897,1.298446875896604,0.5276003220864578,0.438721346636253,3.271454833933859,2.229868837101865,1.381665133302785,990.6225612505614,90.60457556876894,43.37423822349972
avocado.none,full,boot8,C40M18,C40,M18,H3K36me3,109595897,1.5121846013907931,0.4167277516677729,0.38006451351020576,3.8422174573176506,2.6211900577709977,1.522097914950908,1049.5890619281897,110.75829629040236,24.835725037860875
avocado005.none,full,boot8,C40M18,C40,M18,H3K36me3,109595897,1.79390657292347,0.24076579104849039,0.24510288546506723,4.189845758529422,3.0781407936372784,1.9161606365530643,1043.186480593373,116.17816392406802,38.41469639933919
avg.none,full,boot9,C40M18,C40,M18,H3K36me3,109214154,1.2304896538702645,0.5180812046447417,0.4230070900106231,3.2181453085742877,2.1505411306740156,1.3529384749885078,1044.2697242256534,87.14505607977844,43.98450348797929
avocado.none,full,boot9,C40M18,C40,M18,H3K36me3,109214154,1.4109129750489813,0.41326336781590384,0.36921927792674747,3.7149396794214873,2.485948107282665,1.484142504773501,1105.3798557244706,104.8854218575697,24.24436194409897
avocado005.none,full,boot9,C40M18,C40,M18,H3K36me3,109214154,1.684522835502375,0.2342650707382303,0.23282044055616669,4.083862402398122,2.930888509953511,1.8283377546385586,1098.0645894003035,111.204798107013,37.01411751340204
candi.none,common,all23,C40M18,C40,M18,H3K36me3,121240975,1.6488002815755611,0.24021616533210227,0.3425294072697225,4.145401191108434,2.8912306333015874,1.6554076617119673,1005.9357466261644,122.85497650335797,42.02270281342609
candi.tcfloor,common,all23,C40M18,C40,M18,H3K36me3,121240975,1.2466140967435815,0.5336990805927039,0.44949441415597513,3.215949638336145,2.1697784113252827,1.3549587590814858,942.0021070290842,88.80396462857304,44.87377778744809
avg.none,common,all23,C40M18,C40,M18,H3K36me3,121240975,1.2448281115870399,0.530270519624825,0.43519856386688577,3.1909863081852237,2.1673844200742676,1.360082506323003,939.49760525466,87.00702480318353,42.55195324809217
avocado.none,common,all23,C40M18,C40,M18,H3K36me3,121240975,1.4434578162670926,0.4220575017840801,0.37266271661207817,3.7415174454438853,2.535786473403723,1.4988800673117155,995.5643198054014,106.08129214408847,25.524869018252257
candi.none,common,boot0,C40M18,C40,M18,H3K36me3,109249991,1.646266569452322,0.23859577943872165,0.32927884050623074,4.323559153535576,2.8936362798343565,1.6898762720917961,1119.0308462374437,124.59594745009232,45.73180954009436
candi.tcfloor,common,boot0,C40M18,C40,M18,H3K36me3,109249991,1.2631698425777182,0.5226846773271765,0.43537890495817244,3.386066687046205,2.2035776817394437,1.3856189813487456,1049.8855224028991,91.57539238185463,47.89273621304558
avg.none,common,boot0,C40M18,C40,M18,H3K36me3,109249991,1.2623433676374418,0.5187822916187211,0.42118795144936333,3.3607545174947813,2.2029213995134875,1.3888776568674164,1047.2347892026012,89.88783687290478,45.15801362547075
avocado.none,common,boot0,C40M18,C40,M18,H3K36me3,109249991,1.4671712408580488,0.40521964052146675,0.35100559442033374,3.9541420923590724,2.5838871649063657,1.5341172851191678,1109.3954060705312,109.94544869382436,27.705813231945886
candi.none,common,boot1,C40M18,C40,M18,H3K36me3,109208574,1.642233629367759,0.23695393165907935,0.3486518736411954,4.279321227678731,2.9084388290676353,1.6787585509953178,1133.868395573186,124.38552127117288,45.32403435587291
candi.tcfloor,common,boot1,C40M18,C40,M18,H3K36me3,109208574,1.2585528426836015,0.5242032426258613,0.4526023328086816,3.363191183532162,2.2150523001852345,1.384873453617728,1063.644307194989,91.63829264767463,48.027134350238406
avg.none,common,boot1,C40M18,C40,M18,H3K36me3,109208574,1.2571471197021316,0.5202757885196775,0.4374222079627538,3.3385829370179554,2.2131741128669957,1.3896275026410507,1060.9012039918032,89.92837385062018,45.324243261160184
avocado.none,common,boot1,C40M18,C40,M18,H3K36me3,109208574,1.43776440374308,0.4170534772743167,0.37710220700928165,3.8778702969606833,2.5507485269285706,1.5200897806331706,1122.933697209332,107.30408038044453,25.35693040085821
candi.none,common,boot2,C40M18,C40,M18,H3K36me3,109027430,1.7350462026060753,0.2406914938736854,0.34448432320176664,4.3281340171551115,3.06384262101879,1.7333894148321127,1094.3890235242297,130.20937015254853,45.029255006066926
candi.tcfloor,common,boot2,C40M18,C40,M18,H3K36me3,109027430,1.3142762979111509,0.5334157069306986,0.45111955176129515,3.3773166812642463,2.304925864918814,1.4187978583979408,1025.4571197045034,94.84441376805644,47.96784633130358
avg.none,common,boot2,C40M18,C40,M18,H3K36me3,109027430,1.3116131090927774,0.5300408436527017,0.43649101195491546,3.3528876350289534,2.3010102082856467,1.423750967917062,1022.7722348105666,93.00077306308975,45.271444512564216
avocado.none,common,boot2,C40M18,C40,M18,H3K36me3,109027430,1.5259076426463054,0.42251095858743193,0.3690018667851152,3.9392271381074893,2.7011283098658128,1.57308901536743,1083.8508070562534,113.52854799187628,27.440093130051967
candi.none,common,boot3,C40M18,C40,M18,H3K36me3,109057846,1.7627909285763945,0.24021448608826165,0.3465975070640503,4.3266327069959365,3.048742102544008,1.7164987337902164,1069.3740246577302,131.24643662061473,44.73222153621679
candi.tcfloor,common,boot3,C40M18,C40,M18,H3K36me3,109057846,1.3290228401218778,0.5356951138523612,0.4559115831066049,3.3461923936246434,2.281965900850685,1.4007679628645457,1001.6051259616731,95.14653521691666,47.32644684740276
avg.none,common,boot3,C40M18,C40,M18,H3K36me3,109057846,1.3262831194699856,0.53251079802229,0.4417228160759234,3.3185731685823314,2.2778698421059085,1.4057743750599485,998.9332830401048,93.22237743156187,44.55794941304596
avocado.none,common,boot3,C40M18,C40,M18,H3K36me3,109057846,1.5425129579856454,0.422187279615626,0.38009655149753724,3.902152991457423,2.6720713134308647,1.5526954891935019,1058.4509168522352,113.34616489586426,26.120486152611324
candi.none,common,boot4,C40M18,C40,M18,H3K36me3,108648504,1.2511962679318815,0.2547939984146281,0.3524810376308146,3.0603748246980063,2.18647620550495,1.3754612693706023,85.85744334480282,84.26733765464319,13.451260089898732
candi.tcfloor,common,boot4,C40M18,C40,M18,H3K36me3,108648504,0.8767184850154695,0.5844621967969503,0.45829861785435044,2.1614811296289,1.5104805844905664,1.0968505931372152,63.68010692204879,52.45560329850482,21.968699572859475
avg.none,common,boot4,C40M18,C40,M18,H3K36me3,108648504,0.8750755606095312,0.5822751061851498,0.44309080906216647,2.1325484550885236,1.5082776400430593,1.1019136041850035,62.237080778606405,50.63379466143552,21.812325183447886
avocado.none,common,boot4,C40M18,C40,M18,H3K36me3,108648504,1.0437166712039312,0.4746672960527044,0.38059047342445673,2.6255422302335107,1.8233509465228313,1.2441875919540883,73.37060648812287,67.21859530279828,21.817044781753157
candi.none,common,boot5,C40M18,C40,M18,H3K36me3,109056922,1.7074801322357651,0.24381717028435554,0.3544223444312141,4.244547427031656,3.0006604289102117,1.732423467968979,1089.6411443771933,128.45725025237465,45.14056172076393
candi.tcfloor,common,boot5,C40M18,C40,M18,H3K36me3,109056922,1.295309037421058,0.5322187737180677,0.4599342980291154,3.2862770442048954,2.260941774156938,1.4168841779850323,1021.5846268413326,93.48928912306728,47.38048724108449
avg.none,common,boot5,C40M18,C40,M18,H3K36me3,109056922,1.2940718356886363,0.5284000510680539,0.44508782777044575,3.2607431778730076,2.259288128160606,1.4218505957311942,1018.9721583375743,91.6868033629483,44.76223048900798
avocado.none,common,boot5,C40M18,C40,M18,H3K36me3,109056922,1.4888639411315043,0.42549443011958304,0.3791929508229528,3.8142181178467665,2.62153991581738,1.5595207033923981,1078.6833555476521,110.47143746598442,25.740354763258
candi.none,common,boot6,C40M18,C40,M18,H3K36me3,109061592,1.7124185710238955,0.24205257655830673,0.35249161558671643,4.396639524008928,3.031581436046718,1.7165956705190728,1085.6151114834424,128.72167945090922,45.49777858030902
candi.tcfloor,common,boot6,C40M18,C40,M18,H3K36me3,109061592,1.2992326287186662,0.5315686334211605,0.4591874112631485,3.41250044633278,2.2842375073169445,1.4041099282261311,1017.6905781431249,93.74989035676076,47.41715961837698
avg.none,common,boot6,C40M18,C40,M18,H3K36me3,109061592,1.2978354525569027,0.5278068383484136,0.44441022816976883,3.385503079051631,2.2823221552535555,1.410026550197956,1015.071379734997,91.92212274443695,44.75476414650199
avocado.none,common,boot6,C40M18,C40,M18,H3K36me3,109061592,1.5009908179276876,0.4199669852693079,0.385429710807286,3.959558277986005,2.6621030311136105,1.5538391903380016,1075.0874454961427,111.51271574709251,25.9012094574665
candi.none,common,boot7,C40M18,C40,M18,H3K36me3,109047905,1.7059585977355556,0.23857320468735274,0.324512788397067,4.157003847608796,2.9725635151252883,1.5821331887803896,1143.9459409321166,128.35851508708225,45.773726582780746
candi.tcfloor,common,boot7,C40M18,C40,M18,H3K36me3,109047905,1.2960441747864369,0.5306294023563244,0.4331247104751945,3.2865376477912225,2.2423455063454543,1.312614508162554,1075.3246091924996,93.73168307031025,48.1634741791746
avg.none,common,boot7,C40M18,C40,M18,H3K36me3,109047905,1.293316493695672,0.5272485860495459,0.4196245794856413,3.2675030046636,2.2387052654485724,1.32206646695499,1072.8480906390505,91.9273020923247,45.496053790655225
avocado.none,common,boot7,C40M18,C40,M18,H3K36me3,109047905,1.5027524486486339,0.4146588703000617,0.35489650317591936,3.7788060142222206,2.624262000058247,1.4419005478753066,1134.5788437936853,111.65626860715986,26.60308492462156
candi.none,common,boot8,C40M18,C40,M18,H3K36me3,109595876,1.717062247888589,0.23478215256848012,0.3399111930218472,4.216730851988538,2.9717718903114925,1.6852521617005336,1059.033067316143,126.95512160881438,43.830528273927996
candi.tcfloor,common,boot8,C40M18,C40,M18,H3K36me3,109595876,1.3008180937989613,0.5304811440569835,0.45046893338577737,3.2948300712650256,2.2333975051425523,1.3771278434022833,993.1726059333276,92.45249374460717,45.920714909573064
avg.none,common,boot8,C40M18,C40,M18,H3K36me3,109595876,1.2984471246959692,0.5276003077484087,0.4387210234303019,3.271454833933859,2.229868837101865,1.381665133302785,990.6225612505611,90.60457556876894,43.37423822349972
avocado.none,common,boot8,C40M18,C40,M18,H3K36me3,109595876,1.5121848904687725,0.416727731845429,0.3800641600808954,3.8422174573176506,2.6211900577709977,1.522097914950908,1049.5890619281897,110.75829629040236,24.835725037860875
candi.none,common,boot9,C40M18,C40,M18,H3K36me3,109214135,1.6058232257476268,0.23470460961968262,0.3304344022002905,4.112545776241853,2.8229537308070496,1.640150838188032,1114.3734587808406,121.13426485342201,45.78294534489005
candi.tcfloor,common,boot9,C40M18,C40,M18,H3K36me3,109214135,1.231339134340888,0.5218189083428196,0.4373535753876788,3.241770871965616,2.1509336744217356,1.3496021997875123,1046.777082926825,88.8456769689197,46.49890253758343
avg.none,common,boot9,C40M18,C40,M18,H3K36me3,109214135,1.2304898679387402,0.5180811920307692,0.4230067882074503,3.2181453085742877,2.1505411306740156,1.3529384749885078,1044.2697242256531,87.14505607977844,43.98450348797929
avocado.none,common,boot9,C40M18,C40,M18,H3K36me3,109214135,1.4109132199172894,0.41326335058170655,0.36921895092067863,3.7149396794214873,2.485948107282665,1.484142504773501,1105.3798557244706,104.8854218575697,24.24436194409897
avg.none,full,all23,C40M20,C40,M20,H3K4me1,121240998,6.51682469801439,0.2953401277840236,0.38256361818021506,21.189115543617046,8.44449024541351,51.23586524966182,12834.94652707429,568.3160935899016,167.44445962660814
avocado.none,full,all23,C40M20,C40,M20,H3K4me1,121240998,6.49055715046392,0.4042776710096942,0.3673008886544756,21.583477805994672,8.440815501442238,53.366448478118365,12973.694396971729,590.6903057790212,263.49228088990594
avocado005.none,full,all23,C40M20,C40,M20,H3K4me1,121240998,7.385097842912055,0.28197128665276,0.30460309252142487,23.13110740895413,9.767482721900892,57.259361974607465,12692.773087154921,531.5524932544256,254.78795766951848
avg.none,full,boot0,C40M20,C40,M20,H3K4me1,109250012,6.492137769097486,0.29058927454810213,0.3705265093377324,22.378747906728247,8.468851728630645,49.40342066297193,14074.526829183455,569.2385854127224,169.25457272621236
avocado.none,full,boot0,C40M20,C40,M20,H3K4me1,109250012,6.479351130124134,0.3954778124453058,0.35578416714183814,22.80027158619586,8.485851835683368,51.52423454933851,14226.222922128338,591.8659292139989,261.3229147702609
avocado005.none,full,boot0,C40M20,C40,M20,H3K4me1,109250012,7.2948086270777095,0.2800566717579235,0.2930718407266584,24.026106043911003,9.739162146766645,53.59027179904336,13924.677473316664,530.8325266231129,248.54175261178315
avg.none,full,boot1,C40M20,C40,M20,H3K4me1,109208595,6.548661188900621,0.29411498591979096,0.38772929829337527,22.995889562183486,8.619582993637227,53.12539850968162,15746.690245525597,574.1163865372528,173.13575654831433
avocado.none,full,boot1,C40M20,C40,M20,H3K4me1,109208595,6.490964783744901,0.407552917691035,0.37883945673668057,23.386909010804345,8.582914647735244,54.91335809275503,15908.56894706716,592.8893094054506,271.81017744578116
avocado005.none,full,boot1,C40M20,C40,M20,H3K4me1,109208595,7.417045890116762,0.279744345586881,0.3099466849547326,24.908545420482614,9.987147324721064,59.30177031876961,15578.87910914962,537.079070697358,254.60189264196103
avg.none,full,boot2,C40M20,C40,M20,H3K4me1,109027451,6.844180265346353,0.29491434082262064,0.38383825806826427,22.58170397358898,8.91946199931545,53.20707579206796,13694.550874474882,599.4105814531257,176.75573154043167
avocado.none,full,boot2,C40M20,C40,M20,H3K4me1,109027451,6.8449059337187785,0.39884398542092164,0.36648279006377626,23.017878292120685,8.95921704848814,55.52076318584363,13843.175976476366,624.0958034237815,278.905222970305
avocado005.none,full,boot2,C40M20,C40,M20,H3K4me1,109027451,7.7122279495855475,0.27980104049548443,0.30515745603321154,24.577697676690352,10.255958314487529,59.3782021028871,13546.84043608531,561.3929197369309,263.1423634626233
avg.none,full,boot3,C40M20,C40,M20,H3K4me1,109057867,6.802587419549357,0.29855309864561097,0.38653568227241564,22.179150947169738,8.710105141988572,51.44022972662168,13486.509935934724,591.0800405172527,175.45001031265775
avocado.none,full,boot3,C40M20,C40,M20,H3K4me1,109057867,6.776320575008589,0.40918552038748607,0.37475807079343404,22.599523829508165,8.706736368751868,53.723411889737136,13638.06503900867,614.8542784614433,272.5991894603374
avocado005.none,full,boot3,C40M20,C40,M20,H3K4me1,109057867,7.71179335333546,0.28349381377852034,0.3088146690513893,24.243381711286464,10.083846896255622,58.11663867109559,13345.99811883863,553.7101750485855,263.3491943741899
avg.none,full,boot4,C40M20,C40,M20,H3K4me1,108648525,5.486008034051011,0.31261963949072985,0.39052012432851363,9.444173731739582,6.873225588578221,47.36793354764112,1705.73776098698,466.5182025252647,135.60496810974942
avocado.none,full,boot4,C40M20,C40,M20,H3K4me1,108648525,5.447422517107911,0.42396087739766547,0.372444075738349,9.618625017676885,6.829584032888042,49.4597206846932,1737.4449747370584,488.3757902065684,209.53418527571236
avocado005.none,full,boot4,C40M20,C40,M20,H3K4me1,108648525,6.39616495878928,0.29784006233349114,0.3125313665399459,11.42294624153872,8.234187736037384,53.79277578009411,1628.6993375159593,434.0159286502161,226.3756876446927
avg.none,full,boot5,C40M20,C40,M20,H3K4me1,109056943,6.687345313503472,0.2943021249448491,0.3903415422480477,22.641238067371873,8.728208882003246,54.402085657275194,13904.711803241844,586.6550766420482,174.75175380127092
avocado.none,full,boot5,C40M20,C40,M20,H3K4me1,109056943,6.66015709762268,0.4000623092935005,0.37177504882715356,23.053447113218148,8.725831861771542,56.6208511591447,14053.564613281564,609.2557663746819,272.5546795686059
avocado005.none,full,boot5,C40M20,C40,M20,H3K4me1,109056943,7.533250371063727,0.2795800710754102,0.3120499734765147,24.6269999242832,10.010591171416365,60.21608585438399,13757.15967518462,550.7108120070554,255.61758674142158
avg.none,full,boot6,C40M20,C40,M20,H3K4me1,109061613,6.651039996472262,0.2954621495217536,0.39041575053416616,22.459906990442374,8.698745274706505,52.4227813254316,13754.637719614384,581.3782573653122,174.12594562729197
avocado.none,full,boot6,C40M20,C40,M20,H3K4me1,109061613,6.623211859878286,0.4046311610969405,0.3750947970345791,22.88968656171988,8.692571983181223,54.58844287664951,13902.452387147261,604.1458520779472,271.7156834262719
avocado005.none,full,boot6,C40M20,C40,M20,H3K4me1,109061613,7.543946281372483,0.28049117607601065,0.3123062476190823,24.475142282606,10.056611020952039,58.69244301108401,13607.20797734959,545.3206676878934,261.61687563411493
avg.none,full,boot7,C40M20,C40,M20,H3K4me1,109047925,6.660163153105637,0.2922602129599969,0.3672507502478975,22.587259686364195,8.571713106123742,53.2436627254088,14042.730214777072,582.7356238185209,172.55470284439363
avocado.none,full,boot7,C40M20,C40,M20,H3K4me1,109047925,6.642254298351271,0.40421219691788596,0.35322598881789685,23.014109857975885,8.575585591905357,55.461258735540035,14193.960536268807,606.0638857758399,277.099427301995
avocado005.none,full,boot7,C40M20,C40,M20,H3K4me1,109047925,7.499228948925623,0.2800630829716011,0.2892124723403084,24.43746245183849,9.8204653452995,58.97775492835203,13892.596681133246,543.9617902805142,253.4157998728589
avg.none,full,boot8,C40M20,C40,M20,H3K4me1,109595897,6.671764244284136,0.2937246133749859,0.3844073328483919,22.209001795294988,8.597419295065993,48.900653464044375,13267.846736980617,578.45102182315,161.59255295528712
avocado.none,full,boot8,C40M20,C40,M20,H3K4me1,109595897,6.652010025405435,0.40109134889570736,0.3665909308571375,22.61386274889205,8.606673661771827,51.14895831035165,13411.68937877505,601.4409540487227,260.59588056082777
avocado005.none,full,boot8,C40M20,C40,M20,H3K4me1,109595897,7.551019659934103,0.2829566844086065,0.30593621801733917,24.143151538414298,9.926034656548834,55.119201791720144,13126.2966469861,539.8935952012185,257.33176830693816
avg.none,full,boot9,C40M20,C40,M20,H3K4me1,109214154,6.320108705809187,0.2887644044906495,0.37289358133272243,22.422472743269218,8.23551792451,48.945648708837844,14052.606848905973,552.6838551558251,161.05265388784332
avocado.none,full,boot9,C40M20,C40,M20,H3K4me1,109214154,6.284685169161132,0.40113537036042607,0.3566415537998835,22.848139471700208,8.220246301822925,50.78470785296679,14196.00282451524,572.9842269638415,260.30522693362485
avocado005.none,full,boot9,C40M20,C40,M20,H3K4me1,109214154,7.1874575183050755,0.27776452223698855,0.2960130489343666,24.448926535258384,9.539623522148638,55.461799266600444,13902.855085009076,518.0339200070686,247.2922453272362
candi.none,common,all23,C40M20,C40,M20,H3K4me1,121240975,6.436196269054745,0.5389186208317431,0.436027991077524,21.748830567735606,8.41091669278989,54.90680566316543,13012.011643500384,590.0921718617034,436.7760173160659
candi.tcfloor,common,all23,C40M20,C40,M20,H3K4me1,121240975,6.027115615680842,0.5282617047142792,0.44193837716700163,20.712569861681228,7.862967314813973,50.1018791918999,12867.315455274827,552.305636390404,407.6553555081373
avg.none,common,all23,C40M20,C40,M20,H3K4me1,121240975,6.516825934287589,0.2953401167676551,0.38256326580948774,21.189115543617046,8.44449024541351,51.23586524966182,12834.94652707429,568.3160935899016,167.44445962660814
avocado.none,common,all23,C40M20,C40,M20,H3K4me1,121240975,6.490558381434879,0.4042776650583037,0.3673005311296118,21.583477805994672,8.440815501442238,53.366448478118365,12973.694396971729,590.6903057790212,263.49228088990594
candi.none,common,boot0,C40M20,C40,M20,H3K4me1,109249991,6.401165055274992,0.5330039003507535,0.4245774501961331,22.90819560815095,8.428806111826312,52.560237585164685,14261.951352996692,588.6708962487436,438.55174467570964
candi.tcfloor,common,boot0,C40M20,C40,M20,H3K4me1,109249991,6.006645027629942,0.5231672481567725,0.43048885763280137,21.91325705839501,7.8952653090346026,48.11309249385177,14109.137071923238,552.0131273226084,412.99323777136163
avg.none,common,boot0,C40M20,C40,M20,H3K4me1,109249991,6.49213901701423,0.29058926340133223,0.3705261454008355,22.378747906728247,8.468851728630645,49.40342066297193,14074.526829183455,569.2390553910627,169.25467753848713
avocado.none,common,boot0,C40M20,C40,M20,H3K4me1,109249991,6.479352375237932,0.39547780656287895,0.35578379849809955,22.80027158619586,8.485851835683368,51.52423454933851,14226.222922128338,591.8664144709654,261.3231539622322
candi.none,common,boot1,C40M20,C40,M20,H3K4me1,109208574,6.469981837166394,0.5337695675191771,0.4414386194002843,23.60486456177403,8.592896243417815,56.84863042655311,15958.156617285957,595.1872354156984,443.9127469424056
candi.tcfloor,common,boot1,C40M20,C40,M20,H3K4me1,109208574,6.066765186449634,0.5247836799871598,0.447234497770052,22.544100881815243,8.041960274571474,51.99287122170682,15786.112864785415,557.7542645034231,417.2056191784378
avg.none,common,boot1,C40M20,C40,M20,H3K4me1,109208574,6.54866244815967,0.29411497503735323,0.38772894397453017,22.995889562183486,8.619582993637227,53.12539850968162,15746.690245525593,574.1163865372528,173.13575654831433
avocado.none,common,boot1,C40M20,C40,M20,H3K4me1,109208574,6.490966031612744,0.4075529120097147,0.37883910019204375,23.386909010804345,8.582914647735244,54.91335809275503,15908.56894706716,592.8893094054506,271.81017744578116
candi.none,common,boot2,C40M20,C40,M20,H3K4me1,109027430,6.76762004464106,0.5349438070922856,0.43852596990665016,23.16418192238276,8.90053246782471,56.91809897788555,13882.213238514512,621.6506265928816,459.43020626068574
candi.tcfloor,common,boot2,C40M20,C40,M20,H3K4me1,109027430,6.34415602031484,0.5252832869277411,0.44402511814478873,22.1027100622814,8.329275440366482,52.03179476239547,13729.712582120292,582.5610980302616,429.4336933938644
avg.none,common,boot2,C40M20,C40,M20,H3K4me1,109027430,6.844181583618145,0.29491432984516386,0.38383790108125765,22.58170397358898,8.91946199931545,53.20707579206796,13694.550874474882,599.4105814531257,176.75573154043167
avocado.none,common,boot2,C40M20,C40,M20,H3K4me1,109027430,6.8449072518218745,0.3988439795140425,0.366482426481031,23.017878292120685,8.95921704848814,55.52076318584363,13843.175976476366,624.0958034237815,278.905222970305
candi.none,common,boot3,C40M20,C40,M20,H3K4me1,109057846,6.739109696938817,0.5392181328213151,0.44265039389616556,22.798626631944074,8.700448371201757,55.444052679951525,13678.300543661273,615.9520994218316,449.5654716949348
candi.tcfloor,common,boot3,C40M20,C40,M20,H3K4me1,109057846,6.306098892279298,0.5287751542863471,0.44814776627974345,21.719745070719625,8.129124722229056,50.494582457761304,13528.313168997358,576.3532234287754,418.31099671240156
avg.none,common,boot3,C40M20,C40,M20,H3K4me1,109057846,6.802588729444436,0.2985530874353819,0.3865353269029247,22.179150947169738,8.710105141988572,51.44022972662168,13486.509935934724,591.0800405172527,175.45001031265775
avocado.none,common,boot3,C40M20,C40,M20,H3K4me1,109057846,6.776321879492606,0.40918551437650286,0.37475771167952215,22.599523829508165,8.706736368751868,53.723411889737136,13638.06503900867,614.8542784614433,272.5991894603374
candi.none,common,boot4,C40M20,C40,M20,H3K4me1,108648504,5.409185723139557,0.5800296793627706,0.4455198190568764,9.809818299691921,6.822382590777092,51.22080585125751,1770.0044987374285,489.8632643847421,363.63476860657937
candi.tcfloor,common,boot4,C40M20,C40,M20,H3K4me1,108648504,5.014015793051573,0.5616564539632614,0.45123646504821424,8.87766316011461,6.30234276692956,46.40111003267237,1704.9342596694187,453.6156465799074,325.1337195365695
avg.none,common,boot4,C40M20,C40,M20,H3K4me1,108648504,5.486009094407707,0.31261962776337493,0.39051976971912733,9.444173731739582,6.873225588578221,47.36793354764112,1705.73776098698,466.5182025252647,135.60496810974942
avocado.none,common,boot4,C40M20,C40,M20,H3K4me1,108648504,5.447423569712586,0.423960870592322,0.3724437148129058,9.618625017676885,6.829584032888042,49.4597206846932,1737.4449747370586,488.3757902065684,209.53418527571236
candi.none,common,boot5,C40M20,C40,M20,H3K4me1,109056922,6.615548176488648,0.5331062945692925,0.44309035189900875,23.262436452481285,8.704120439201885,58.45366663731901,14095.300788973695,609.5564880111091,455.0933764555768
candi.tcfloor,common,boot5,C40M20,C40,M20,H3K4me1,109056922,6.203049019121217,0.523269840479056,0.44902225073237173,22.178635355694905,8.14785896703972,53.41111885443976,13941.310575599995,571.1792893207974,426.02848640451685
avg.none,common,boot5,C40M20,C40,M20,H3K4me1,109056922,6.687346601218629,0.29430211421147723,0.3903411888992056,22.641238067371873,8.728208882003246,54.402085657275194,13904.711803241844,586.6550766420482,174.75175380127092
avocado.none,common,boot5,C40M20,C40,M20,H3K4me1,109056922,6.660158379761017,0.4000623033345453,0.37177468853107365,23.053447113218148,8.725831861771542,56.6208511591447,14053.564613281564,609.2557663746819,272.5546795686059
candi.none,common,boot6,C40M20,C40,M20,H3K4me1,109061592,6.58032020119215,0.5330334058374637,0.44395733400796256,23.07658512469632,8.67887089080344,56.24048341842466,13945.080715428097,604.5074257843658,446.9726219363639
candi.tcfloor,common,boot6,C40M20,C40,M20,H3K4me1,109061592,6.166275497056111,0.5235027473243606,0.4496055766411086,22.0096854004121,8.120437872376229,51.35771039747868,13793.197672216991,566.1803070394445,418.5678640136153
avg.none,common,boot6,C40M20,C40,M20,H3K4me1,109061592,6.651041277141629,0.2954621386134575,0.39041539727063945,22.459906990442374,8.698745274706505,52.4227813254316,13754.637719614384,581.378734495855,174.12594562729197
avocado.none,common,boot6,C40M20,C40,M20,H3K4me1,109061592,6.6232131348614836,0.4046311551790306,0.37509443911900975,22.88968656171988,8.692571983181223,54.58844287664951,13902.452387147261,604.1463448563338,271.71585841908177
candi.none,common,boot7,C40M20,C40,M20,H3K4me1,109047905,6.577130150704722,0.5332231477564965,0.41953407281553773,23.181750285368693,8.531528098612588,56.967788745603144,14233.80835304589,604.1505791867843,447.9852660410398
candi.tcfloor,common,boot7,C40M20,C40,M20,H3K4me1,109047905,6.167747798062955,0.5234217056490811,0.42584317194472826,22.129685152770925,7.988513804727484,52.07552998771959,14079.212856098526,566.2142946879004,420.12208434898287
avg.none,common,boot7,C40M20,C40,M20,H3K4me1,109047905,6.660164374617073,0.29226020230270894,0.36725040133032116,22.587259686364195,8.571713106123742,53.2436627254088,14042.730214777072,582.7356238185209,172.55470284439363
avocado.none,common,boot7,C40M20,C40,M20,H3K4me1,109047905,6.642255516289584,0.40421219148669035,0.35322563553220376,23.014109857975885,8.575585591905357,55.461258735540035,14193.960536268807,606.0638857758399,277.099427301995
candi.none,common,boot8,C40M20,C40,M20,H3K4me1,109595876,6.579472503771281,0.5409851870575563,0.43156626149200616,22.71192638068891,8.55585240685607,52.3418529453399,13438.971422460398,599.4783615516454,435.7351035637085
candi.tcfloor,common,boot8,C40M20,C40,M20,H3K4me1,109595876,6.158890212610285,0.5299357935313586,0.4388002974654552,21.681651105267534,7.996539354079466,47.64730563777051,13297.57945302426,561.099420397479,405.7003878099544
avg.none,common,boot8,C40M20,C40,M20,H3K4me1,109595876,6.671765522681228,0.2937246016469754,0.384406978233668,22.209001795294988,8.597419295065993,48.900653464044375,13267.846736980613,578.45102182315,161.59255295528712
avocado.none,common,boot8,C40M20,C40,M20,H3K4me1,109595876,6.6520112996749035,0.4010913422464576,0.3665905699058775,22.61386274889205,8.606673661771827,51.14895831035165,13411.68937877505,601.4409540487227,260.59588056082777
candi.none,common,boot9,C40M20,C40,M20,H3K4me1,109214135,6.218296777961067,0.5333199468488049,0.4275869586546416,22.974903738165352,8.17136553680807,52.165950662719666,14231.379628978144,571.0010080012087,425.2127372800499
candi.tcfloor,common,boot9,C40M20,C40,M20,H3K4me1,109214135,5.83341680515735,0.5230336605695485,0.4332794343443514,21.977791458705198,7.656747205810232,47.59007619052561,14082.388602291156,535.2479071529054,399.468734387688
avg.none,common,boot9,C40M20,C40,M20,H3K4me1,109214135,6.320109805319478,0.2887643942116697,0.37289325316717253,22.422472743269218,8.23551792451,48.945648708837844,14052.606848905973,552.6838551558251,161.05265388784332
avocado.none,common,boot9,C40M20,C40,M20,H3K4me1,109214135,6.28468626221507,0.4011353651296282,0.3566412198896163,22.848139471700208,8.220246301822925,50.78470785296679,14196.00282451524,572.9842269638415,260.30522693362485
avg.none,full,all23,C40M22,C40,M22,H3K4me3,121240998,3583.5390541477555,0.6647653785359813,0.23192702770070894,37457.11925138876,6787.9995873710295,9183.85553655933,105397581.88616794,358260.0095890456,356426.2913325933
avocado.none,full,all23,C40M22,C40,M22,H3K4me3,121240998,3861.099862086871,0.598597773079154,0.16844080406555717,40649.9220746617,7303.091407054522,10009.26579224969,106438925.43295829,386102.6116153285,384666.02879660047
avocado005.none,full,all23,C40M22,C40,M22,H3K4me3,121240998,3997.5331923057015,0.5910441565651261,-0.0035584111791655687,42253.220031672085,7544.629939942995,10400.793504859645,106907159.9713047,399738.088467795,395737.077174179
avg.none,full,boot0,C40M22,C40,M22,H3K4me3,109250012,3645.690079743697,0.6536964347132393,0.22223676677835313,38564.51661852422,6929.232727858101,9691.904220587772,112798783.79792014,364474.0073544705,362750.1827873995
avocado.none,full,boot0,C40M22,C40,M22,H3K4me3,109250012,3924.6997308031787,0.5791258024420943,0.17391244888428992,41832.55661891022,7447.786955123118,10529.659505154847,113909741.69914775,392460.13466486975,391113.3309211608
avocado005.none,full,boot0,C40M22,C40,M22,H3K4me3,109250012,4049.8607459662967,0.5817448691191415,0.0015001173685571516,43336.81665380155,7668.064718435903,10918.61564335684,114399189.86654094,404968.17047888885,400163.08526911965
avg.none,full,boot1,C40M22,C40,M22,H3K4me3,109208595,3648.7237242085284,0.6541075465049448,0.2349465576838266,38427.4008047661,7028.448708964708,9454.055984011555,113353420.63666499,364787.0010302328,363126.3084761138
avocado.none,full,boot1,C40M22,C40,M22,H3K4me3,109208595,3916.162163657868,0.5825778338747468,0.16995787649533822,41565.08249479676,7529.109709628496,10273.404439371334,114463507.25969563,391609.1606354628,390289.4944128766
avocado005.none,full,boot1,C40M22,C40,M22,H3K4me3,109208595,4050.2065205277104,0.5854399012818755,-0.008359871103510748,43142.16755840995,7770.345505335821,10652.837190289674,114962625.53121066,405005.70857448183,400886.80230826477
avg.none,full,boot2,C40M22,C40,M22,H3K4me3,109027451,3821.61094478562,0.6593795935547649,0.23237900910760617,39312.51083556514,7305.519512337904,9683.414789670207,109486129.7648563,382064.5320666875,380104.45137912856
avocado.none,full,boot2,C40M22,C40,M22,H3K4me3,109027451,4117.213179605911,0.6135192084511788,0.17595188576340184,42659.328270953716,7856.602883400979,10562.258927277146,110566055.92630735,411713.8490659851,410197.7729118516
avocado005.none,full,boot2,C40M22,C40,M22,H3K4me3,109027451,4247.003718028861,0.586166625119829,-0.002124336324293695,44167.45956515598,8088.244242387997,10913.326161080162,111048385.39822826,424684.8939069481,420504.5755736505
avg.none,full,boot3,C40M22,C40,M22,H3K4me3,109057867,3732.9864326333563,0.6665446331497459,0.23626489478577317,36370.562050764296,6978.108838894252,9110.696252914158,111022305.35270275,373166.7067265912,371172.5627010293
avocado.none,full,boot3,C40M22,C40,M22,H3K4me3,109057867,4018.495792507566,0.6004172942255829,0.16467566993021654,39452.457683568784,7503.263610129389,9879.524193316556,112096189.8487603,401806.92525626154,400280.74593846133
avocado005.none,full,boot3,C40M22,C40,M22,H3K4me3,109057867,4166.00072110886,0.5936117150603442,-0.0037869209984304807,41113.60553514674,7759.565677981004,10282.362482506427,112576958.95270671,416548.5369502816,410409.09642002307
avg.none,full,boot4,C40M22,C40,M22,H3K4me3,108648525,2498.76701797187,0.7469395080845808,0.24112262027492168,27631.917873714097,4590.559382960655,6435.911414151795,5423603.133967813,249781.87773819486,248014.07272382072
avocado.none,full,boot4,C40M22,C40,M22,H3K4me3,108648525,2775.5889333998944,0.6571297417899193,0.16963671653113113,30799.811693663847,5103.0175827979065,7305.820266470983,5623491.206977851,277551.3892920389,276066.77473345265
avocado005.none,full,boot4,C40M22,C40,M22,H3K4me3,108648525,2894.6180320695485,0.6619131065474053,-0.009084858370375455,32173.85847753097,5319.363099979319,7617.813087735383,5732686.085185455,289446.2038835328,284996.397746477
avg.none,full,boot5,C40M22,C40,M22,H3K4me3,109056943,3731.5636815563275,0.6559638816350893,0.23899303085437096,38294.2242195794,7115.391345596598,9602.90647489918,112109924.03813179,373062.1632168105,371167.4057867821
avocado.none,full,boot5,C40M22,C40,M22,H3K4me3,109056943,4001.7877710743014,0.5913308587955228,0.17243051629775225,41359.30769611991,7622.268657462356,10401.736346947011,113207796.32237393,400171.22818024224,398690.8148715856
avocado005.none,full,boot5,C40M22,C40,M22,H3K4me3,109056943,4147.597015893476,0.58305492171391,-0.008481848146851542,43053.671398309285,7880.812391875612,10832.324254964988,113704371.2829095,414744.2822549857,407514.32579732494
avg.none,full,boot6,C40M22,C40,M22,H3K4me3,109061613,3722.474157321863,0.6573004583456079,0.2384548127682938,38628.55706086149,7105.426878434566,9491.82992044292,112695458.72313884,372152.0108644017,370231.07190912665
avocado.none,full,boot6,C40M22,C40,M22,H3K4me3,109061613,4005.983894714269,0.5842970194001504,0.1694606727727921,41866.55995599319,7634.6988519696015,10339.950531344963,113801897.00438726,400590.5479479606,399110.9875953622
avocado005.none,full,boot6,C40M22,C40,M22,H3K4me3,109061613,4142.555661759014,0.5849905493254588,-0.007222194684904312,43473.278979936586,7876.773333210382,10732.977877530282,114296223.96663383,414239.8458961294,408215.0353272987
avg.none,full,boot7,C40M22,C40,M22,H3K4me3,109047925,3745.7985518738674,0.657955743884821,0.21906405242448757,39755.629897736064,7071.706285116768,9655.696116422603,113643024.02708317,374484.5790835209,372631.608538573
avocado.none,full,boot7,C40M22,C40,M22,H3K4me3,109047925,4012.5310608937084,0.6002892051695725,0.1583128266511389,42912.01300332222,7565.6008141932,10463.508073460209,114753315.14612363,401245.31086258206,400002.45525320055
avocado005.none,full,boot7,C40M22,C40,M22,H3K4me3,109047925,4164.1212264298065,0.5842453065723168,0.005736453436884239,44710.1818832177,7833.025405865718,10904.122366034,115258279.98974286,416396.7589327574,410274.8296408786
avg.none,full,boot8,C40M22,C40,M22,H3K4me3,109595897,3739.785844556367,0.6643360697592008,0.23214438100142795,39431.755827778725,6990.876995113322,9373.172376703036,111335669.82621253,373883.0406399547,371834.2231836574
avocado.none,full,boot8,C40M22,C40,M22,H3K4me3,109595897,4032.1934861586856,0.5931833178590935,0.1723496904176408,42806.16069093382,7525.742685641642,10221.374218288402,112427734.98967676,403211.8634389601,401619.124306969
avocado005.none,full,boot8,C40M22,C40,M22,H3K4me3,109595897,4168.920677230241,0.5892287434633515,-0.004034093458935533,44422.83221500452,7762.46623487402,10617.666682085872,112912629.2108058,416876.8697948334,412615.54339085193
avg.none,full,boot9,C40M22,C40,M22,H3K4me3,109214154,3543.0837021260213,0.6517847095658962,0.22317917195537176,38208.00957595977,6735.923925631981,9344.460111955823,116098202.5156043,354212.89245495375,352512.1211984547
avocado.none,full,boot9,C40M22,C40,M22,H3K4me3,109214154,3801.402973893374,0.6037739168993859,0.1587679817250472,41299.70529179088,7213.726783188974,10120.47996069596,117226951.87654395,380128.59804531594,378855.0547454032
avocado005.none,full,boot9,C40M22,C40,M22,H3K4me3,109214154,3939.4616310403903,0.5778080407269648,0.00040177925640673287,42990.350166678654,7457.797029635792,10541.789223771471,117738612.4832578,393926.33410452167,389748.8717000416
candi.none,common,all23,C40M22,C40,M22,H3K4me3,121240975,3451.198483052333,0.5595727505608952,0.23069841350863046,35933.542560074115,6578.936038158295,8457.703154812107,106687286.81225145,344636.22509371256,310266.001613236
candi.tcfloor,common,all23,C40M22,C40,M22,H3K4me3,121240975,3524.1956578282006,0.6741880339502139,0.23337640871614584,36765.6959134607,6684.350619751307,8958.818461621837,105370042.45839798,352311.90700401564,351469.43830253684
avg.none,common,all23,C40M22,C40,M22,H3K4me3,121240975,3583.5397339624656,0.6647653784687789,0.23192658867234245,37457.11925138876,6787.9995873710295,9183.85553655933,105397581.88616794,358260.0095890456,356426.2913325933
avocado.none,common,all23,C40M22,C40,M22,H3K4me3,121240975,3861.1005945556644,0.5985977729258438,0.1684403328187105,40649.9220746617,7303.091407054522,10009.26579224969,106438925.43295829,386102.6116153285,384666.02879660047
candi.none,common,boot0,C40M22,C40,M22,H3K4me3,109249991,3516.7796292440735,0.5476452792834813,0.21943246522549897,37030.26365229314,6727.768393776726,8935.584590053224,114188427.04224287,351218.16401836456,317833.60632054735
candi.tcfloor,common,boot0,C40M22,C40,M22,H3K4me3,109249991,3587.7384244929935,0.6626149478003905,0.2232568302946527,37874.32237304101,6828.1811266948735,9462.522806597039,112771918.12754491,358665.87533690425,357920.9107745871
avg.none,common,boot0,C40M22,C40,M22,H3K4me3,109249991,3645.690780517134,0.6536964346490932,0.2222363164160074,38564.51661852422,6929.232727858101,9691.904220587772,112798783.79792014,364474.0073544705,362750.51480878406
avocado.none,common,boot0,C40M22,C40,M22,H3K4me3,109249991,3924.7004852072428,0.5791258022804676,0.1739119748511161,41832.55661891022,7447.786955123118,10529.659505154847,113909741.69914775,392460.13466486975,391113.68891891575
candi.none,common,boot1,C40M22,C40,M22,H3K4me3,109208574,3515.36362785599,0.549543723048483,0.23313186063689684,36924.165169600565,6809.760024615535,8751.494372420604,114750102.92684424,351090.3012682518,318218.7726523048
candi.tcfloor,common,boot1,C40M22,C40,M22,H3K4me3,109208574,3590.6183899970206,0.6629606144607783,0.23623060284230793,37746.32454254666,6925.301156622465,9232.832021258913,113326341.9225703,358963.7735261212,358216.480718771
avg.none,common,boot1,C40M22,C40,M22,H3K4me3,109208574,3648.724425831079,0.6541075464421211,0.23494611416914893,38427.4008047661,7028.448708964708,9454.055984011555,113353420.63666499,364787.0010302328,363126.3084761138
avocado.none,common,boot1,C40M22,C40,M22,H3K4me3,109208574,3916.1629167064093,0.5825778337200731,0.16995739742772611,41565.08249479676,7529.109709628496,10273.404439371334,114463507.25969563,391609.1606354628,390289.4944128766
candi.none,common,boot2,C40M22,C40,M22,H3K4me3,109027430,3688.948203150245,0.5519944832469332,0.23207259852302478,37820.24361960237,7097.305602583677,8924.33844934232,110831138.88953604,368386.2955715293,326721.5033239965
candi.tcfloor,common,boot2,C40M22,C40,M22,H3K4me3,109027430,3760.9421935831992,0.6685115040473782,0.23366882441172596,38617.113864243795,7199.085497051783,9452.525763462816,109458700.07888353,375983.1908198943,375083.2211685026
avg.none,common,boot2,C40M22,C40,M22,H3K4me3,109027430,3821.6116808740508,0.6593795934823174,0.23237856381165042,39312.51083556514,7305.519512337904,9683.414789670207,109486129.7648563,382064.5320666875,380104.45137912856
avocado.none,common,boot2,C40M22,C40,M22,H3K4me3,109027430,4117.213972630308,0.6135192083466283,0.17595141156938987,42659.328270953716,7856.602883400979,10562.258927277146,110566055.92630735,411713.8490659851,410197.7729118516
candi.none,common,boot3,C40M22,C40,M22,H3K4me3,109057846,3599.788882742914,0.5600964037848633,0.23727054150090113,34947.10766689729,6771.680755648625,8455.181421026675,112383604.18982817,359408.3508311677,315226.5419598779
candi.tcfloor,common,boot3,C40M22,C40,M22,H3K4me3,109057846,3671.47030269017,0.6760248595972802,0.23802191510400256,35695.23490516567,6872.074153545389,8897.229565975244,110997013.99051008,367000.2725989089,366175.82649986906
avg.none,common,boot3,C40M22,C40,M22,H3K4me3,109057846,3732.987151451103,0.666544633071804,0.23626445154260184,36370.562050764296,6978.108838894252,9110.696252914158,111022305.35270275,373166.7067265912,371172.5627010293
avocado.none,common,boot3,C40M22,C40,M22,H3K4me3,109057846,4018.4965663019366,0.6004172940534453,0.16467518955656027,39452.457683568784,7503.263610129389,9879.524193316556,112096189.8487603,401806.92525626154,400280.74593846133
candi.none,common,boot4,C40M22,C40,M22,H3K4me3,108648504,2353.7421844315263,0.6465485881064704,0.24412734516289553,26040.611613923305,4349.973424594765,5699.232573950061,5363604.704058549,234891.88666260027,232979.2226330917
candi.tcfloor,common,boot4,C40M22,C40,M22,H3K4me3,108648504,2440.1149292275495,0.7602883464319127,0.24475777996337242,26962.217837697463,4486.776047879946,6214.548981055629,5384811.2691304255,243902.9659427386,243267.96551024765
avg.none,common,boot4,C40M22,C40,M22,H3K4me3,108648504,2498.7675009431528,0.7469395080441857,0.24112217779343592,27631.917873714097,4590.559382960655,6435.911414151795,5423603.133967813,249781.87773819486,248014.07272382072
avocado.none,common,boot4,C40M22,C40,M22,H3K4me3,108648504,2775.5894698758043,0.6571297416309634,0.1696362369874426,30799.811693663847,5103.0175827979065,7305.820266470983,5623491.206977851,277551.3892920389,276066.77473345265
candi.none,common,boot5,C40M22,C40,M22,H3K4me3,109056922,3608.474711825611,0.5489109694913045,0.23774614770502192,36879.712641358834,6921.921458347577,8910.582596675193,113492966.89617774,360370.12541954604,323348.34310650884
candi.tcfloor,common,boot5,C40M22,C40,M22,H3K4me3,109056922,3673.0590447422824,0.6647500390723119,0.24047464062318696,37618.9869426559,7012.564394345481,9381.657758970106,112083013.34074171,367198.2113701478,366298.0694583209
avg.none,common,boot5,C40M22,C40,M22,H3K4me3,109056922,3731.5644001061996,0.6559638815644571,0.23899258894914416,38294.2242195794,7115.391345596598,9602.90647489918,112109924.03813179,373062.1632168105,371167.4057867821
avocado.none,common,boot5,C40M22,C40,M22,H3K4me3,109056922,4001.7885416579684,0.591330858627511,0.17243004053415023,41359.30769611991,7622.268657462356,10401.736346947011,113207796.32237393,400171.22818024224,398690.8148715856
candi.none,common,boot6,C40M22,C40,M22,H3K4me3,109061592,3594.928883513328,0.5506651201894165,0.23806668578702123,37155.83889984133,6907.444716275534,8787.102919368466,114086290.7428696,359000.4852992649,317756.2464116747
candi.tcfloor,common,boot6,C40M22,C40,M22,H3K4me3,109061592,3662.955831485552,0.6662823486390311,0.23998793459155052,37937.03119240202,7001.3341135945675,9265.842656175939,112668643.68378218,366186.4825145543,365248.8755248654
avg.none,common,boot6,C40M22,C40,M22,H3K4me3,109061592,3722.4748740907626,0.6573004582713717,0.2384543705823175,38628.55706086149,7105.426878434566,9491.82992044292,112695458.72313884,372152.35209170793,370231.4113278001
avocado.none,common,boot6,C40M22,C40,M22,H3K4me3,109061592,4005.984666072898,0.5842970192160976,0.16946019494780853,41866.55995599319,7634.6988519696015,10339.950531344963,113801897.00438726,400590.915250049,399110.9875953622
candi.none,common,boot7,C40M22,C40,M22,H3K4me3,109047905,3614.614741528889,0.5510259732240089,0.2155038926758983,38191.29657068279,6868.766432417504,8907.627888067143,115043348.12163012,360978.0086808657,322936.8378598935
candi.tcfloor,common,boot7,C40M22,C40,M22,H3K4me3,109047905,3686.054500309998,0.6669096624551715,0.21994024270517293,39042.79116592705,6968.116470115024,9424.836082596785,113615671.66320826,368496.3555733129,367603.94129339984
avg.none,common,boot7,C40M22,C40,M22,H3K4me3,109047905,3745.7992388744206,0.6579557438189063,0.21906362130324644,39755.629897736064,7071.706285116768,9655.696116422603,113643024.02708317,374484.5790835209,372631.608538573
avocado.none,common,boot7,C40M22,C40,M22,H3K4me3,109047905,4012.531796813957,0.600289205027038,0.15831236601538118,42912.01300332222,7565.6008141932,10463.508073460209,114753315.14612363,401245.31086258206,400002.45525320055
candi.none,common,boot8,C40M22,C40,M22,H3K4me3,109595876,3597.83112103754,0.5611636141946647,0.22620793036459053,37746.35976115027,6768.542891513158,8625.629740682642,112703461.74942255,359276.3171057036,318059.7105948899
candi.tcfloor,common,boot8,C40M22,C40,M22,H3K4me3,109595876,3677.8356868624687,0.6737624033038503,0.23252300908268486,38702.14072488507,6884.2776345056145,9144.003308404453,111309053.43185912,367673.5170464798,366668.0001798385
avg.none,common,boot8,C40M22,C40,M22,H3K4me3,109595876,3739.7865611481366,0.6643360696860352,0.23214393833215277,39431.755827778725,6990.876995113322,9373.172376703036,111335669.82621253,373883.0406399547,371834.2231836574
avocado.none,common,boot8,C40M22,C40,M22,H3K4me3,109595876,4032.1942587790227,0.5931833176928029,0.17234921792420368,42806.16069093382,7525.742685641642,10221.374218288402,112427734.98967676,403211.8634389601,401619.124306969
candi.none,common,boot9,C40M22,C40,M22,H3K4me3,109214135,3416.593171349131,0.5481864869110119,0.22223217638881002,36647.18137208858,6537.116278879544,8584.309070338102,117534541.97106554,341206.41031926265,308418.6592413811
candi.tcfloor,common,boot9,C40M22,C40,M22,H3K4me3,109214135,3486.2681447514447,0.6608522709744785,0.22432898967550993,37514.19644181254,6637.07709446599,9117.494669196862,116071908.10408287,348518.72069885663,347794.60571608436
avg.none,common,boot9,C40M22,C40,M22,H3K4me3,109214135,3543.0843185168433,0.6517847095092263,0.22317876480086105,38208.00957595977,6735.923925631981,9344.460111955823,116098202.5156043,354212.89245495375,352512.1211984547
avocado.none,common,boot9,C40M22,C40,M22,H3K4me3,109214135,3801.403635223523,0.6037739167992,0.15876754416080618,41299.70529179088,7213.726783188974,10120.47996069596,117226951.87654395,380128.59804531594,378855.0547454032
avg.none,full,all23,C40M29,C40,M29,H3K9me3,121240998,0.2617011718778907,0.2198702860373411,0.31102270868671,0.2601900328344486,0.24274540379769205,0.44965644875195593,6567.7365801534,8.37654419417333,4.44602401258767
avocado.none,full,all23,C40M29,C40,M29,H3K9me3,121240998,0.27405898630406866,0.16453053060295128,0.2389390167908949,0.2652259930303161,0.2522613912743065,0.5158932120539255,6556.766877310329,9.014567288580158,4.57821395203969
avocado005.none,full,all23,C40M29,C40,M29,H3K9me3,121240998,0.2848169551883168,0.09951941892900672,0.14222536772394553,0.29693030750065774,0.26280246793503426,0.48198753534199995,6577.428417724352,9.517005109982655,3.1960418670080197
avg.none,full,boot0,C40M29,C40,M29,H3K9me3,109250012,0.26069731961954834,0.21912563062284904,0.30109148407434067,0.2647356473830531,0.24553183766933132,0.4779476071925147,2463.3436146502722,8.03542236727251,4.6776346623222045
avocado.none,full,boot0,C40M29,C40,M29,H3K9me3,109250012,0.2726721329544175,0.16399058119635823,0.23064309554901682,0.2688664915691961,0.2547545067245736,0.5489802795104194,2450.375738257738,8.679800889139413,4.799321373977533
avocado005.none,full,boot0,C40M29,C40,M29,H3K9me3,109250012,0.28284301823640956,0.0980270013700525,0.13400359688314847,0.30128675696298557,0.26410049406959896,0.5079895587564416,2472.250133258605,9.18400350115899,3.338127896478244
avg.none,full,boot1,C40M29,C40,M29,H3K9me3,109208595,0.256279281961352,0.21567136339324924,0.3144274508512803,0.25119810856275404,0.2294271927492104,0.4735321550960513,7487.6421618486465,8.617589412951208,4.090616439090764
avocado.none,full,boot1,C40M29,C40,M29,H3K9me3,109208595,0.2742910084176349,0.16506928507850202,0.24598508719129059,0.25682938509533876,0.24904384473416138,0.5474048474921895,7475.168998430213,9.230837586274186,4.759561385417878
avocado005.none,full,boot1,C40M29,C40,M29,H3K9me3,109208595,0.28149989775138945,0.09393320957759474,0.14395140147932572,0.2900171400351735,0.2553112615120552,0.5076646841717646,7498.708584449255,9.747372599286939,3.072187522289483
avg.none,full,boot2,C40M29,C40,M29,H3K9me3,109027451,0.26695346596574254,0.22224029671478576,0.3128201133073829,0.2612946215164497,0.24497311561134252,0.4747094459419611,7180.498875349086,8.630167282344752,4.680564801962978
avocado.none,full,boot2,C40M29,C40,M29,H3K9me3,109027451,0.2793362262403428,0.16679839019838802,0.24554267941471858,0.2693003896940766,0.253522096018762,0.5460138289485894,7168.46194047397,9.271542779171165,4.698680527260545
avocado005.none,full,boot2,C40M29,C40,M29,H3K9me3,109027451,0.2898293939443087,0.10124531279475812,0.14290509859361594,0.29544986369623877,0.2640011873975668,0.5084269582105146,7191.052417827062,9.801029687829718,3.2929305328302325
avg.none,full,boot3,C40M29,C40,M29,H3K9me3,109057867,0.26736838106047683,0.2223163025000436,0.31365837650554973,0.2611028520176191,0.24509137955727348,0.46547744560079574,7232.477885321762,8.70721731879037,4.630959162805621
avocado.none,full,boot3,C40M29,C40,M29,H3K9me3,109057867,0.28350560585118517,0.16532074130279611,0.23875611057971566,0.2685470232181508,0.25863777281152445,0.5376302422181193,7220.4105536462885,9.337576008733462,4.917391642717828
avocado005.none,full,boot3,C40M29,C40,M29,H3K9me3,109057867,0.29061778775919694,0.10198970945173866,0.14429914865388288,0.2984133542119538,0.2656718701080035,0.49751477824392726,7243.149620462872,9.856548307167364,3.21102140931202
avg.none,full,boot4,C40M29,C40,M29,H3K9me3,108648525,0.2601305405079426,0.21870224028142232,0.31844359388488236,0.2539354046074766,0.23629668409187374,0.4735887504095019,7384.317809397617,8.50943021601618,4.521657374471179
avocado.none,full,boot4,C40M29,C40,M29,H3K9me3,108648525,0.2747508905789299,0.16232079875685568,0.23938745310212167,0.25986898760348914,0.24819431972464556,0.5466703487889157,7371.956410141193,9.105694573780466,4.790501377217383
avocado005.none,full,boot4,C40M29,C40,M29,H3K9me3,108648525,0.2819693744937681,0.10044557207953331,0.14837817907875137,0.29145595037493843,0.2568176732137446,0.5025672896753824,7395.182143322533,9.597323961661838,3.2392340253708194
avg.none,full,boot5,C40M29,C40,M29,H3K9me3,109056943,0.263070715916419,0.22129846325319166,0.3192447792418853,0.26236271881045586,0.24460184521500034,0.47932520133346423,7284.661473979649,8.66606892110222,4.64678548771569
avocado.none,full,boot5,C40M29,C40,M29,H3K9me3,109056943,0.2710922984560393,0.1698332378775065,0.2440230661019631,0.2640534057906758,0.25113622428511917,0.5456743073634293,7272.474348389484,9.28936975015599,4.526350018134724
avocado005.none,full,boot5,C40M29,C40,M29,H3K9me3,109056943,0.2840606306079376,0.10199192265338762,0.14900681633978538,0.2955169930624161,0.2621666437377299,0.5098947279225878,7295.393472647233,9.802043637281628,3.245674768343724
avg.none,full,boot6,C40M29,C40,M29,H3K9me3,109061613,0.2614903276927507,0.2170873518714721,0.31521445838001,0.2603392812444832,0.24166648056686932,0.47049833625790705,7328.805232461443,8.626402718987231,4.598106797529023
avocado.none,full,boot6,C40M29,C40,M29,H3K9me3,109061613,0.2678826080812502,0.15947753669334985,0.2423023367724189,0.26094000598490075,0.2448327705586904,0.4953239425985723,7316.330621996575,9.232027013535612,4.3576040629865815
avocado005.none,full,boot6,C40M29,C40,M29,H3K9me3,109061613,0.2833630171543624,0.1001697287756233,0.14701979870859827,0.29516796370352444,0.2602804048563456,0.5021928346314424,7339.600378866467,9.721269080069701,3.260970506827844
avg.none,full,boot7,C40M29,C40,M29,H3K9me3,109047925,0.2694111793803451,0.21578515712930635,0.29594405057337914,0.2549229616817559,0.24575344911599575,0.476403958784123,7165.271793889858,8.809702077795654,4.5959862558376905
avocado.none,full,boot7,C40M29,C40,M29,H3K9me3,109047925,0.28489286701183575,0.1592648047561536,0.2221978462921596,0.26716089544130456,0.25788959695552127,0.551764319934169,7153.326842902144,9.465746188304136,4.862217729028408
avocado005.none,full,boot7,C40M29,C40,M29,H3K9me3,109047925,0.293413805964183,0.0958220425320546,0.13004503191981767,0.2936082736381798,0.2657710273399809,0.5107417927301108,7175.861117871686,9.98092621471374,3.312517667318106
avg.none,full,boot8,C40M29,C40,M29,H3K9me3,109595897,0.2724264189038059,0.2206279218924959,0.31751959673123803,0.2703434093104428,0.2501770432276314,0.4695797186430632,7050.228348263053,8.85156455800417,4.681527810972326
avocado.none,full,boot8,C40M29,C40,M29,H3K9me3,109595897,0.28222085421939647,0.17051114691066022,0.254669809244919,0.2722466482498006,0.2563356168391369,0.534006642568964,7038.445992419358,9.540833245034744,4.68971884833854
avocado005.none,full,boot8,C40M29,C40,M29,H3K9me3,109595897,0.29788229418794127,0.1006307231890644,0.1465685588960202,0.3091824042178528,0.2713018872643945,0.5040318252019181,7060.63380571284,10.017680313037506,3.294440200156278
avg.none,full,boot9,C40M29,C40,M29,H3K9me3,109214154,0.2391690189841868,0.22592408106660225,0.30130313792002394,0.26147210473244326,0.24352277460231608,0.23255382990645954,5020.032393116108,6.212601073648286,3.283276744661292
avocado.none,full,boot9,C40M29,C40,M29,H3K9me3,109214154,0.24994702544214065,0.163027748952804,0.2254842955272183,0.2641533822092585,0.24789470612166506,0.30267906931404515,5021.026123357783,6.885406070356053,3.4043554673951912
avocado005.none,full,boot9,C40M29,C40,M29,H3K9me3,109214154,0.2626572303622013,0.10067770751846815,0.1355787110048009,0.2991499919567219,0.26221297245929215,0.26581524935153666,5022.100829752032,7.353566576679155,2.8770835861510164
candi.none,common,all23,C40M29,C40,M29,H3K9me3,121240975,0.23124404662207626,0.16525764392377087,0.2466320142122309,0.22075830813091926,0.20788926662812382,0.42522106383047154,6592.360377594412,9.567712988280137,0.2724090064258701
candi.tcfloor,common,all23,C40M29,C40,M29,H3K9me3,121240975,0.23505279621867783,0.23938343642396656,0.32117265288746494,0.22645266388846597,0.21260555593242797,0.4265965103455796,6577.52608653474,8.524400441898088,2.603292586267558
avg.none,common,all23,C40M29,C40,M29,H3K9me3,121240975,0.26170122152387015,0.21987016362611328,0.31102231555406873,0.2601900328344486,0.24274540379769205,0.44965644875195593,6567.7365801534,8.37654419417333,4.44602401258767
avocado.none,common,all23,C40M29,C40,M29,H3K9me3,121240975,0.2740590365445592,0.16453042649555497,0.23893864022245648,0.2652259930303161,0.2522613912743065,0.5158932120539255,6556.766877310329,9.014567288580158,4.57821395203969
candi.none,common,boot0,C40M29,C40,M29,H3K9me3,109249991,0.22870211475116947,0.15759285837233664,0.2331335098321821,0.22190796933369095,0.2086677188803476,0.451413196280367,2490.8685404406183,9.240108187898732,0.2675087050225115
candi.tcfloor,common,boot0,C40M29,C40,M29,H3K9me3,109249991,0.23323782435442528,0.23682736745436242,0.31012744180987273,0.22857924793247958,0.21401520057728404,0.45298849600621227,2474.0744689249855,8.178862004847819,2.7563126210921602
avg.none,common,boot0,C40M29,C40,M29,H3K9me3,109249991,0.26069736973070773,0.219125504893502,0.30109108004642093,0.2647356473830531,0.24553183766933132,0.4779476071925147,2463.3436146502722,8.03544637696562,4.677637173636561
avocado.none,common,boot0,C40M29,C40,M29,H3K9me3,109249991,0.2726721834650295,0.16399047557956115,0.2306427130423214,0.2688664915691961,0.2547545067245736,0.5489802795104194,2450.375738257738,8.679826523602872,4.799325518832541
candi.none,common,boot1,C40M29,C40,M29,H3K9me3,109208574,0.22985037882280812,0.1657124985235489,0.2518345531547787,0.21474432497122636,0.2027920999652691,0.451413519641838,7515.744115603519,9.757354664444176,0.26555256590444426
candi.tcfloor,common,boot1,C40M29,C40,M29,H3K9me3,109208574,0.23324241399017662,0.23549145639932367,0.3245529402753684,0.220698176494118,0.20635041492585302,0.45194037872636744,7498.850808634993,8.790587762547803,2.588591456210462
avg.none,common,boot1,C40M29,C40,M29,H3K9me3,109208574,0.25627933124195995,0.21567123607560992,0.3144270541906839,0.25119810856275404,0.2294271927492104,0.4735321550960513,7487.6421618486465,8.617589412951208,4.090616439090764
avocado.none,common,boot1,C40M29,C40,M29,H3K9me3,109208574,0.27429105930816133,0.1650691813845227,0.24598471476010425,0.25682938509533876,0.24904384473416138,0.5474048474921895,7475.168998430213,9.230837586274186,4.759561385417878
candi.none,common,boot2,C40M29,C40,M29,H3K9me3,109027430,0.23649770298695688,0.16375621094656612,0.24478641397062997,0.2241460694410353,0.20904840780239922,0.4505297400594878,7207.417635694831,9.876924133764211,0.27356451732859854
candi.tcfloor,common,boot2,C40M29,C40,M29,H3K9me3,109027430,0.2396305310429894,0.24109660848649023,0.3222171467153839,0.22818719901370127,0.21327599567269742,0.45135763341436996,7191.211719285564,8.788596324681102,2.766141600152171
avg.none,common,boot2,C40M29,C40,M29,H3K9me3,109027430,0.2669535173842047,0.2222401749699913,0.3128197152328813,0.2612946215164497,0.24497311561134252,0.4747094459419611,7180.498875349087,8.630167282344752,4.680564801962978
avocado.none,common,boot2,C40M29,C40,M29,H3K9me3,109027430,0.2793362781105462,0.1667982855906647,0.24554230536276528,0.2693003896940766,0.253522096018762,0.5460138289485894,7168.46194047397,9.271542779171165,4.698680527260545
candi.none,common,boot3,C40M29,C40,M29,H3K9me3,109057846,0.2373170082462912,0.16567594609385794,0.24778270544845984,0.22182668477723394,0.2110972420617746,0.4415571590950701,7259.604824707907,9.925680348004628,0.2760928724939394
candi.tcfloor,common,boot3,C40M29,C40,M29,H3K9me3,109057846,0.24023459101072003,0.2416136627902062,0.32353111932069584,0.22678235993816465,0.21469240545044013,0.4422972667149007,7243.269414876551,8.85289615826304,2.7400706443213894
avg.none,common,boot3,C40M29,C40,M29,H3K9me3,109057846,0.2673684325444939,0.22231618105475004,0.3136579790106746,0.2611028520176191,0.24509137955727348,0.46547744560079574,7232.477885321764,8.70721731879037,4.630959162805621
avocado.none,common,boot3,C40M29,C40,M29,H3K9me3,109057846,0.28350565849736625,0.16532063954616538,0.23875573399209127,0.2685470232181508,0.25863777281152445,0.5376302422181193,7220.4105536462885,9.337576008733462,4.917391642717828
candi.none,common,boot4,C40M29,C40,M29,H3K9me3,108648504,0.22890338864140586,0.16835903244687733,0.25341136677169634,0.21363446131327665,0.20184630789760968,0.4456519546564861,7411.9715946705655,9.627578034923093,0.26548566468578444
candi.tcfloor,common,boot4,C40M29,C40,M29,H3K9me3,108648504,0.23347569395733236,0.23918358653627245,0.3279556444520976,0.2206281241255698,0.20751395788432953,0.44916073563530123,7395.327489639929,8.63029646534212,2.668054154409086
avg.none,common,boot4,C40M29,C40,M29,H3K9me3,108648504,0.26013059078697226,0.21870211705636403,0.318443197448265,0.2539354046074766,0.23629668409187374,0.4735887504095019,7384.317809397618,8.50943021601618,4.521657374471179
avocado.none,common,boot4,C40M29,C40,M29,H3K9me3,108648504,0.2747509417517914,0.16232069516194508,0.2393870745637809,0.25986898760348914,0.24819431972464556,0.5466703487889157,7371.956410141193,9.105694573780466,4.790501377217383
candi.none,common,boot5,C40M29,C40,M29,H3K9me3,109056922,0.23182542657216593,0.16586622503253365,0.2528691400683125,0.22137223446298143,0.20805295945138172,0.4548500006857099,7311.985643598066,9.863807064100207,0.26624820602302385
candi.tcfloor,common,boot5,C40M29,C40,M29,H3K9me3,109056922,0.2360485968189611,0.24076000754104812,0.3285971073214691,0.22735137903007016,0.21317844306831985,0.45607662422306083,7295.537650087193,8.808974024857791,2.747525129412685
avg.none,common,boot5,C40M29,C40,M29,H3K9me3,109056922,0.2630707665733139,0.2212983427201152,0.31924438476789846,0.26236271881045586,0.24460184521500034,0.47932520133346423,7284.66147397965,8.66606892110222,4.64678548771569
avocado.none,common,boot5,C40M29,C40,M29,H3K9me3,109056922,0.2710923488472988,0.16983313669742464,0.24402269196738086,0.2640534057906758,0.25113622428511917,0.5456743073634293,7272.474348389484,9.28936975015599,4.526350018134724
candi.none,common,boot6,C40M29,C40,M29,H3K9me3,109061592,0.23035088228757572,0.16460470820869275,0.250951642834436,0.21984496927811922,0.20545597061822427,0.4457907587857055,7356.267840372717,9.772787031198432,0.26461304939635183
candi.tcfloor,common,boot6,C40M29,C40,M29,H3K9me3,109061592,0.2349665084964045,0.23681485771134375,0.32483686037719545,0.2261713151711767,0.21104406673151158,0.4484545739563884,7339.740383302332,8.760835037249237,2.7265239814243136
avg.none,common,boot6,C40M29,C40,M29,H3K9me3,109061592,0.26149037804317,0.21708722951969467,0.3152140616171934,0.2603392812444832,0.24166648056686932,0.47049833625790705,7328.805232461443,8.626402718987231,4.598109886726662
avocado.none,common,boot6,C40M29,C40,M29,H3K9me3,109061592,0.26788265881535667,0.15947742332716125,0.24230192309999296,0.26094000598490075,0.2448327705586904,0.4953239425985723,7316.330621996575,9.232027013535612,4.357607188988746
candi.none,common,boot7,C40M29,C40,M29,H3K9me3,109047905,0.2389822672728391,0.15472034474401655,0.23000286694441738,0.22121740856729016,0.21050985480918502,0.4537751790219953,7192.15929540526,10.0389411581587,0.27679249809877304
candi.tcfloor,common,boot7,C40M29,C40,M29,H3K9me3,109047905,0.24255295431512988,0.23307194824804317,0.305848183768909,0.22559197295732575,0.21502903132724976,0.45392640259623085,7175.978143168299,8.966803696658667,2.732016445869632
avg.none,common,boot7,C40M29,C40,M29,H3K9me3,109047905,0.2694112287918729,0.2157850372481587,0.29594366236844133,0.2549229616817559,0.24575344911599575,0.476403958784123,7165.2717938898595,8.809702077795654,4.5959862558376905
avocado.none,common,boot7,C40M29,C40,M29,H3K9me3,109047905,0.28489291735259054,0.15926470606262796,0.2221974807796843,0.26716089544130456,0.25788959695552127,0.551764319934169,7153.326842902144,9.465746188304136,4.862217729028408
candi.none,common,boot8,C40M29,C40,M29,H3K9me3,109595876,0.2413421461096301,0.18081021665304237,0.2671049828245054,0.228593721168992,0.21379476762024066,0.4456305759257121,7076.667818873524,10.084525413270372,0.30871529543637044
candi.tcfloor,common,boot8,C40M29,C40,M29,H3K9me3,109595876,0.24406302407961666,0.2440446830692731,0.3331797619880621,0.23388238786048035,0.2180312106570069,0.44606727706614174,7060.742395308137,9.001782740496798,2.7669199819562937
avg.none,common,boot8,C40M29,C40,M29,H3K9me3,109595876,0.27242647110426277,0.2206277989033845,0.31751920361983677,0.2703434093104428,0.2501770432276314,0.4695797186430632,7050.228348263055,8.85156455800417,4.681527810972326
avocado.none,common,boot8,C40M29,C40,M29,H3K9me3,109595876,0.2822209063661376,0.17051104346508814,0.2546694445824579,0.2722466482498006,0.2563356168391369,0.534006642568964,7038.445992419358,9.540833245034744,4.68971884833854
candi.none,common,boot9,C40M29,C40,M29,H3K9me3,109214135,0.20865153454972174,0.16581814619230736,0.23518915129852075,0.22005746928201833,0.20730414929109447,0.20863792673480877,5020.006967198594,7.377027523167617,0.26728731968103386
candi.tcfloor,common,boot9,C40M29,C40,M29,H3K9me3,109214135,0.21306463567706624,0.24504004992904502,0.31077049651827376,0.2264992116267521,0.2126344016542628,0.21078870769060415,5020.117414406628,6.364355944066737,1.5821467524059178
avg.none,common,boot9,C40M29,C40,M29,H3K9me3,109214135,0.23916906059245807,0.22592396176897347,0.3013027723398174,0.26147210473244326,0.24352277460231608,0.23255382990645954,5020.032393116109,6.212601073648286,3.283276744661292
avocado.none,common,boot9,C40M29,C40,M29,H3K9me3,109214135,0.24994706749187137,0.16302764262884353,0.22548393191343388,0.2641533822092585,0.24789470612166506,0.30267906931404515,5021.026123357783,6.885406070356053,3.4043554673951912
avg.none,full,all23,C51M16,C51,M16,H3K27ac,121240998,69.61121626484888,0.3970509600025555,0.2886136078460884,718.397178708789,105.20680030402323,494.49814310790583,195572.67703623357,6368.499095430554,4501.979517717247
avocado.none,full,all23,C51M16,C51,M16,H3K27ac,121240998,74.85282947850315,0.5240396520532679,0.2095381773518112,858.6522385189415,116.66533815152803,470.64818099267535,216080.72931374176,7444.544712346629,6230.94845715654
avocado005.none,full,all23,C51M16,C51,M16,H3K27ac,121240998,79.40307167142265,0.1963096705539457,0.19105470815347042,915.5915727360562,123.71545118278361,491.0746404855152,223963.30749859125,7849.651286487288,5088.408776526858
avg.none,full,boot0,C51M16,C51,M16,H3K27ac,109250012,61.746264268608,0.40114342138326914,0.2759601978705241,632.0413653024107,94.0552094935584,345.53782479869597,60862.840926739795,5589.383948089141,3975.8829744825553
avocado.none,full,boot0,C51M16,C51,M16,H3K27ac,109250012,66.21072339600167,0.5326198303981964,0.2015080081098595,763.339334887348,104.25680323536766,314.96833276805086,73669.91046164499,6583.046512003345,5532.436194487745
avocado005.none,full,boot0,C51M16,C51,M16,H3K27ac,109250012,70.76135931581219,0.19688741534744492,0.18244161680158047,820.1322240496331,111.34925486464155,336.0051620561979,78324.62072316615,6991.925192768933,4573.8749856783925
avg.none,full,boot1,C51M16,C51,M16,H3K27ac,109208595,67.80730399773363,0.3881379536009356,0.2934863496741235,704.7004842937271,103.08816377004229,520.471955736939,210321.42028439388,6189.835438768094,4364.220887628542
avocado.none,full,boot1,C51M16,C51,M16,H3K27ac,109208595,72.51596739769171,0.5099568379062438,0.2088512455343179,840.1270616517205,113.81777922342464,494.268829344109,231219.20514602124,7212.265345369481,6024.261250679096
avocado005.none,full,boot1,C51M16,C51,M16,H3K27ac,109208595,76.87086150007072,0.1934355419467589,0.19405384541492057,894.2627756903823,120.57164514651257,513.8924602633485,239220.88867690548,7599.542880719374,4902.936627262975
avg.none,full,boot2,C51M16,C51,M16,H3K27ac,109027451,72.74521912914778,0.40038377750083076,0.29041791624316216,758.1705102286618,110.407851763687,508.1419107224704,208331.65448508185,6686.590810144872,4736.139947819889
avocado.none,full,boot2,C51M16,C51,M16,H3K27ac,109027451,78.45423101261075,0.5244108954348433,0.20840262098501028,903.8182005510583,122.73930200966802,489.37647212508415,229923.23339310833,7803.924063550168,6538.45780628236
avocado005.none,full,boot2,C51M16,C51,M16,H3K27ac,109027451,82.74869773108611,0.21059942299223292,0.19209869594886397,963.036945020029,129.4087814466351,510.16041057456835,238189.83619966582,8183.5639042052335,5298.636293206377
avg.none,full,boot3,C51M16,C51,M16,H3K27ac,109057867,72.15119951437835,0.39584614929683554,0.2929960915187695,712.8898008214179,107.81485599707052,505.1586052167696,202528.24755266766,6581.0637085049175,4646.641139264003
avocado.none,full,boot3,C51M16,C51,M16,H3K27ac,109057867,77.48399206909971,0.5232384551047559,0.2092156462933338,851.7683855611803,119.41775212569635,477.74245710846986,223589.05452970642,7703.301744279843,6400.361154428868
avocado005.none,full,boot3,C51M16,C51,M16,H3K27ac,109057867,82.25147658419765,0.19651046397198788,0.19575108940811226,909.791779668426,126.66631262465201,498.264553729648,231736.86782094563,8128.916524313167,5251.475174278002
avg.none,full,boot4,C51M16,C51,M16,H3K27ac,108648525,71.87218611451776,0.39637095689666757,0.2970403095280236,741.9552933246362,108.82528045112447,522.3090650716941,211830.37343742093,6603.109387824388,4654.990106366742
avocado.none,full,boot4,C51M16,C51,M16,H3K27ac,108648525,77.38558795351283,0.5194657437549723,0.212641965731819,882.8946872701079,120.75896470110244,502.66951179313236,233504.84767970396,7697.134161935963,6455.390665960797
avocado005.none,full,boot4,C51M16,C51,M16,H3K27ac,108648525,81.9952094052557,0.19219225881147092,0.19645213439820178,940.1747389914169,127.86419145604258,524.2309234453127,241718.59694094525,8107.782333725031,5220.890000380954
avg.none,full,boot5,C51M16,C51,M16,H3K27ac,109056943,69.44477845502662,0.39293624579645475,0.299308958637566,711.9371676921487,105.0653618847669,530.6264236797919,212565.56458461413,6348.409056591778,4451.689459700876
avocado.none,full,boot5,C51M16,C51,M16,H3K27ac,109056943,74.27982798330963,0.5239578684201841,0.21686014746981702,846.9019879389823,115.81458977539707,505.64469797460595,234194.39781596576,7386.3296220052725,6150.974301949421
avocado005.none,full,boot5,C51M16,C51,M16,H3K27ac,109056943,79.02166713580274,0.1940402007355541,0.19754853987624027,903.5453208500496,123.24155153479668,526.2951601162279,242883.57390590807,7812.08251964531,5029.276516996035
avg.none,full,boot6,C51M16,C51,M16,H3K27ac,109061613,72.96870585479391,0.39746770781168383,0.29649875061094394,747.1824185711439,111.32295161524121,495.83369970916215,209132.75594928482,6684.346347188276,4735.405273569731
avocado.none,full,boot6,C51M16,C51,M16,H3K27ac,109061613,78.57135123360814,0.5243796934622561,0.22041411191261265,893.5726249534746,123.67067117117485,473.3376242950905,230874.1503941553,7814.248118969973,6535.731373936186
avocado005.none,full,boot6,C51M16,C51,M16,H3K27ac,109061613,83.25593805785428,0.19590894665704153,0.1964139758578956,951.3629484665158,130.94687286987528,494.67913975253254,239075.87597237973,8231.215135928673,5361.294033094596
avg.none,full,boot7,C51M16,C51,M16,H3K27ac,109047925,68.78178670524179,0.411636884494756,0.27217182756497343,734.7750410207439,104.11761648355285,509.31537550232014,208025.8996154672,6349.792386303356,4510.567617755758
avocado.none,full,boot7,C51M16,C51,M16,H3K27ac,109047925,74.87920361239726,0.5238245471563969,0.20203688937474537,882.0111867266692,116.82705998926558,491.1143573490426,228573.45886730112,7448.5099640682365,6299.602653913993
avocado005.none,full,boot7,C51M16,C51,M16,H3K27ac,109047925,79.31468283666902,0.1949224363592787,0.17948005509278125,937.6512928003664,123.69223007508825,508.5963564011298,236208.65407682594,7842.08655696486,5138.678519411741
avg.none,full,boot8,C51M16,C51,M16,H3K27ac,109595897,72.86686188020725,0.39410233140235484,0.29078719511669204,741.7578947838,108.87413841369721,507.0781932965297,210634.39912365974,6667.5927529045875,4693.233146983734
avocado.none,full,boot8,C51M16,C51,M16,H3K27ac,109595897,78.20776279240334,0.5271023559997642,0.21026544370664924,885.2027721754108,120.42080067942081,482.9893729106572,231706.3701042674,7778.1647164672,6484.842097983957
avocado005.none,full,boot8,C51M16,C51,M16,H3K27ac,109595897,82.79303292567123,0.20032088346570728,0.19284317471742904,940.0200639238136,127.68590557066878,503.6504899459483,240159.36822135284,8184.472058501253,5250.808545836615
avg.none,full,boot9,C51M16,C51,M16,H3K27ac,109214154,65.74285708775231,0.39414472581993387,0.27660691121215025,695.6511029000103,98.49997416598573,499.38356592306866,207056.54421243296,5985.779601149005,4260.930417644
avocado.none,full,boot9,C51M16,C51,M16,H3K27ac,109214154,70.55808739274566,0.5338970890490365,0.20488485469263426,833.647785594171,108.93312919584652,473.2285612733472,228252.18121583376,7019.597952530228,5888.265136849161
avocado005.none,full,boot9,C51M16,C51,M16,H3K27ac,109214154,75.03656869323865,0.19012386367097076,0.18317260267435292,892.640380082552,115.71925042092944,493.79430495377306,236454.87404674056,7416.465337998781,4797.854593046659
candi.none,common,all23,C51M16,C51,M16,H3K27ac,121240975,65.46998706622595,0.49556343550862453,0.31452461554066574,767.4644689860777,101.92624589980845,420.26686406170836,209738.73993283298,6343.027722187827,5934.334982091122
candi.tcfloor,common,all23,C51M16,C51,M16,H3K27ac,121240975,64.92945473733984,0.5365675312117236,0.3332985822774635,741.0003140927945,100.34119988494565,422.2562130221902,205396.08162132188,6320.7958766976235,5702.676551240669
avg.none,common,all23,C51M16,C51,M16,H3K27ac,121240975,69.61122947043366,0.3970509586348133,0.2886132018992404,718.397178708789,105.20680030402323,494.49814310790583,195572.67703623357,6368.499095430554,4501.979517717247
avocado.none,common,all23,C51M16,C51,M16,H3K27ac,121240975,74.8528436779675,0.5240396520015012,0.2095377348575005,858.6522385189415,116.66533815152803,470.64818099267535,216080.72931374176,7444.544712346629,6230.94845715654
candi.none,common,boot0,C51M16,C51,M16,H3K27ac,109249991,57.915459996806916,0.49856237403540016,0.3019884727320711,682.7008676813505,91.13132663436444,274.4599672522304,71079.20613694748,5597.023933940785,5257.532761461659
candi.tcfloor,common,boot0,C51M16,C51,M16,H3K27ac,109249991,57.28371854848464,0.5411216173748586,0.3206485792642723,655.6617589773922,89.44130041533741,275.55958118406943,67783.18995535088,5562.117595393157,5016.749600635417
avg.none,common,boot0,C51M16,C51,M16,H3K27ac,109249991,61.746276137456114,0.4011434199700338,0.27595977932086047,632.0413653024107,94.0552094935584,345.53782479869597,60862.840926739795,5589.389010325525,3975.886551126454
avocado.none,common,boot0,C51M16,C51,M16,H3K27ac,109249991,66.21073612257936,0.5326198303468973,0.20150755482173885,763.339334887348,104.25680323536766,314.96833276805086,73669.91046164499,6583.052428961081,5532.441257575869
candi.none,common,boot1,C51M16,C51,M16,H3K27ac,109208574,63.393324561501245,0.49568200320070055,0.31953011479375454,749.8918103119722,99.41531337486855,442.2382681818503,224422.40826072122,6147.002454015843,5764.302211784207
candi.tcfloor,common,boot1,C51M16,C51,M16,H3K27ac,109208574,62.968324413193365,0.5335673888787358,0.33803845194790766,725.0718407876968,97.95400400980441,445.2751400564654,220120.00982040283,6130.777967534602,5534.008877227493
avg.none,common,boot1,C51M16,C51,M16,H3K27ac,109208574,67.80731703657602,0.3881379521950684,0.2934859408877391,704.7004842937271,103.08816377004229,520.471955736939,210321.42028439388,6189.835438768094,4364.220887628542
avocado.none,common,boot1,C51M16,C51,M16,H3K27ac,109208574,72.51598134146919,0.5099568377613235,0.20885079774677587,840.1270616517205,113.81777922342464,494.268829344109,231219.20514602124,7212.265345369481,6024.261250679096
candi.none,common,boot2,C51M16,C51,M16,H3K27ac,109027430,68.72056021291428,0.49457899354634627,0.3151397527449649,809.0232595496682,107.41351864419187,437.19571052725536,223200.94708640876,6663.091896652174,6222.7139731445295
candi.tcfloor,common,boot2,C51M16,C51,M16,H3K27ac,109027430,68.15602709869171,0.5369506986244651,0.3349520432488979,782.1415090188216,105.7537960196319,438.90231761141575,218653.556567194,6641.431872393651,5988.435712624709
avg.none,common,boot2,C51M16,C51,M16,H3K27ac,109027430,72.74523314075572,0.40038377613995485,0.2904175051406121,758.1705102286618,110.407851763687,508.1419107224704,208331.65448508185,6686.590810144872,4736.139947819889
avocado.none,common,boot2,C51M16,C51,M16,H3K27ac,109027430,78.4542461233714,0.5244108953749111,0.20840217172089093,903.8182005510583,122.73930200966802,489.37647212508415,229923.23339310833,7803.924063550168,6538.45780628236
candi.none,common,boot3,C51M16,C51,M16,H3K27ac,109057846,67.7698685210431,0.49586279756685214,0.31825972903276467,761.8318661537065,104.2754809462717,427.60958876282837,217080.40191443992,6559.630053213215,6094.794804036105
candi.tcfloor,common,boot3,C51M16,C51,M16,H3K27ac,109057846,67.19588225216411,0.5364144921497825,0.33764737523129373,735.1710535469131,102.66165318909532,429.95425048146734,212620.86775009686,6535.765336336337,5857.335145608068
avg.none,common,boot3,C51M16,C51,M16,H3K27ac,109057846,72.15121340769501,0.3958461478602273,0.29299568193292447,712.8898008214179,107.81485599707052,505.1586052167696,202528.24755266766,6581.0637085049175,4646.641139264003
avocado.none,common,boot3,C51M16,C51,M16,H3K27ac,109057846,77.48400698875967,0.5232384549362487,0.20921519752315806,851.7683855611803,119.41775212569635,477.74245710846986,223589.05452970642,7703.301744279843,6400.361154428868
candi.none,common,boot4,C51M16,C51,M16,H3K27ac,108648504,67.65414179621695,0.49484421320091165,0.3220658692157502,788.6445155041669,105.46015270060313,449.56088299470656,226579.99356608177,6559.733657074268,6131.830067799422
candi.tcfloor,common,boot4,C51M16,C51,M16,H3K27ac,108648504,67.16312252858972,0.5358337650711873,0.3412872144850768,763.0574020995289,103.94480199874232,451.2606574867402,222078.59806372513,6544.429036012906,5910.251079563289
avg.none,common,boot4,C51M16,C51,M16,H3K27ac,108648504,71.87220000624983,0.39637095552010304,0.2970399006944458,741.9552933246362,108.82528045112447,522.3090650716941,211830.37343742093,6603.109387824388,4654.990106366742
avocado.none,common,boot4,C51M16,C51,M16,H3K27ac,108648504,77.38560291038694,0.5194657436618435,0.21264151777669718,882.8946872701079,120.75896470110244,502.66951179313236,233504.84767970396,7697.134161935963,6455.390665960797
candi.none,common,boot5,C51M16,C51,M16,H3K27ac,109056922,65.11159230440752,0.4955082333615509,0.3238855482070442,759.010611036388,101.40855982409481,453.92308573325687,227631.8128635486,6308.244113608215,5890.083831949069
candi.tcfloor,common,boot5,C51M16,C51,M16,H3K27ac,109056922,64.62687201911685,0.5352048718518021,0.3434482078240731,733.3551647339294,99.88680589224727,456.3340620832324,223024.66384298867,6290.858439287264,5664.483164655834
avg.none,common,boot5,C51M16,C51,M16,H3K27ac,109056922,69.44479182731259,0.39293624437310437,0.29930855267365924,711.9371676921487,105.0653618847669,530.6264236797919,212565.56458461413,6348.409056591778,4451.689459700876
avocado.none,common,boot5,C51M16,C51,M16,H3K27ac,109056922,74.27984228610124,0.5239578682405345,0.21685970336817909,846.9019879389823,115.81458977539707,505.64469797460595,234194.39781596576,7386.3296220052725,6150.974301949421
candi.none,common,boot6,C51M16,C51,M16,H3K27ac,109061592,68.70456119778848,0.49595128149543205,0.3223589046586196,797.1479586653866,107.91194331854,425.5683953071706,224023.69395584363,6659.478087605421,6215.554689956564
candi.tcfloor,common,boot6,C51M16,C51,M16,H3K27ac,109061592,68.1557689475279,0.5368293165309638,0.3411002647066937,770.2857256137311,106.30229854250962,425.8367233323127,219469.65698415466,6637.5427713609815,5973.206678914852
avg.none,common,boot6,C51M16,C51,M16,H3K27ac,109061592,72.96871990504565,0.39746770642882157,0.2964983430771942,747.1824185711439,111.32295161524121,495.83369970916215,209132.75594928482,6684.352416975668,4735.409534551867
avocado.none,common,boot6,C51M16,C51,M16,H3K27ac,109061592,78.57136636217807,0.5243796934006901,0.2204136690812159,893.5726249534746,123.67067117117485,473.3376242950905,230874.1503941553,7814.255221147487,6535.737366628728
candi.none,common,boot7,C51M16,C51,M16,H3K27ac,109047905,65.27184256288216,0.4960693976767088,0.2987333138148151,785.15485705954,101.73625859700957,436.6081319122599,221466.1313312435,6323.069474492054,5951.176030280854
candi.tcfloor,common,boot7,C51M16,C51,M16,H3K27ac,109047905,64.67697321335791,0.5404702781553941,0.3172176459091057,758.2385720095833,100.0874007504003,439.1058905436189,217403.83597381975,6302.204883156537,5734.561004006079
avg.none,common,boot7,C51M16,C51,M16,H3K27ac,109047905,68.78179932020888,0.4116368832571677,0.2721714262116344,734.7750410207439,104.11761648355285,509.31537550232014,208025.8996154672,6349.792386303356,4510.567617755758
avocado.none,common,boot7,C51M16,C51,M16,H3K27ac,109047905,74.87921734533754,0.5238245472562978,0.20203645244892693,882.0111867266692,116.82705998926558,491.1143573490426,228573.45886730112,7448.5099640682365,6299.602653913993
candi.none,common,boot8,C51M16,C51,M16,H3K27ac,109595876,68.49855768827362,0.4947087949405408,0.31950289530870185,792.1649601707499,105.3833922475472,431.72581285110266,225300.5523857054,6638.669843054997,6192.075372806141
candi.tcfloor,common,boot8,C51M16,C51,M16,H3K27ac,109595876,67.96482209811452,0.5351358705521492,0.33671752566945207,765.1350102195382,103.80234513874953,434.0355164917165,220819.42708833222,6617.647269414626,5952.711016144029
avg.none,common,boot8,C51M16,C51,M16,H3K27ac,109595876,72.86687584244886,0.39410232999951317,0.29078678638018235,741.7578947838,108.87413841369721,507.0781932965297,210634.39912365974,6667.5927529045875,4693.233146983734
avocado.none,common,boot8,C51M16,C51,M16,H3K27ac,109595876,78.20777777750617,0.5271023559808292,0.21026499689770758,885.2027721754108,120.42080067942081,482.9893729106572,231706.3701042674,7778.1647164672,6484.842097983957
candi.none,common,boot9,C51M16,C51,M16,H3K27ac,109214135,61.675610866640575,0.4945575166359672,0.30304087710603,746.1502660482654,95.12867945219578,422.68137195971883,221704.15410942203,5975.758324019247,5620.792815993908
candi.tcfloor,common,boot9,C51M16,C51,M16,H3K27ac,109214135,61.11885100044812,0.5349561777408013,0.3210683140819835,718.9715422822451,93.58221101267412,425.20695503368046,217213.2224315787,5946.489866591836,5388.2500923764765
avg.none,common,boot9,C51M16,C51,M16,H3K27ac,109214135,65.74286852504734,0.39414472457933486,0.2766065327412414,695.6511029000103,98.49997416598573,499.38356592306866,207056.54421243296,5985.779601149005,4260.930417644
avocado.none,common,boot9,C51M16,C51,M16,H3K27ac,109214135,70.55809966725901,0.5338970892296936,0.20488444772494024,833.647785594171,108.93312919584652,473.2285612733472,228252.18121583376,7019.597952530228,5888.265136849161
avg.none,full,all23,C51M17,C51,M17,H3K27me3,121240998,1.531248098437061,0.23303008492743194,0.26625120417694653,3.6147790199403813,1.4262677621786637,3.8430457992438045,144.7673511020081,75.37474315758497,32.09438599748551
avocado.none,full,all23,C51M17,C51,M17,H3K27me3,121240998,1.718712271067624,0.13525862950798923,0.14944654410989994,4.295690674053209,1.5659732713243006,4.6755439708937265,165.0136348944924,86.53749373866592,42.57745396276336
avocado005.none,full,all23,C51M17,C51,M17,H3K27me3,121240998,1.9602025059877175,0.1436991692202239,0.22621403080173946,7.186959102592605,1.9593704136040402,6.135385844014992,201.38358331308504,97.49839245465529,66.43998743622963
avg.none,full,boot0,C51M17,C51,M17,H3K27me3,109250012,1.4792848277076636,0.23888172902213445,0.25582633487314355,3.3773426788447107,1.3480631296632677,3.5524471694340236,144.32880374425204,70.04444986047855,30.92591176978497
avocado.none,full,boot0,C51M17,C51,M17,H3K27me3,109250012,1.6805240026340345,0.13049934752204018,0.1308620242288935,4.087980709793583,1.4919204949328406,4.528124410998625,165.5899256315602,81.42150709658085,42.254156505133466
avocado005.none,full,boot0,C51M17,C51,M17,H3K27me3,109250012,1.923910786670601,0.14762937915611968,0.215063424212684,7.178056507255545,1.9082220396788012,5.9597466305436075,203.48017207347735,92.78938775082227,66.28926771280234
avg.none,full,boot1,C51M17,C51,M17,H3K27me3,109208595,1.5283699150882968,0.22998274748973255,0.27118519447853423,3.622623313769518,1.429058556801149,3.9106974333292923,156.86791230098743,76.01062016361637,31.88972913779733
avocado.none,full,boot1,C51M17,C51,M17,H3K27me3,109208595,1.729040039370856,0.12835258739864344,0.15040983649287135,4.36571756997762,1.5818803974426057,4.877240891714173,178.83548987050187,87.47631521412926,43.69730504665585
avocado005.none,full,boot1,C51M17,C51,M17,H3K27me3,109208595,1.9393282829288931,0.1426785146817528,0.23069379233934642,7.294022528635263,1.9608203873372978,5.384529630315456,215.41262873498368,96.61924499313042,64.1379852212728
avg.none,full,boot2,C51M17,C51,M17,H3K27me3,109027451,1.5972378874618265,0.2347728393607639,0.26844487071199075,3.7101669999957574,1.497599547803279,4.010135204059912,155.10147160485033,78.78238966248688,33.60040904884528
avocado.none,full,boot2,C51M17,C51,M17,H3K27me3,109027451,1.799037185110106,0.13757035000459758,0.1494547586454274,4.3672615361581455,1.6506339221993793,4.882578613851464,176.33157915529895,90.39046329379777,45.15261271009382
avocado005.none,full,boot2,C51M17,C51,M17,H3K27me3,109027451,2.059139260747279,0.1442728190170087,0.22643432287703444,7.528110636655588,2.0756601428556616,6.514481525364776,215.5755221421547,102.54466384781418,70.55846008850268
avg.none,full,boot3,C51M17,C51,M17,H3K27me3,109057867,1.514681089754651,0.230763892033481,0.2661860025327337,3.576202345999653,1.421560636502177,3.7570183488014632,151.07138352205482,71.95229813234369,32.307908955318176
avocado.none,full,boot3,C51M17,C51,M17,H3K27me3,109057867,1.7048873297914624,0.13457448559877389,0.15899281894660705,4.253610432977269,1.5662069648799886,4.588026750943881,171.29147520763345,83.08601051117672,43.36303272406845
avocado005.none,full,boot3,C51M17,C51,M17,H3K27me3,109057867,1.9508682248979345,0.14376655503912977,0.22728741431215388,7.17820992958208,1.9513557617951625,6.146091249964177,209.88576683392895,94.41685136422389,67.68273290548375
avg.none,full,boot4,C51M17,C51,M17,H3K27me3,108648525,1.5489118414845464,0.23321069728136526,0.272497659313884,3.6318876101375093,1.4510790465079186,3.93566792827561,159.31047690321614,76.54656173607181,32.11319191632341
avocado.none,full,boot4,C51M17,C51,M17,H3K27me3,108648525,1.7608442087578837,0.13697477115722134,0.1496167260634478,4.446265707095396,1.6256572993879723,4.913445925387417,181.3977403895198,87.4457674222461,45.481356671587626
avocado005.none,full,boot4,C51M17,C51,M17,H3K27me3,108648525,1.9392026933651996,0.1491418840344885,0.23212343336469554,6.303164116385842,1.8960265860696879,6.349888694367259,209.11726442554493,99.39151653819802,62.81926116068476
avg.none,full,boot5,C51M17,C51,M17,H3K27me3,109056943,1.5445133341090214,0.2224379082428033,0.2754857196417553,3.5592780437180203,1.4471870781025105,3.8895917336926615,149.43812095623878,75.10409806015312,30.586553236101953
avocado.none,full,boot5,C51M17,C51,M17,H3K27me3,109056943,1.682908831582388,0.136313483858307,0.15209736558837095,3.9844741423625463,1.5508395848504548,4.610858003245043,165.24357726469043,85.04146997195618,37.08829213519455
avocado005.none,full,boot5,C51M17,C51,M17,H3K27me3,109056943,1.950441283457611,0.13546125940665715,0.23494657450651,7.24972082265857,1.998769501611937,6.382527199651594,201.52653145721095,94.72411841445263,62.62364842970458
avg.none,full,boot6,C51M17,C51,M17,H3K27me3,109061613,1.5871391598456577,0.23209636404770068,0.2745634665706204,3.6856840828379775,1.478394764045829,3.948735931165231,155.21718545869484,78.56456809879732,32.53328838468321
avocado.none,full,boot6,C51M17,C51,M17,H3K27me3,109061613,1.801342216916293,0.13009465833113026,0.14987079573300227,4.449865481619049,1.6426058027899448,4.904598718143402,177.23403115041444,90.21784659243006,44.886579301885014
avocado005.none,full,boot6,C51M17,C51,M17,H3K27me3,109061613,2.008228467872152,0.14164768424768553,0.23228085406743293,6.815986165616841,1.9748176112459679,6.446380582206988,211.80406010750946,99.06168806525653,65.13873876905379
avg.none,full,boot7,C51M17,C51,M17,H3K27me3,109047925,1.534798448134066,0.23232116173250902,0.24857572137005218,3.6846139751238067,1.4155043695890186,3.842629957683096,157.18316640361923,76.60162901458568,32.00538272285501
avocado.none,full,boot7,C51M17,C51,M17,H3K27me3,109047925,1.6640500754856336,0.1453800571751962,0.14273602433408042,4.276352673961225,1.493797675325955,4.0446559360527825,172.70492053274745,87.33884826611482,36.78063550306564
avocado005.none,full,boot7,C51M17,C51,M17,H3K27me3,109047925,1.9680838542641386,0.14059385176391928,0.20755706263826557,7.39203882838189,1.9488125142876345,6.065850961779112,209.6279883893313,99.33059981145094,66.039962921076
avg.none,full,boot8,C51M17,C51,M17,H3K27me3,109595897,1.479818185380451,0.24076573731861697,0.26774315307870145,3.634492509233472,1.3889110774711053,3.798974554021609,154.47214839062238,76.55287748087885,33.400900605037215
avocado.none,full,boot8,C51M17,C51,M17,H3K27me3,109595897,1.6598525930053978,0.14491419278095918,0.16583249700398292,4.337586369873743,1.5192483561886159,4.661799909724695,175.89251294406736,88.1003783179905,44.22073623813078
avocado005.none,full,boot8,C51M17,C51,M17,H3K27me3,109595897,1.9190795491344708,0.1493895122770451,0.23799181780974982,7.4653326637719495,1.9361003761850555,6.167404920150216,214.06351059187637,99.95285423303655,69.22190867731207
avg.none,full,boot9,C51M17,C51,M17,H3K27me3,109214154,1.4982061233916901,0.23559712386104162,0.26111997877063703,3.6639147180174576,1.3874292417983036,3.78606658764857,64.51293629842986,73.84153158101626,31.53208524516343
avocado.none,full,boot9,C51M17,C51,M17,H3K27me3,109214154,1.7051714392790007,0.12969112726247442,0.14401822732207017,4.39242355208383,1.5405041731095435,4.743020355374671,85.35072102657762,85.22069768314067,42.848639998242554
avocado005.none,full,boot9,C51M17,C51,M17,H3K27me3,109214154,1.9440092889576512,0.14282819924201082,0.21754700262487695,7.4751794867939765,1.9440089960789113,5.919157320038215,122.72814715008421,96.62923458771822,66.45682761333173
candi.none,common,all23,C51M17,C51,M17,H3K27me3,121240975,1.4939711037774455,0.19315164211304556,0.26572113498124,3.6941661772264704,1.3540684222013635,3.833568098268749,164.7330952758987,93.59270527102764,16.841899977888133
candi.tcfloor,common,all23,C51M17,C51,M17,H3K27me3,121240975,1.4219462412378163,0.2589080550461104,0.2821702986453063,3.2391077647386792,1.2778124833412297,3.3658015122402074,150.12331517226917,83.62249065831375,23.822969759085876
avg.none,common,all23,C51M17,C51,M17,H3K27me3,121240975,1.5312483889222395,0.23303005270414343,0.26625078598051033,3.6147790199403813,1.4262677621786637,3.8430457992438045,144.7673511020081,75.37474315758497,32.09438599748551
avocado.none,common,all23,C51M17,C51,M17,H3K27me3,121240975,1.7187125965420864,0.13525860387409105,0.1494460901670821,4.295690674053209,1.5659732713243006,4.6755439708937265,165.0136348944924,86.53749373866592,42.57745396276336
candi.none,common,boot0,C51M17,C51,M17,H3K27me3,109249991,1.4500982738813268,0.19610199311906867,0.2576628292761034,3.4977723075295004,1.2851527226704866,3.5305187595766823,163.50661229170922,88.09602150624012,16.517246983892235
candi.tcfloor,common,boot0,C51M17,C51,M17,H3K27me3,109249991,1.3761766362673595,0.2650901175001535,0.27306562040751464,3.0227821667100683,1.2064725650913848,3.068386650794131,149.11244927138833,78.15525029878107,23.097937135061972
avg.none,common,boot0,C51M17,C51,M17,H3K27me3,109249991,1.4792851120553427,0.2388816954062379,0.2558259052141016,3.3773426788447107,1.3480631296632677,3.5524471694340236,144.32880374425204,70.04444986047855,30.925940048427886
avocado.none,common,boot0,C51M17,C51,M17,H3K27me3,109249991,1.6805243250558612,0.1304993203164951,0.13086155617846176,4.087980709793583,1.4919204949328406,4.528124410998625,165.5899256315602,81.42150709658085,42.2541932820874
candi.none,common,boot1,C51M17,C51,M17,H3K27me3,109208574,1.4911408386993046,0.1920774214673794,0.2716778435545228,3.732232099746713,1.3603727678956565,3.9236890098042103,177.78504343136717,93.93440970250522,16.866515471079538
candi.tcfloor,common,boot1,C51M17,C51,M17,H3K27me3,109208574,1.421644501212233,0.2558037028374574,0.28750235854877243,3.273401568400412,1.2859700222434607,3.447050812407679,162.7510984128803,84.16588466628218,23.931724006542
avg.none,common,boot1,C51M17,C51,M17,H3K27me3,109208574,1.5283702089825126,0.229982714569297,0.27118477334230595,3.622623313769518,1.429058556801149,3.9106974333292923,156.86791230098743,76.01062016361637,31.88972913779733
avocado.none,common,boot1,C51M17,C51,M17,H3K27me3,109208574,1.7290403716484726,0.12835256062164005,0.150409348404238,4.36571756997762,1.5818803974426057,4.877240891714173,178.83548987050187,87.47631521412926,43.69730504665585
candi.none,common,boot2,C51M17,C51,M17,H3K27me3,109027430,1.562575791758292,0.1947712635697464,0.26741341613922043,3.8087617973750705,1.425046857321661,4.016473455158742,176.7517435496606,98.18827342512077,17.814540761629043
candi.tcfloor,common,boot2,C51M17,C51,M17,H3K27me3,109027430,1.4852403938262047,0.26070515644109754,0.28423103255661,3.332682261176515,1.3438666449245973,3.5229952338805965,161.26853772365044,87.62502439147285,25.230357292065253
avg.none,common,boot2,C51M17,C51,M17,H3K27me3,109027430,1.5972381951091372,0.23477280708827178,0.2684444473989373,3.7101669999957574,1.497599547803279,4.010135204059912,155.10147160485033,78.78238966248688,33.60040904884528
avocado.none,common,boot2,C51M17,C51,M17,H3K27me3,109027430,1.7990375310211653,0.1375703245902498,0.14945430091114517,4.3672615361581455,1.6506339221993793,4.882578613851464,176.33157915529895,90.39046329379777,45.15261271009382
candi.none,common,boot3,C51M17,C51,M17,H3K27me3,109057846,1.4656427844260989,0.19148838592364514,0.2640368585959919,3.6162934227313714,1.3418816262441398,3.6841541442450163,170.71701060426184,90.03741260989398,16.626166252052162
candi.tcfloor,common,boot3,C51M17,C51,M17,H3K27me3,109057846,1.3956019091619898,0.2563625345419633,0.28013210053797977,3.173145671243945,1.2655388020036618,3.249855254563572,156.1155995220986,80.09528481867451,23.362178310867336
avg.none,common,boot3,C51M17,C51,M17,H3K27me3,109057846,1.514681381419158,0.2307638582669002,0.2661855779716075,3.576202345999653,1.421560636502177,3.7570183488014632,151.07138352205482,71.95229813234369,32.307908955318176
avocado.none,common,boot3,C51M17,C51,M17,H3K27me3,109057846,1.7048876574858778,0.13457445967573986,0.15899236675475853,4.253610432977269,1.5662069648799886,4.588026750943881,171.29147520763345,83.08601051117672,43.36303272406845
candi.none,common,boot4,C51M17,C51,M17,H3K27me3,108648504,1.5151024360052483,0.19055500836386136,0.2716183035357499,3.7641006766924647,1.3905623750931937,3.9620059136156165,180.35844415713163,95.04405212535882,16.908439068168114
candi.tcfloor,common,boot4,C51M17,C51,M17,H3K27me3,108648504,1.4419867569947484,0.2581517436912813,0.28807638431368354,3.295370404888927,1.3099781383217595,3.4735729618760836,165.3697175897719,84.93540712564328,24.158713649595175
avg.none,common,boot4,C51M17,C51,M17,H3K27me3,108648504,1.548912140864174,0.2332106644953865,0.2724972367643033,3.6318876101375093,1.4510790465079186,3.93566792827561,159.31047690321614,76.54656173607181,32.11319191632341
avocado.none,common,boot4,C51M17,C51,M17,H3K27me3,108648504,1.7608445484942379,0.1369747464408875,0.14961626635997521,4.446265707095396,1.6256572993879723,4.913445925387417,181.3977403895198,87.4457674222461,45.481356671587626
candi.none,common,boot5,C51M17,C51,M17,H3K27me3,109056922,1.4934826257859555,0.19619856435102773,0.2767920422706101,3.5895757310455063,1.3645360367182344,3.774476861705926,166.38932103554214,91.90079151672515,15.563796307150332
candi.tcfloor,common,boot5,C51M17,C51,M17,H3K27me3,109056922,1.4278561296434165,0.2514547362854149,0.2924644308266502,3.1588314491685923,1.2916796579524479,3.3506772155999096,153.16246195104708,82.60397333912142,21.72507398613126
avg.none,common,boot5,C51M17,C51,M17,H3K27me3,109056922,1.5445136315204961,0.22243787460904502,0.27548530040005653,3.5592780437180203,1.4471870781025105,3.8895917336926615,149.43812095623878,75.10409806015312,30.586553236101953
avocado.none,common,boot5,C51M17,C51,M17,H3K27me3,109056922,1.6829091550100301,0.1363134562183814,0.15209690935184592,3.9844741423625463,1.5508395848504548,4.610858003245043,165.24357726469043,85.04146997195618,37.08829213519455
candi.none,common,boot6,C51M17,C51,M17,H3K27me3,109061592,1.5559043748281252,0.19525567542827799,0.2746020968326294,3.756465020626568,1.4091526848814049,4.015528111044092,175.9066294691924,97.12984525196966,17.249075360819464
candi.tcfloor,common,boot6,C51M17,C51,M17,H3K27me3,109061592,1.481361620953781,0.2588218342054128,0.2910026752107335,3.3163621360084554,1.331834095138231,3.519573237229721,161.01361217664922,87.04597479572037,24.509604556345987
avg.none,common,boot6,C51M17,C51,M17,H3K27me3,109061592,1.5871394654520747,0.23209633134953597,0.2745630468624606,3.6856840828379775,1.478394764045829,3.948735931165231,155.21718545869484,78.56456809879732,32.53334218743777
avocado.none,common,boot6,C51M17,C51,M17,H3K27me3,109061592,1.8013425631342124,0.13009463299919646,0.14987033833228483,4.449865481619049,1.6426058027899448,4.904598718143402,177.23403115041444,90.21784659243006,44.8866185337644
candi.none,common,boot7,C51M17,C51,M17,H3K27me3,109047905,1.5029133708743672,0.187170640320073,0.24816948382415924,3.7947157376751375,1.3512913187878854,3.8729428213199246,176.83239579721393,94.834924757722,16.957409103961883
candi.tcfloor,common,boot7,C51M17,C51,M17,H3K27me3,109047905,1.430596531038904,0.2563942422307796,0.26432345992051304,3.3270131086364954,1.2736917861712322,3.3959056150245677,162.7975186471926,84.87051138142819,24.097965050625273
avg.none,common,boot7,C51M17,C51,M17,H3K27me3,109047905,1.534798729624746,0.23232113034233273,0.2485753074749293,3.6846139751238067,1.4155043695890186,3.842629957683096,157.18316640361923,76.60162901458568,32.00538272285501
avocado.none,common,boot7,C51M17,C51,M17,H3K27me3,109047905,1.664050380061319,0.1453800303427099,0.14273558442191583,4.276352673961225,1.493797675325955,4.0446559360527825,172.70492053274745,87.33884826611482,36.78063550306564
candi.none,common,boot8,C51M17,C51,M17,H3K27me3,109595876,1.435762912141788,0.1918265403342148,0.26308289555795067,3.6627975055047637,1.303397751817052,3.750826776193019,175.10355590260235,95.45905585478431,17.15413831605774
candi.tcfloor,common,boot8,C51M17,C51,M17,H3K27me3,109595876,1.3639313689218573,0.2647776409904415,0.28210150857919486,3.214713163205207,1.2308355662845822,3.2981218001782224,159.91562006544046,85.12180380465101,24.56166195017461
avg.none,common,boot8,C51M17,C51,M17,H3K27me3,109595876,1.479818468932926,0.24076570800060798,0.2677427314701967,3.634492509233472,1.3889110774711053,3.798974554021609,154.47214839062238,76.55287748087885,33.400900605037215
avocado.none,common,boot8,C51M17,C51,M17,H3K27me3,109595876,1.6598529104409703,0.14491416951883193,0.1658320503758705,4.337586369873743,1.5192483561886159,4.661799909724695,175.89251294406736,88.1003783179905,44.22073623813078
candi.none,common,boot9,C51M17,C51,M17,H3K27me3,109214135,1.4675909429189276,0.19593141783266269,0.26087107268159215,3.7201284347564547,1.3119200405849922,3.809125275394567,83.80235025652338,91.66138921503762,16.822511602710673
candi.tcfloor,common,boot9,C51M17,C51,M17,H3K27me3,109214135,1.3955633140136658,0.26198119820904947,0.2776879148525354,3.2772235478006224,1.2407623501993135,3.3349804295795815,69.57738771438032,81.90261616302034,23.61538896812604
avg.none,common,boot9,C51M17,C51,M17,H3K27me3,109214135,1.4982063840348416,0.23559709393568648,0.261119592659241,3.6639147180174576,1.3874292417983036,3.78606658764857,64.51293629842986,73.84153158101626,31.53208524516343
avocado.none,common,boot9,C51M17,C51,M17,H3K27me3,109214135,1.705171735312559,0.12969110351331478,0.14401781366058125,4.39242355208383,1.5405041731095435,4.743020355374671,85.35072102657762,85.22069768314067,42.848639998242554
avg.none,full,all23,C51M18,C51,M18,H3K36me3,121240998,1.0878397907970567,0.5854580784615165,0.42433683908785513,2.0357576919528233,1.9052107272232437,1.0165828825739427,76.26874077385544,65.23983818671547,24.459647318044233
avocado.none,full,all23,C51M18,C51,M18,H3K36me3,121240998,1.3265790590957123,0.45446806699634934,0.340261931282275,2.4912953772741235,2.337361370055007,1.157441667373343,84.34972746048965,83.3115664812118,27.924858094291157
avocado005.none,full,all23,C51M18,C51,M18,H3K36me3,121240998,3.6767797913396607,0.33633385079701605,0.35827157567467327,4.544254032524116,6.611318732236665,1.9852300961083296,115.70848673155466,114.41900453165384,254.87575900364223
avg.none,full,boot0,C51M18,C51,M18,H3K36me3,109250012,1.0104213428018274,0.5841265970529367,0.4108350702841712,1.9780140146064895,1.7677911997806377,0.9912242191799263,75.77961768918234,59.526753813342175,22.07822048826798
avocado.none,full,boot0,C51M18,C51,M18,H3K36me3,109250012,1.232826135333888,0.45526632343303675,0.3424304041447804,2.439018239332398,2.171185013382104,1.1319539055725527,83.61617016688709,77.11692785874618,24.96830893559536
avocado005.none,full,boot0,C51M18,C51,M18,H3K36me3,109250012,3.454875135135334,0.3344834314895778,0.3448782560531696,4.517097563206134,6.221612708885455,1.9691254976452792,114.37174844675855,105.76642462661913,238.54219084597628
avg.none,full,boot1,C51M18,C51,M18,H3K36me3,109208595,1.0601089171813975,0.5824653655194312,0.4243692841332904,1.9798007019127133,1.8674724676336794,1.0354110040956148,53.604596990714114,64.46533942346167,24.729735081293693
avocado.none,full,boot1,C51M18,C51,M18,H3K36me3,109208595,1.293644612426403,0.44627185716683376,0.33822541890354996,2.443873956633657,2.2926604675541946,1.183112942751007,62.18979421569508,82.18623798266714,28.240447862001574
avocado005.none,full,boot1,C51M18,C51,M18,H3K36me3,109208595,3.633143867678653,0.33598801959447405,0.36000275571924517,4.542750715823395,6.590488991940384,2.0365688381004605,97.68481224974866,113.84673964679664,253.35883510724207
avg.none,full,boot2,C51M18,C51,M18,H3K36me3,109027451,1.114359829067594,0.5883103255467353,0.4254911011182819,2.097137269644198,1.9696181374496287,1.026381083962752,73.91242466532181,67.02202067013192,25.403838508205745
avocado.none,full,boot2,C51M18,C51,M18,H3K36me3,109027451,1.3559677197935154,0.46134251900074275,0.3388540337065599,2.5565047985918072,2.411274618181604,1.1560652687986501,82.93515550397096,85.45193371846966,28.169270035434263
avocado005.none,full,boot2,C51M18,C51,M18,H3K36me3,109027451,3.6757047766584097,0.3389907206454488,0.3589567322597719,4.595647464774638,6.6394041266447354,1.8870720513215544,112.7233480311802,115.70069016478458,248.4668426772826
avg.none,full,boot3,C51M18,C51,M18,H3K36me3,109057867,1.120578703653184,0.5884805108908738,0.430861962430217,1.9979791924060482,1.9394124822208947,1.033689108856479,76.85876586263889,66.48848260328005,24.903692123405722
avocado.none,full,boot3,C51M18,C51,M18,H3K36me3,109057867,1.3721919850091573,0.45685614390767754,0.3496751909344169,2.4415228719169777,2.3885165725195274,1.175212918340034,85.11113990858242,85.28598342643505,28.694335462041277
avocado005.none,full,boot3,C51M18,C51,M18,H3K36me3,109057867,3.85096604760615,0.33868796523147393,0.36524040855813356,4.584676928393176,6.827848285406366,2.041858633312737,117.3810914549886,117.62757880339558,266.2198115379539
avg.none,full,boot4,C51M18,C51,M18,H3K36me3,108648525,1.1052887431516514,0.5869197056022473,0.43218983416792345,2.1143866746119326,1.949869156232893,1.0273760764594648,85.75565421708347,66.89162821154488,25.151053118502745
avocado.none,full,boot4,C51M18,C51,M18,H3K36me3,108648525,1.3474704300723765,0.4547026454822805,0.3449391845305309,2.591067301924703,2.390806574154712,1.1672678680293698,93.40922415891748,84.86696323365679,28.662795589595405
avocado005.none,full,boot4,C51M18,C51,M18,H3K36me3,108648525,3.6386832058725442,0.3369019849692033,0.36605690925303513,4.636532169951281,6.5877230840759395,1.9750692529057066,121.91011051946018,115.53557714494674,248.45266414369726
avg.none,full,boot5,C51M18,C51,M18,H3K36me3,109056943,1.0900090936396887,0.5877233062097975,0.4351158311975024,2.006725683782173,1.898688646648066,1.02408417653797,75.95125974564142,64.74276976285839,23.528222481532225
avocado.none,full,boot5,C51M18,C51,M18,H3K36me3,109056943,1.3243480044880995,0.46433375989992254,0.34917739916779045,2.4366248340613943,2.322766932269333,1.1638138055420828,83.09469855129461,82.49522093407609,27.59171820384334
avocado005.none,full,boot5,C51M18,C51,M18,H3K36me3,109056943,3.7170786306876837,0.3375318221928147,0.369146141597874,4.509268235195178,6.6809759900517065,2.0619541383087303,116.01808367120493,115.66141472012887,256.05103489621155
avg.none,full,boot6,C51M18,C51,M18,H3K36me3,109061613,1.1343743708682792,0.5869044943527943,0.43300612318048454,2.115956566669474,2.0066426377819675,1.0590471172289746,81.1669197763849,68.43347148144568,25.36102348208389
avocado.none,full,boot6,C51M18,C51,M18,H3K36me3,109061613,1.3847774146311003,0.45403105418309025,0.34721121570804125,2.5932400052635405,2.4629626043288626,1.2067412285923003,89.5370089022589,86.97503903105735,28.902177742759843
avocado005.none,full,boot6,C51M18,C51,M18,H3K36me3,109061613,3.7875573099199835,0.33716696236388255,0.3669338576730266,4.638831966154494,6.880444214352062,2.054369060307846,121.24590574085114,117.82543285838841,260.2069268918668
avg.none,full,boot7,C51M18,C51,M18,H3K36me3,109047925,1.0856635333327473,0.5845927589326192,0.4080818127265566,2.0144082658617486,1.8908603639869925,0.9577972752533762,83.02169296471824,65.79617910541596,24.945145803517672
avocado.none,full,boot7,C51M18,C51,M18,H3K36me3,109047925,1.3177547693819125,0.4561327380330099,0.32074684971789336,2.4616491896420127,2.3085764801399655,1.0900384286118312,91.1964487317265,83.43093610842763,28.710349574983876
avocado005.none,full,boot7,C51M18,C51,M18,H3K36me3,109047925,3.6701121688695633,0.33545371122074047,0.3417354961886576,4.550134624862908,6.564315228274716,1.8923317665521533,121.08156309307128,115.94958112332719,252.38674023577823
avg.none,full,boot8,C51M18,C51,M18,H3K36me3,109595897,1.134678473765281,0.585026091757837,0.43102503195661734,2.0900136813805767,1.966712614483265,1.0408619444784697,79.08974030207358,68.11463467610031,25.14171060345537
avocado.none,full,boot8,C51M18,C51,M18,H3K36me3,109595897,1.3891546313023917,0.44983001026563996,0.3419174249240055,2.5638364119158985,2.4214648006710404,1.1875275254172204,87.18010728207032,86.89947233725691,28.981113262414766
avocado005.none,full,boot8,C51M18,C51,M18,H3K36me3,109595897,3.7802121851596726,0.3357525400393502,0.3626510523382651,4.567271470172658,6.704243842483073,2.0333811606923526,118.06744599283304,116.42562754980403,258.76430918586453
avg.none,full,boot9,C51M18,C51,M18,H3K36me3,109214154,1.023022551012032,0.5792542743666881,0.4114830381894845,1.9586727832988495,1.7947468872746957,0.967450590083142,77.76536400224882,61.28509669753323,23.236087095655368
avocado.none,full,boot9,C51M18,C51,M18,H3K36me3,109214154,1.2477536246491856,0.44481762977796757,0.32942547806458056,2.3807804686847027,2.202766356000594,1.1100914672937687,85.40821646927827,78.84165506910345,26.0824607297989
avocado005.none,full,boot9,C51M18,C51,M18,H3K36me3,109214154,3.5594263936916173,0.33200827223276785,0.3463127457957219,4.2888303325083,6.412337121095831,1.8978881583447873,116.57547967836327,110.14059598928154,247.63365033876374
candi.none,common,all23,C51M18,C51,M18,H3K36me3,121240975,1.5847164448278301,0.24354922105836124,0.300581218421108,3.0743878123552166,2.8129813250854596,1.2805413859679122,100.5802227804711,105.43723824718685,13.833088511560385
candi.tcfloor,common,all23,C51M18,C51,M18,H3K36me3,121240975,1.1009738293090443,0.5875959759099417,0.43317296190718924,2.0874943663068417,1.92983332835375,1.0153837544823476,77.97422323073638,68.31489643221619,25.01536400824523
avg.none,common,all23,C51M18,C51,M18,H3K36me3,121240975,1.0878399971655324,0.5854580652759195,0.4243365108187732,2.0357576919528233,1.9052107272232437,1.0165828825739427,76.26874077385544,65.23983818671547,24.459647318044233
avocado.none,common,all23,C51M18,C51,M18,H3K36me3,121240975,1.3265793104505617,0.4544680469576547,0.3402615572440461,2.4912953772741235,2.337361370055007,1.157441667373343,84.34972746048965,83.3115664812118,27.924858094291157
candi.none,common,boot0,C51M18,C51,M18,H3K36me3,109249991,1.4711229662382246,0.24105014029953142,0.2877488786296161,2.9966908632689644,2.612470656818615,1.2526788279544707,99.05728623853682,97.30337477230312,12.665537532325297
candi.tcfloor,common,boot0,C51M18,C51,M18,H3K36me3,109249991,1.0217048256193357,0.5860566980246881,0.41965092247573343,2.0287415714905004,1.7891561652637131,0.9906579504309757,77.38448874581793,62.38983129215358,22.50965226225973
avg.none,common,boot0,C51M18,C51,M18,H3K36me3,109249991,1.0104215370247103,0.5841265832377669,0.41083472992883757,1.9780140146064895,1.7677911997806377,0.9912242191799263,75.77961768918234,59.526753813342175,22.07823235022846
avocado.none,common,boot0,C51M18,C51,M18,H3K36me3,109249991,1.2328263720709942,0.45526630246929345,0.342430025636746,2.439018239332398,2.171185013382104,1.1319539055725527,83.61617016688709,77.11692785874618,24.968330994563892
candi.none,common,boot1,C51M18,C51,M18,H3K36me3,109208574,1.5335039710787144,0.24235199153967948,0.30399032407607973,3.007649141462575,2.7366162733740476,1.2979671211937227,77.43557522389273,103.26684650850129,14.126209273551016
candi.tcfloor,common,boot1,C51M18,C51,M18,H3K36me3,109208574,1.0728431534640506,0.584805335401044,0.4336491420044471,2.032856641234204,1.891437930096452,1.0346471143542078,55.28067241461692,67.44486072142868,25.355028734277827
avg.none,common,boot1,C51M18,C51,M18,H3K36me3,109208574,1.0601091210324913,0.5824653522950555,0.42436895131983887,1.9798007019127133,1.8674724676336794,1.0354110040956148,53.604596990714114,64.46533942346167,24.729735081293693
avocado.none,common,boot1,C51M18,C51,M18,H3K36me3,109208574,1.293644860914052,0.4462718365556394,0.33822503831059303,2.443873956633657,2.2926604675541946,1.183112942751007,62.18979421569508,82.18623798266714,28.240447862001574
candi.none,common,boot2,C51M18,C51,M18,H3K36me3,109027430,1.629620958694319,0.24357352883629857,0.3003523457970517,3.1633267455912346,2.9180285546532057,1.2954513761231787,99.5649358323236,108.51407539811073,13.468479893944735
candi.tcfloor,common,boot2,C51M18,C51,M18,H3K36me3,109027430,1.1287369711151654,0.590363774852877,0.43429710900116103,2.150788274246889,1.9967450726825149,1.025280157080632,75.7948613575391,70.21396916278434,25.996231888563486
avg.none,common,boot2,C51M18,C51,M18,H3K36me3,109027430,1.1143600437067578,0.5883103124169754,0.42549076849952816,2.097137269644198,1.9696181374496287,1.026381083962752,73.91242466532181,67.02202067013192,25.403838508205745
avocado.none,common,boot2,C51M18,C51,M18,H3K36me3,109027430,1.3559679806681926,0.46134249925592496,0.3388536532622987,2.5565047985918072,2.411274618181604,1.1560652687986501,82.93515550397096,85.45193371846966,28.169270035434263
candi.none,common,boot3,C51M18,C51,M18,H3K36me3,109057846,1.643148718969264,0.24575812866780508,0.30228932699855926,3.033102149749486,2.880073613055565,1.3054914812188456,101.89995055595472,108.30801734837303,14.352588147111078
candi.tcfloor,common,boot3,C51M18,C51,M18,H3K36me3,109057846,1.1339969823745824,0.5906813321691937,0.4387120480464429,2.0463972141001014,1.9641737122515963,1.0320930656467517,78.60316537339209,69.68138551560331,25.433304818704677
avg.none,common,boot3,C51M18,C51,M18,H3K36me3,109057846,1.1205789194299818,0.5884804973965808,0.4308616329595605,1.9979791924060482,1.9394124822208947,1.033689108856479,76.85876586263889,66.48848260328005,24.903692123405722
avocado.none,common,boot3,C51M18,C51,M18,H3K36me3,109057846,1.3721922489288711,0.4568561234711069,0.3496748167015859,2.4415228719169777,2.3885165725195274,1.175212918340034,85.11113990858242,85.28598342643505,28.694335462041277
candi.none,common,boot4,C51M18,C51,M18,H3K36me3,108648504,1.6110928807937366,0.24546991638243135,0.30855192310724794,3.2091612730437133,2.8806023720601353,1.2884191911048062,110.7013874597142,107.72982833876765,14.339782718655448
candi.tcfloor,common,boot4,C51M18,C51,M18,H3K36me3,108648504,1.1190569683096538,0.589152020167152,0.44126316646396535,2.1704537291207258,1.9759779312071208,1.0256553528329133,87.55480975196583,70.0117016082126,25.763056559705415
avg.none,common,boot4,C51M18,C51,M18,H3K36me3,108648504,1.1052889567861035,0.5869196924813224,0.4321895041822212,2.1143866746119326,1.949869156232893,1.0273760764594648,85.75565421708347,66.89162821154488,25.151053118502745
avocado.none,common,boot4,C51M18,C51,M18,H3K36me3,108648504,1.3474706901793094,0.4547026255711078,0.3449388063348177,2.591067301924703,2.390806574154712,1.1672678680293698,93.40922415891748,84.86696323365679,28.662795589595405
candi.none,common,boot5,C51M18,C51,M18,H3K36me3,109056922,1.5943751677777944,0.24728708078604075,0.3124109812622542,3.043703733921621,2.818389299107611,1.2997866421184694,99.67242463644303,105.1127732425117,13.495410200681784
candi.tcfloor,common,boot5,C51M18,C51,M18,H3K36me3,109056922,1.1027731722632932,0.5900010629950122,0.4443208694471327,2.0569138774497002,1.92276587532179,1.0229231068226672,77.56191747311975,67.8154028754174,23.997074147306765
avg.none,common,boot5,C51M18,C51,M18,H3K36me3,109056922,1.0900093035318308,0.5877232927559937,0.4351155041554118,2.006725683782173,1.898688646648066,1.02408417653797,75.95125974564142,64.74276976285839,23.528222481532225
avocado.none,common,boot5,C51M18,C51,M18,H3K36me3,109056922,1.3243482591863005,0.46433373996625626,0.3491770246062431,2.4366248340613943,2.322766932269333,1.1638138055420828,83.09469855129461,82.49522093407609,27.59171820384334
candi.none,common,boot6,C51M18,C51,M18,H3K36me3,109061592,1.65444660275425,0.24632660919216853,0.30989733002193204,3.208165769325896,2.9648662837919533,1.3397907875279527,106.54255322468693,110.0629099118257,14.367123393868598
candi.tcfloor,common,boot6,C51M18,C51,M18,H3K36me3,109061592,1.1486984346729123,0.5891248374361238,0.4421583652722831,2.1709633611804207,2.0337888063179825,1.0583936971827292,82.959362509275,71.6340913681532,25.965330769648883
avg.none,common,boot6,C51M18,C51,M18,H3K36me3,109061592,1.1343745892940453,0.586904481208462,0.4330057949600622,2.115956566669474,2.0066426377819675,1.0590471172289746,81.1669197763849,68.43352799213967,25.36102348208389
avocado.none,common,boot6,C51M18,C51,M18,H3K36me3,109061592,1.3847776809561283,0.454031034097838,0.34721084021573795,2.5932400052635405,2.4629626043288626,1.2067412285923003,89.5370089022589,86.97509449378585,28.902200176131505
candi.none,common,boot7,C51M18,C51,M18,H3K36me3,109047905,1.579188236922804,0.2418984193121802,0.2842181858932276,2.999980545287937,2.788380768359497,1.1843837743926298,106.67008593886361,106.07795555967496,14.260145531807158
candi.tcfloor,common,boot7,C51M18,C51,M18,H3K36me3,109047905,1.0989911456576802,0.5866215443170959,0.4166375921202688,2.0633133235154477,1.915462498029847,0.9537144370019379,84.6790524291151,68.8705729265487,25.529441333530016
avg.none,common,boot7,C51M18,C51,M18,H3K36me3,109047905,1.0856637324495546,0.5845927462645509,0.4080814865240139,2.0144082658617486,1.8908603639869925,0.9577972752533762,83.02169296471824,65.79617910541596,24.945145803517672
avocado.none,common,boot7,C51M18,C51,M18,H3K36me3,109047905,1.3177550107385987,0.4561327189068489,0.32074647765460346,2.4616491896420127,2.3085764801399655,1.0900384286118312,91.1964487317265,83.43093610842763,28.710349574983876
candi.none,common,boot8,C51M18,C51,M18,H3K36me3,109595876,1.652011223004928,0.2445470148363755,0.3071856158436944,3.140152023380635,2.901145470611088,1.3122194241173657,103.53366792651953,109.46807695036662,14.281346916991286
candi.tcfloor,common,boot8,C51M18,C51,M18,H3K36me3,109595876,1.1485658647942123,0.5872580183405983,0.44001768631552424,2.1409736165994766,1.9924609062291752,1.0396871126234017,80.79531156099344,71.292981858588,25.706570042408174
avg.none,common,boot8,C51M18,C51,M18,H3K36me3,109595876,1.1346786911844835,0.5850260783765796,0.43102470425682066,2.0900136813805767,1.966712614483265,1.0408619444784697,79.08974030207358,68.11463467610031,25.14171060345537
avocado.none,common,boot8,C51M18,C51,M18,H3K36me3,109595876,1.3891548971514918,0.44982998974744626,0.34191704825214575,2.5638364119158985,2.4214648006710404,1.1875275254172204,87.18010728207032,86.89947233725691,28.981113262414766
candi.none,common,boot9,C51M18,C51,M18,H3K36me3,109214135,1.4788530639919382,0.2360090389241313,0.28823539214963323,2.9341114628598928,2.62836557141207,1.2259104211163296,100.85099471335393,98.99784192346277,12.844077779979939
candi.tcfloor,common,boot9,C51M18,C51,M18,H3K36me3,109214135,1.0344836211422679,0.5810621373384494,0.42005623407064335,2.0091260113092444,1.816096671032087,0.9683099840979424,79.34360727724683,64.17837798924059,23.670102334613762
avg.none,common,boot9,C51M18,C51,M18,H3K36me3,109214135,1.0230227289874239,0.5792542618661352,0.41148273048743667,1.9586727832988495,1.7947468872746957,0.967450590083142,77.76536400224882,61.28509669753323,23.236087095655368
avocado.none,common,boot9,C51M18,C51,M18,H3K36me3,109214135,1.2477538414299438,0.44481761057990715,0.32942512951227904,2.3807804686847027,2.202766356000594,1.1100914672937687,85.40821646927827,78.84165506910345,26.0824607297989
avg.none,full,all23,C51M20,C51,M20,H3K4me1,121240998,1.976291490436965,0.17655359101039014,0.2829013969451304,3.858507010168942,2.4947421630936564,7.576202462375114,41.654046159427324,107.7994505398185,34.0226828177508
avocado.none,full,all23,C51M20,C51,M20,H3K4me1,121240998,1.8228007636367163,0.2515913190131392,0.262064749771404,2.978614790913436,2.2391784975100926,5.537862210989368,35.35701248243772,104.64584356309251,44.17242646588885
avocado005.none,full,all23,C51M20,C51,M20,H3K4me1,121240998,2.4764348898341186,0.09807289176951475,0.2164141614621581,4.456297509637843,3.2829945001131007,8.314649597324516,49.89617261318991,123.46461522108022,85.35375200816661
avg.none,full,boot0,C51M20,C51,M20,H3K4me1,109250012,1.8339515348548152,0.1733721966209582,0.2696077424982399,3.556485068344078,2.3171741671432184,6.8928520182096245,33.430164558625485,97.88212324307493,31.921711891917976
avocado.none,full,boot0,C51M20,C51,M20,H3K4me1,109250012,1.7032083457163585,0.24841677540427093,0.24313798227345368,2.7695901796612477,2.094865907274132,4.8063154704837405,27.376095073561807,94.9944054003269,42.500411595807584
avocado005.none,full,boot0,C51M20,C51,M20,H3K4me1,109250012,2.3263836068196477,0.09520546105689562,0.2056792393462229,4.118558590373844,3.1051721908951517,7.2839151574845955,42.31351487499691,112.09566073500886,81.89299659428555
avg.none,full,boot1,C51M20,C51,M20,H3K4me1,109208595,1.9636251547072463,0.17814017973524673,0.28918910368464357,3.839676581041416,2.5057311353180993,7.54582785349151,43.08030800007337,108.49991396526177,33.22292952641071
avocado.none,full,boot1,C51M20,C51,M20,H3K4me1,109208595,1.835908110347394,0.253266485548111,0.27133684905358696,3.0021833257623087,2.277096229225832,5.7202435051231255,36.137943294050935,104.79463065212867,46.494981104185584
avocado005.none,full,boot1,C51M20,C51,M20,H3K4me1,109208595,2.491008061333639,0.09744897526877754,0.22121005658436818,4.452833404544727,3.3529763663531176,8.574831947497865,46.40342542147909,123.84539459271274,85.7387736816296
avg.none,full,boot2,C51M20,C51,M20,H3K4me1,109027451,2.0191039373011126,0.17744428387650577,0.2843042074255722,3.9324358105013246,2.561169139334499,7.717177471077901,42.891025556047566,110.91799598779696,34.60194901832017
avocado.none,full,boot2,C51M20,C51,M20,H3K4me1,109027451,1.8432879478704762,0.25479955573241875,0.2615240148862293,2.985038802783693,2.2776135377452986,5.484106323666202,36.21008656040004,107.68909514953712,42.97712541449793
avocado005.none,full,boot2,C51M20,C51,M20,H3K4me1,109027451,2.4631456137359535,0.10169845378346576,0.2174854093778868,4.560661521110328,3.2467436918183132,8.652320235631809,51.56444768646911,127.21234844881795,79.86917067560181
avg.none,full,boot3,C51M20,C51,M20,H3K4me1,109057867,2.037006817812191,0.17910462364970767,0.28691205661352986,3.9441972338082336,2.544153895126236,7.768437153759011,42.32499453911076,109.65296055893218,35.570599802472785
avocado.none,full,boot3,C51M20,C51,M20,H3K4me1,109057867,1.8741465402716664,0.25500668732531423,0.2799215716644878,3.0363538174217295,2.287493781738691,5.712221274813525,35.78677771872028,105.81551075818402,45.80280208131544
avocado005.none,full,boot3,C51M20,C51,M20,H3K4me1,109057867,2.567630086643949,0.09835021290561045,0.21978178580161556,4.48244356151164,3.3784752435895617,8.625774016302712,51.1444662821899,126.23849380481515,90.32361249007258
avg.none,full,boot4,C51M20,C51,M20,H3K4me1,108648525,2.003188177278116,0.1784287751504767,0.2908442310487425,3.9396613124966673,2.5400430698273486,7.814300356062394,45.30895295308113,109.916988633383,34.67967750852154
avocado.none,full,boot4,C51M20,C51,M20,H3K4me1,108648525,1.8700486742349212,0.24737202395088773,0.2655007890553886,3.0658277665632307,2.310827678856417,5.824903035790843,39.39665262325153,107.16697592474975,46.89736825944706
avocado005.none,full,boot4,C51M20,C51,M20,H3K4me1,108648525,2.532690097788938,0.0976085658341919,0.22244435081854036,4.570690963821717,3.3555694857030276,7.654484068663806,51.922272133687805,126.26258787504558,88.73783920817566
avg.none,full,boot5,C51M20,C51,M20,H3K4me1,109056943,1.9562819538042664,0.17797975949527817,0.29252602401151356,3.8861471757398487,2.4909680909405156,7.6621845726321265,41.09994854083661,105.89366352256243,34.373138228687154
avocado.none,full,boot5,C51M20,C51,M20,H3K4me1,109056943,1.7541378472947273,0.25665319273829773,0.26503846516647933,2.9524525139628035,2.165357399421671,5.484344514319218,34.66109587514681,103.72080936084912,38.20675040100176
avocado005.none,full,boot5,C51M20,C51,M20,H3K4me1,109056943,2.4957919582792787,0.09668235091692136,0.22336549568484132,4.479167466647871,3.3442901079259313,8.606964320060179,49.89354180610129,121.85281971508678,89.17784258720978
avg.none,full,boot6,C51M20,C51,M20,H3K4me1,109061613,2.0261205196336562,0.17902323179746044,0.29020590296051946,3.9648959808677064,2.580068138870545,7.783122521385414,43.26712390863573,111.29503448580174,34.66227178255476
avocado.none,full,boot6,C51M20,C51,M20,H3K4me1,109061613,1.8863452163317715,0.2517446651111872,0.27138492513766466,3.0833335732590434,2.340179733342965,5.809895004394728,36.926333489934144,108.01670274972747,46.81844599422025
avocado005.none,full,boot6,C51M20,C51,M20,H3K4me1,109061613,2.4443861086258427,0.10435938448001397,0.22223054868133432,4.559196024252161,3.2304747311556645,8.772502070158732,52.2767760883471,127.12500596702365,76.92925473442885
avg.none,full,boot7,C51M20,C51,M20,H3K4me1,109047925,1.9704643454815522,0.1740610325691591,0.2661683877057255,3.8867936967619974,2.4667376708071105,7.613705466250613,42.52136246037482,107.6705138133269,34.145507450085724
avocado.none,full,boot7,C51M20,C51,M20,H3K4me1,109047925,1.806454116884775,0.25528882340660697,0.24523358663887235,2.9450756840842853,2.1936374107205716,5.601038102388533,36.00994009573967,103.94593312107014,44.18324547204573
avocado005.none,full,boot7,C51M20,C51,M20,H3K4me1,109047925,2.476472474739592,0.09596167476720428,0.2042018093016711,4.496955244917326,3.263144811094564,8.489179848940411,51.44834197491479,122.93503637631144,85.66806800429048
avg.none,full,boot8,C51M20,C51,M20,H3K4me1,109595897,2.0451348281369754,0.17562281404838176,0.2856210140294628,3.9371418941268885,2.554114241143947,7.617480825164238,42.342656610406756,111.40273318194535,34.676141489012295
avocado.none,full,boot8,C51M20,C51,M20,H3K4me1,109595897,1.8947652868774927,0.24770185338268524,0.26161444243973286,3.0854840186071937,2.3031227557225438,5.631148755541472,36.59686431188511,108.36923841806016,45.57655375502059
avocado005.none,full,boot8,C51M20,C51,M20,H3K4me1,109595897,2.546939447666667,0.09799462825671784,0.21831080046870582,4.496954702959154,3.357699112965565,8.203984602321162,51.6472620134434,126.74940838690542,85.70368196647111
avg.none,full,boot9,C51M20,C51,M20,H3K4me1,109214154,1.9081743899476027,0.17167948795754845,0.27281009525087385,3.6808391867219443,2.3873123596936336,7.328722169159219,40.55861265351737,104.73711036335197,32.24372985353749
avocado.none,full,boot9,C51M20,C51,M20,H3K4me1,109214154,1.7598121761139316,0.24648848451209962,0.25570864422140377,2.8504328176271576,2.1423065858233437,5.287482865765953,34.72599077641745,101.68607281074365,42.16280755901891
avocado005.none,full,boot9,C51M20,C51,M20,H3K4me1,109214154,2.42008730342889,0.09574651908947106,0.208855092471559,4.332426799703335,3.193307568470758,8.26936782099778,49.897702135292825,119.70837995041909,84.45610331576259
candi.none,common,all23,C51M20,C51,M20,H3K4me1,121240975,1.4578700908911348,0.5214376210238718,0.3214153091914783,2.398710717634819,1.795691602145765,4.042450726651605,33.87333150307692,102.65729676634928,37.54510001283985
candi.tcfloor,common,all23,C51M20,C51,M20,H3K4me1,121240975,1.3829143283228529,0.4761256156125302,0.33515797674002845,2.4101047851442843,1.7052392003158936,3.764111191490563,31.237364234495246,93.17887400567179,29.075947803744242
avg.none,common,all23,C51M20,C51,M20,H3K4me1,121240975,1.9762918653490298,0.17655356168194772,0.28290098769290617,3.858507010168942,2.4947421630936564,7.576202462375114,41.654046159427324,107.7994505398185,34.0226828177508
avocado.none,common,all23,C51M20,C51,M20,H3K4me1,121240975,1.8228011088397462,0.25159129945417863,0.2620643517047327,2.978614790913436,2.2391784975100926,5.537862210989368,35.35701248243772,104.64584356309251,44.17242646588885
candi.none,common,boot0,C51M20,C51,M20,H3K4me1,109249991,1.336176780036019,0.5187979103555026,0.30685256468154815,2.1538404814799152,1.6455967163572858,3.479295243942311,25.814683962750703,92.59766163509289,32.51378727938485
candi.tcfloor,common,boot0,C51M20,C51,M20,H3K4me1,109249991,1.2705498033106017,0.4734915660542572,0.32086881053017186,2.1890553658917167,1.5660536614660139,3.2785070024950302,23.629832433693657,83.91809549556052,24.90033293140662
avg.none,common,boot0,C51M20,C51,M20,H3K4me1,109249991,1.833951887376421,0.17337216569414443,0.2696073202409423,3.556485068344078,2.3171741671432184,6.8928520182096245,33.430164558625485,97.88212324307493,31.921733021875287
avocado.none,common,boot0,C51M20,C51,M20,H3K4me1,109249991,1.703208672828709,0.24841675500228597,0.24313754763117912,2.7695901796612477,2.094865907274132,4.8063154704837405,27.376095073561807,94.9944054003269,42.50044574857368
candi.none,common,boot1,C51M20,C51,M20,H3K4me1,109208574,1.461226235484569,0.5237828255550073,0.32790879663227285,2.4299954553998733,1.819006483153081,4.153487283946423,35.29148063278312,103.33034125348479,38.364836037191715
candi.tcfloor,common,boot1,C51M20,C51,M20,H3K4me1,109208574,1.3839297445443797,0.4795675567310043,0.3416398862844965,2.423930090161121,1.7240560054838383,3.8437281603002895,32.6183123213771,93.85135711336751,29.89589470127726
avg.none,common,boot1,C51M20,C51,M20,H3K4me1,109208574,1.9636255322978213,0.17814015021003318,0.28918869237106687,3.839676581041416,2.5057311353180993,7.54582785349151,43.08030800007337,108.49991396526177,33.22292952641071
avocado.none,common,boot1,C51M20,C51,M20,H3K4me1,109208574,1.8359084628630142,0.25326646582055556,0.27133645071130397,3.0021833257623087,2.277096229225832,5.7202435051231255,36.137943294050935,104.79463065212867,46.494981104185584
candi.none,common,boot2,C51M20,C51,M20,H3K4me1,109027430,1.4952356695935607,0.5219608560501511,0.321752605368369,2.4655918496801363,1.850511685484308,4.1438043980984,34.88108557561111,105.72575553564235,38.815789274973696
candi.tcfloor,common,boot2,C51M20,C51,M20,H3K4me1,109027430,1.4176771998378985,0.4765357548179073,0.3359132891633651,2.470277628430741,1.7562320287332587,3.8596976587941016,32.1823042615239,96.01558093759283,30.03311093102467
avg.none,common,boot2,C51M20,C51,M20,H3K4me1,109027430,2.0191043262049204,0.1774442545098891,0.2843037927297383,3.9324358105013246,2.561169139334499,7.717177471077901,42.891025556047566,110.91799598779696,34.60194901832017
avocado.none,common,boot2,C51M20,C51,M20,H3K4me1,109027430,1.843288302296635,0.25479953567833874,0.26152361271354363,2.985038802783693,2.2776135377452986,5.484106323666202,36.21008656040004,107.68909514953712,42.97712541449793
candi.none,common,boot3,C51M20,C51,M20,H3K4me1,109057846,1.4944542715130864,0.5226344395797524,0.32604869173791273,2.444917270059804,1.8202948389160867,4.138205665369904,34.327030456884344,104.80213081444036,38.06356774818976
candi.tcfloor,common,boot3,C51M20,C51,M20,H3K4me1,109057846,1.416403791791692,0.4772662255906696,0.3398828274600755,2.4554622769893157,1.7275696488568946,3.848502536106319,31.606607682277932,94.94628100400269,29.41193473909512
avg.none,common,boot3,C51M20,C51,M20,H3K4me1,109057846,2.0370072100548837,0.17910459403797652,0.28691164345486697,3.9441972338082336,2.544153895126236,7.768437153759011,42.32499453911076,109.65296055893218,35.570599802472785
avocado.none,common,boot3,C51M20,C51,M20,H3K4me1,109057846,1.8741469005156184,0.2550066679342934,0.2799211808028584,3.0363538174217295,2.287493781738691,5.712221274813525,35.78677771872028,105.81551075818402,45.80280208131544
candi.none,common,boot4,C51M20,C51,M20,H3K4me1,108648504,1.4799269151615173,0.522292836357109,0.32876844417390505,2.4506507597753213,1.8329199418238737,4.207476801931128,37.74838965395712,104.88131269154682,38.743163442665995
candi.tcfloor,common,boot4,C51M20,C51,M20,H3K4me1,108648504,1.4029602562939063,0.47720230415368853,0.3425126288968233,2.4563541675734544,1.7396931087855239,3.9041155233322185,34.92369019980821,95.18325350581794,30.029220386889953
avg.none,common,boot4,C51M20,C51,M20,H3K4me1,108648504,2.003188564462018,0.17842874590943067,0.2908438185609817,3.9396613124966673,2.5400430698273486,7.814300356062394,45.30895295308113,109.916988633383,34.67967750852154
avocado.none,common,boot4,C51M20,C51,M20,H3K4me1,108648504,1.8700490350263623,0.24737200483393934,0.26550038775801194,3.0658277665632307,2.310827678856417,5.824903035790843,39.39665262325153,107.16697592474975,46.89736825944706
candi.none,common,boot5,C51M20,C51,M20,H3K4me1,109056922,1.4350694906250498,0.5217498629028682,0.3303161531554622,2.3884472836747075,1.782662184605554,4.05049203351548,33.013038114058155,100.78359569435561,36.797524934565836
candi.tcfloor,common,boot5,C51M20,C51,M20,H3K4me1,109056922,1.3616693245109612,0.47643447587868853,0.3441006568639828,2.4045602168555282,1.6941613061802663,3.771939156698212,30.4241243849084,91.37054415672549,28.51304060660923
avg.none,common,boot5,C51M20,C51,M20,H3K4me1,109056922,1.9562823305059032,0.17797972995160977,0.29252561406873595,3.8861471757398487,2.4909680909405156,7.6621845726321265,41.09994854083661,105.89366352256243,34.373138228687154
avocado.none,common,boot5,C51M20,C51,M20,H3K4me1,109056922,1.754138184416021,0.25665317214108824,0.26503806511366235,2.9524525139628035,2.165357399421671,5.484344514319218,34.66109587514681,103.72080936084912,38.20675040100176
candi.none,common,boot6,C51M20,C51,M20,H3K4me1,109061592,1.5017262300259582,0.5227379821062309,0.3288596876204734,2.482304556087649,1.8681560840431595,4.245034108449112,35.42034728210389,106.23179075381988,39.04356773277202
candi.tcfloor,common,boot6,C51M20,C51,M20,H3K4me1,109061592,1.4230263082494725,0.47767675960517164,0.34239042022551236,2.48474717586921,1.771682220537625,3.936774780460663,32.64400863937851,96.43491758317602,30.155767346525188
avg.none,common,boot6,C51M20,C51,M20,H3K4me1,109061592,2.0261209097667003,0.1790232026188981,0.29020549173249177,3.9648959808677064,2.580068138870545,7.783122521385414,43.26712390863573,111.29503448580174,34.66227178255476
avocado.none,common,boot6,C51M20,C51,M20,H3K4me1,109061592,1.8863455789137398,0.25174464584885786,0.2713845289762337,3.0833335732590434,2.340179733342965,5.809895004394728,36.926333489934144,108.01670274972747,46.818483992042964
candi.none,common,boot7,C51M20,C51,M20,H3K4me1,109047905,1.4520827282984743,0.518930298555191,0.30412441359057174,2.4085138071918104,1.7709336134617786,4.055102936424006,34.55685004308241,102.5144565010813,37.63817027561814
candi.tcfloor,common,boot7,C51M20,C51,M20,H3K4me1,109047905,1.3789035391275124,0.47316136516341806,0.3180709833962264,2.4212251365932267,1.683651575166681,3.77622721994147,31.88708129912964,93.10605966516624,29.30117197103125
avg.none,common,boot7,C51M20,C51,M20,H3K4me1,109047905,1.9704647068758119,0.17406100399148983,0.2661679830049,3.8867936967619974,2.4667376708071105,7.613705466250613,42.52136246037482,107.6705138133269,34.145507450085724
avocado.none,common,boot7,C51M20,C51,M20,H3K4me1,109047905,1.8064544475506121,0.2552888044823841,0.24523319520548617,2.9450756840842853,2.1936374107205716,5.601038102388533,36.00994009573967,103.94593312107014,44.18324547204573
candi.none,common,boot8,C51M20,C51,M20,H3K4me1,109595876,1.512809768790926,0.5227414367545217,0.32813413889180904,2.4739706328153583,1.8445714532976798,4.106217718118166,35.015244287098845,106.26160172911254,38.88288731825037
candi.tcfloor,common,boot8,C51M20,C51,M20,H3K4me1,109595876,1.434091253470587,0.476707698302291,0.3408953525866175,2.4770818473194085,1.7503784162059242,3.81540953351223,32.276093218592415,96.52025541008175,30.024944737821723
avg.none,common,boot8,C51M20,C51,M20,H3K4me1,109595876,2.045135220011496,0.1756227842629317,0.2856206022587856,3.9371418941268885,2.554114241143947,7.617480825164238,42.342656610406756,111.40273318194535,34.676141489012295
avocado.none,common,boot8,C51M20,C51,M20,H3K4me1,109595876,1.8947656492868605,0.24770183348711458,0.26161404149050227,3.0854840186071937,2.3031227557225438,5.631148755541472,36.59686431188511,108.36923841806016,45.57655375502059
candi.none,common,boot9,C51M20,C51,M20,H3K4me1,109214135,1.4100910008420988,0.5185420332746206,0.310642547758433,2.278261972665477,1.7228592494624901,3.8324433781157152,32.97577406522964,99.30210209790441,36.389218855450586
candi.tcfloor,common,boot9,C51M20,C51,M20,H3K4me1,109214135,1.3400206347932464,0.4729613630417568,0.3245221927846925,2.308523181128974,1.6394395874994474,3.5949477360917497,30.487368908051096,90.32256103434702,28.320792247298016
avg.none,common,boot9,C51M20,C51,M20,H3K4me1,109214135,1.9081747219129972,0.1716794602984466,0.27280971475403787,3.6808391867219443,2.3873123596936336,7.328722169159219,40.55861265351737,104.73711036335197,32.24372985353749
avocado.none,common,boot9,C51M20,C51,M20,H3K4me1,109214135,1.759812481654614,0.24648846616039405,0.2557082797862344,2.8504328176271576,2.1423065858233437,5.287482865765953,34.72599077641745,101.68607281074365,42.16280755901891
avg.none,full,all23,C51M29,C51,M29,H3K9me3,121240998,0.43746354015576944,0.28890019461975347,0.31458247923469335,0.4860175621795078,0.38170710775994887,0.7102891978952305,5785.826510661621,19.565701627739926,6.088276488476615
avocado.none,full,all23,C51M29,C51,M29,H3K9me3,121240998,0.4886835454706198,0.16560563677739842,0.20325221571413385,0.5177973044424975,0.41627885271827264,0.7812617867928198,5799.377112441733,21.54859855233892,6.845030786327458
avocado005.none,full,all23,C51M29,C51,M29,H3K9me3,121240998,0.6125486564106253,0.13494324759900928,0.26342627350438536,0.5854898133434441,0.6681023080668722,0.8529823800371544,5808.6265612943025,27.227830437201032,17.236509340473575
avg.none,full,boot0,C51M29,C51,M29,H3K9me3,109250012,0.4304935801119433,0.28959120457110954,0.3041774929915981,0.47317917301312884,0.3805104351127357,0.755022114297184,2802.4166383484953,18.589395043477374,6.163594485898341
avocado.none,full,boot0,C51M29,C51,M29,H3K9me3,109250012,0.4844459367906759,0.1630886343919152,0.19011405303188883,0.5048611709250254,0.41628549745106064,0.8306160816807558,2817.7975128144612,20.599630319139692,7.078585641282888
avocado005.none,full,boot0,C51M29,C51,M29,H3K9me3,109250012,0.615398276589976,0.13444785025317482,0.2513081969849408,0.572268685760257,0.6863110497730716,0.9061755076679087,2825.429662625645,26.74915802865983,18.212077443899652
avg.none,full,boot1,C51M29,C51,M29,H3K9me3,109208595,0.4315963064598292,0.28545480524947153,0.31843720225637273,0.47848283834963207,0.3684558583735069,0.7550622394207763,6592.737817632149,19.785712561179228,5.896866289814941
avocado.none,full,boot1,C51M29,C51,M29,H3K9me3,109208595,0.4860063617608956,0.15352715165084455,0.2009990802734741,0.51229866793409,0.40743443908893556,0.8302293133365066,6608.117251993651,21.798965501896213,6.767749709653218
avocado005.none,full,boot1,C51M29,C51,M29,H3K9me3,109208595,0.5456442066671338,0.14338675884352867,0.26828983538300416,0.5575974496654403,0.5269182471883678,0.8968232789311856,6617.12692891346,24.490401099274962,10.904715864139495
avg.none,full,boot2,C51M29,C51,M29,H3K9me3,109027451,0.44915179051822646,0.2891946080138449,0.31566370446516046,0.49141969128960844,0.388188773241958,0.750021441484043,6330.748637101482,20.414646476226114,6.430188110084034
avocado.none,full,boot2,C51M29,C51,M29,H3K9me3,109027451,0.5023262417439677,0.16731301765423964,0.20556571788287017,0.5221475077493691,0.4243778590034751,0.8135174922316777,6345.5491716615525,22.413094479967352,7.086464769197025
avocado005.none,full,boot2,C51M29,C51,M29,H3K9me3,109027451,0.6355932756597724,0.13427038612046197,0.26447524141770196,0.5948582879878729,0.6992177137928889,0.8985766636015025,6355.653241963171,28.72007376880393,18.362289511390124
avg.none,full,boot3,C51M29,C51,M29,H3K9me3,109057867,0.44052626744204204,0.28829301271397184,0.3176732390713453,0.4825517643216213,0.3794410629411306,0.7153375932991444,6370.556689629718,19.830413936217866,6.287528603449491
avocado.none,full,boot3,C51M29,C51,M29,H3K9me3,109057867,0.4933095588443843,0.1652364694675654,0.21558476394469284,0.5133713467278836,0.4142352055224519,0.7881970563843432,6385.4181226877245,21.815955965814254,7.136454495169925
avocado005.none,full,boot3,C51M29,C51,M29,H3K9me3,109057867,0.6244450901145131,0.13473053049358896,0.2666655901963951,0.5822862936976924,0.6824917480891208,0.8613034649310782,6395.5686705770495,28.076829179196622,18.44155308138314
avg.none,full,boot4,C51M29,C51,M29,H3K9me3,108648525,0.4415899358288793,0.2896415234439845,0.32175059069603085,0.49048046536267703,0.3794279154335069,0.7472294759730581,6505.063185804799,20.201916910312868,6.302462773760362
avocado.none,full,boot4,C51M29,C51,M29,H3K9me3,108648525,0.4922784579162554,0.1655266735474079,0.2040369180907886,0.5227034305808153,0.41478749699196016,0.8205035184967271,6520.26674981369,22.224709185969044,6.942893237932848
avocado005.none,full,boot4,C51M29,C51,M29,H3K9me3,108648525,0.6181573528749139,0.1343060981042131,0.2715760284042284,0.5924998932220712,0.676348261876333,0.8680905775179231,6530.422456000755,27.95985098687174,17.331660950460034
avg.none,full,boot5,C51M29,C51,M29,H3K9me3,109056943,0.43952612440427474,0.28954392984988203,0.3237902464177575,0.4794275115318713,0.38373590053665174,0.7571632466945954,6417.755006336865,19.842377567460023,6.293251173355871
avocado.none,full,boot5,C51M29,C51,M29,H3K9me3,109056943,0.4737224228139831,0.1871145080058689,0.21019662527820063,0.508831107044045,0.4068545578854538,0.8141045209132234,6432.684533874525,21.720675244772163,5.346894478064627
avocado005.none,full,boot5,C51M29,C51,M29,H3K9me3,109056943,0.6246056138715177,0.13426031962020676,0.2735766793006128,0.5799033411903051,0.6927725136473626,0.9100277896100777,6442.920936334274,28.04704597229402,18.337006992450746
avg.none,full,boot6,C51M29,C51,M29,H3K9me3,109061613,0.44437869508891825,0.2890548542990892,0.32016478679875,0.4933817646767268,0.386354727615454,0.7539266090842607,6456.053046847812,20.34075530206217,6.3787510370363245
avocado.none,full,boot6,C51M29,C51,M29,H3K9me3,109061613,0.49855940589070546,0.16193081911136176,0.20794962957847643,0.5242533836002494,0.42251170564929846,0.8287722256627166,6471.129129894056,22.355536430136095,7.17903912776523
avocado005.none,full,boot6,C51M29,C51,M29,H3K9me3,109061613,0.6136610238689558,0.13537530750581178,0.26993369925968475,0.594998211230396,0.6552633028131198,0.8986981854164467,6481.102207726972,27.534861588646486,16.70142731459086
avg.none,full,boot7,C51M29,C51,M29,H3K9me3,109047925,0.44627454177757453,0.28298009952289277,0.2976366828411905,0.48762217378591,0.38413173269388035,0.7413952690886737,6311.3816980155925,20.125277568661755,6.242123037096504
avocado.none,full,boot7,C51M29,C51,M29,H3K9me3,109047925,0.49889474840315273,0.16085510215042692,0.17998352238241816,0.5194664424428452,0.4181378877732732,0.8112945256240406,6325.946780710941,22.052117566625256,7.129659063784591
avocado005.none,full,boot7,C51M29,C51,M29,H3K9me3,109047925,0.6273444572961311,0.13055873021568942,0.24469623492181225,0.5875835066037944,0.6841109036942055,0.870201999251332,6335.911910338168,28.000988388484377,17.858996477984636
avg.none,full,boot8,C51M29,C51,M29,H3K9me3,109595897,0.44845645678872875,0.29179656615581445,0.3204258936795725,0.4966071542266173,0.3874890440758675,0.7329369888851489,6210.707693981358,20.363155765550317,6.435274995908894
avocado.none,full,boot8,C51M29,C51,M29,H3K9me3,109595897,0.5006214658057351,0.17032310336127462,0.21193455221140592,0.5259833387771078,0.4216786043347363,0.8051494674372818,6225.226328030402,22.358122198784503,7.139962204206374
avocado005.none,full,boot8,C51M29,C51,M29,H3K9me3,109595897,0.6355609719666538,0.13601231061830116,0.26981181742446286,0.6015928731744112,0.6923118469614321,0.8810616651196282,6235.138018900579,28.531870488679882,18.513541857368235
avg.none,full,boot9,C51M29,C51,M29,H3K9me3,109214154,0.40267704194872406,0.2939107747996239,0.30556255989821385,0.48673108636339907,0.37916864217723295,0.3915214372103981,3772.1280433508964,16.162238209102544,4.440973802287647
avocado.none,full,boot9,C51M29,C51,M29,H3K9me3,109214154,0.4566867425637123,0.16358473910683555,0.20598924284961817,0.5240866844176277,0.41643590792836327,0.4668229305824462,3772.4829501470936,18.14736642537956,6.620450025806772
avocado005.none,full,boot9,C51M29,C51,M29,H3K9me3,109214154,0.585118413951089,0.13585329297529733,0.25337191273004417,0.5906115303850952,0.6832315745146256,0.5353226401458784,3777.645243185425,24.134476610213706,17.764477086890835
candi.none,common,all23,C51M29,C51,M29,H3K9me3,121240975,0.46205482971662504,0.12395240949920204,0.2279768146664335,0.5154787067135456,0.4002228739039353,0.7375789998953647,5812.382798082886,23.767837991921358,0.7059640719266939
candi.tcfloor,common,all23,C51M29,C51,M29,H3K9me3,121240975,0.43004469848980453,0.2862285979307381,0.3205351750812595,0.47644780626965205,0.37056839956125903,0.7060570388349104,5796.310314677775,20.63374762505217,5.319829074838725
avg.none,common,all23,C51M29,C51,M29,H3K9me3,121240975,0.43746362314472115,0.2889001198575192,0.31458208850189506,0.4860175621795078,0.38170710775994887,0.7102891978952305,5785.826510661621,19.565701627739926,6.088276488476615
avocado.none,common,all23,C51M29,C51,M29,H3K9me3,121240975,0.4886836376215999,0.1656055600142168,0.20325176833225747,0.5177973044424975,0.41627885271827264,0.7812617867928198,5799.377112441733,21.54859855233892,6.845030786327458
candi.none,common,boot0,C51M29,C51,M29,H3K9me3,109249991,0.45421447737698856,0.12081262258853998,0.2176147885853113,0.49875555278991396,0.3979920586595257,0.7829502377739449,2831.3401328227856,22.80016785285457,0.6968765530529258
candi.tcfloor,common,boot0,C51M29,C51,M29,H3K9me3,109249991,0.4223562274948549,0.2867635041411366,0.3104512328690283,0.4608351917162645,0.36817803379572867,0.7498601665133714,2813.3530538334176,19.642102350058913,5.24334115913558
avg.none,common,boot0,C51M29,C51,M29,H3K9me3,109249991,0.43049366286128815,0.2895911268651771,0.30417709115942587,0.47317917301312884,0.3805104351127357,0.755022114297184,2802.4166383484953,18.58970797187288,6.163598341507791
avocado.none,common,boot0,C51M29,C51,M29,H3K9me3,109249991,0.48444602931745295,0.1630885562237101,0.19011359273319953,0.5048611709250254,0.41628549745106064,0.8306160816807558,2817.7975128144612,20.5999795703865,7.078592031324029
candi.none,common,boot1,C51M29,C51,M29,H3K9me3,109208574,0.45632585047215646,0.1262994713980077,0.2350483931838516,0.5066947735762336,0.3885852354301942,0.7822267804160639,6622.556997694248,23.728174494469464,0.7088995371448372
candi.tcfloor,common,boot1,C51M29,C51,M29,H3K9me3,109208574,0.4263286498329441,0.2816936880602395,0.3247562591463113,0.4706636561179273,0.36201786793671736,0.7515666344415524,6604.564418279779,20.81764978950859,5.344033098328998
avg.none,common,boot1,C51M29,C51,M29,H3K9me3,109208574,0.4315963894526026,0.28545472834363494,0.31843680833668303,0.47848283834963207,0.3684558583735069,0.7550622394207763,6592.737817632149,19.785712561179228,5.896866289814941
avocado.none,common,boot1,C51M29,C51,M29,H3K9me3,109208574,0.4860064547363194,0.15352707189283415,0.20099862575540134,0.51229866793409,0.40743443908893556,0.8302293133365066,6608.117251993651,21.798965501896213,6.767749709653218
candi.none,common,boot2,C51M29,C51,M29,H3K9me3,109027430,0.47493855855202016,0.12179036281518704,0.22639724086506247,0.5233153432144478,0.4070976821087357,0.7806963448172239,6359.763801187513,24.76166143252512,0.7194452225259355
candi.tcfloor,common,boot2,C51M29,C51,M29,H3K9me3,109027430,0.44159173232665033,0.2863324749274107,0.3210211266319287,0.48259946261513037,0.37613202755155434,0.7466261791387782,6342.211377068768,21.518712335804462,5.517017862473095
avg.none,common,boot2,C51M29,C51,M29,H3K9me3,109027430,0.44915187703028675,0.28919453355861524,0.3156633083784416,0.49141969128960844,0.388188773241958,0.750021441484043,6330.748637101482,20.414646476226114,6.430188110084034
avocado.none,common,boot2,C51M29,C51,M29,H3K9me3,109027430,0.5023263381815268,0.1673129405332879,0.20556526007984918,0.5221475077493691,0.4243778590034751,0.8135174922316777,6345.5491716615525,22.413094479967352,7.086464769197025
candi.none,common,boot3,C51M29,C51,M29,H3K9me3,109057846,0.4649164344264635,0.12217077692285006,0.22697678128683071,0.5109436408606222,0.39633873422589605,0.7420158395135726,6399.670480114911,24.055547378043794,0.6723589891794107
candi.tcfloor,common,boot3,C51M29,C51,M29,H3K9me3,109057846,0.4326385261741259,0.28562769319085035,0.32212487447152105,0.4722218969470912,0.36741306868102924,0.7106784555066318,6382.064283453799,20.897104963911833,5.352346836537733
avg.none,common,boot3,C51M29,C51,M29,H3K9me3,109057846,0.44052635226905773,0.28829293712827603,0.31767284421524133,0.4825517643216213,0.3794410629411306,0.7153375932991444,6370.556689629718,19.830413936217866,6.287528603449491
avocado.none,common,boot3,C51M29,C51,M29,H3K9me3,109057846,0.4933096532228318,0.16523639272522742,0.21558431714937012,0.5133713467278836,0.4142352055224519,0.7881970563843432,6385.4181226877245,21.815955965814254,7.136454495169925
candi.none,common,boot4,C51M29,C51,M29,H3K9me3,108648504,0.46685611397299126,0.1252863627084304,0.23470562765648523,0.5207052583550655,0.4009423505469519,0.7765183780156554,6534.844957465461,24.43735121679797,0.7038061614814538
candi.tcfloor,common,boot4,C51M29,C51,M29,H3K9me3,108648504,0.4345829232703744,0.2867943593778871,0.3272722861520269,0.4818486525513235,0.3704445121814125,0.743514763045185,6516.839080697897,21.280685109970243,5.576431816975146
avg.none,common,boot4,C51M29,C51,M29,H3K9me3,108648504,0.4415900211810775,0.28964144908699474,0.3217501966621499,0.49048046536267703,0.3794279154335069,0.7472294759730581,6505.063185804799,20.201916910312868,6.302462773760362
avocado.none,common,boot4,C51M29,C51,M29,H3K9me3,108648504,0.49227855248870867,0.16552659678718784,0.20403646342537668,0.5227034305808153,0.41478749699196016,0.8205035184967271,6520.26674981369,22.224709185969044,6.942893237932848
candi.none,common,boot5,C51M29,C51,M29,H3K9me3,109056922,0.46364869355002086,0.12915310426802418,0.2395522757289439,0.5087259064277658,0.4017505120255308,0.7871093030958313,6447.0675567021835,24.03768456660171,0.6962459999254387
candi.tcfloor,common,boot5,C51M29,C51,M29,H3K9me3,109056922,0.4315323351962092,0.28824563447696616,0.33068472461125115,0.4689588591648468,0.37148918067388265,0.7533454635487975,6429.346306108502,20.89844196533662,5.482567313386217
avg.none,common,boot5,C51M29,C51,M29,H3K9me3,109056922,0.43952620903942163,0.28954385505716096,0.3237898550567434,0.4794275115318713,0.38373590053665174,0.7571632466945954,6417.755006336865,19.842377567460023,6.293251173355871
avocado.none,common,boot5,C51M29,C51,M29,H3K9me3,109056922,0.47372251344217076,0.18711442748965754,0.2101961757143221,0.508831107044045,0.4068545578854538,0.8141045209132234,6432.684533874525,21.720675244772163,5.346894478064627
candi.none,common,boot6,C51M29,C51,M29,H3K9me3,109061592,0.47003932910340257,0.12529944741043827,0.23416508009939438,0.5226961627179769,0.40558790253073607,0.7827058639386237,6485.602420884067,24.58447251754677,0.7213111084924744
candi.tcfloor,common,boot6,C51M29,C51,M29,H3K9me3,109061592,0.4374695489718211,0.28644933626857766,0.3260199643622627,0.4836711551683864,0.37524686478382996,0.7511200359929007,6467.738613130418,21.42193596512457,5.6310627811274365
avg.none,common,boot6,C51M29,C51,M29,H3K9me3,109061592,0.444378780654812,0.28905478005896534,0.3201643933754561,0.4933817646767268,0.386354727615454,0.7539266090842607,6456.053046847812,20.34075530206217,6.378755330370906
avocado.none,common,boot6,C51M29,C51,M29,H3K9me3,109061592,0.4985595012801506,0.16193074302899127,0.2079491788812801,0.5242533836002494,0.42251170564929846,0.8287722256627166,6471.129129894056,22.355536430136095,7.17904887644723
candi.none,common,boot7,C51M29,C51,M29,H3K9me3,109047905,0.47002682051006106,0.11515812029955141,0.20986174688098572,0.5186588536653057,0.4015386873590621,0.7643040680972325,6340.065091723814,24.322968270288897,0.710403264180222
candi.tcfloor,common,boot7,C51M29,C51,M29,H3K9me3,109047905,0.43848594992050177,0.2793016632784712,0.3031705047359381,0.48104702263219956,0.37221271062484107,0.7356606738008895,6322.735447895074,21.18904357169365,5.324777551957512
avg.none,common,boot7,C51M29,C51,M29,H3K9me3,109047905,0.4462746236268392,0.28298002583238685,0.2976362958760757,0.48762217378591,0.38413173269388035,0.7413952690886737,6311.3816980155925,20.125277568661755,6.242123037096504
avocado.none,common,boot7,C51M29,C51,M29,H3K9me3,109047905,0.4988948393194243,0.1608550274580776,0.179983077201879,0.5194664424428452,0.4181378877732732,0.8112945256240406,6325.946780710941,22.052117566625256,7.129659063784591
candi.none,common,boot8,C51M29,C51,M29,H3K9me3,109595876,0.4743067854984213,0.12712517117240463,0.23435846512821898,0.5275666380682111,0.40625797137385417,0.7609864938727624,6239.180721620464,24.7574130521401,0.7278841169174987
candi.tcfloor,common,boot8,C51M29,C51,M29,H3K9me3,109595876,0.44053046090811276,0.28983799610639555,0.3269857062610179,0.4858938980325952,0.375431392476034,0.7284445549127654,6221.9541837127135,21.480616431465553,5.519415812618484
avg.none,common,boot8,C51M29,C51,M29,H3K9me3,109595876,0.44845654271883795,0.2917964930414817,0.32042550237478595,0.4966071542266173,0.3874890440758675,0.7329369888851489,6210.707693981358,20.363155765550317,6.435274995908894
avocado.none,common,boot8,C51M29,C51,M29,H3K9me3,109595876,0.5006215611272413,0.17032302814264788,0.21193410536749294,0.5259833387771078,0.4216786043347363,0.8051494674372818,6225.226328030402,22.358122198784503,7.139962204206374
candi.none,common,boot9,C51M29,C51,M29,H3K9me3,109214135,0.42531125815924187,0.12621737642678416,0.220478227575849,0.5163636664431887,0.3960644270488203,0.4129102939536372,3774.191611858378,20.188857684883665,0.7019793949175277
candi.tcfloor,common,boot9,C51M29,C51,M29,H3K9me3,109214135,0.3949686302589167,0.29142262454535983,0.3123037944006907,0.47645581018537386,0.3670597735612905,0.3864829882830338,3773.261631039067,17.19026107754932,3.6895182630619594
avg.none,common,boot9,C51M29,C51,M29,H3K9me3,109214135,0.4026771120025115,0.29391070206790904,0.305562196928236,0.48673108636339907,0.37916864217723295,0.3915214372103981,3772.1280433508964,16.162238209102544,4.440973802287647
avocado.none,common,boot9,C51M29,C51,M29,H3K9me3,109214135,0.4566868214352908,0.1635846663876939,0.20598883529171627,0.5240866844176277,0.41643590792836327,0.4668229305824462,3772.4829501470936,18.14736642537956,6.620450025806772
